:020000040801F1
:10000000000002207D6A0108B14D0108B54D0108CC
:10001000B94D0108BD4D0108C14D010800000000A7
:10002000000000000000000000000000C54D0108B5
:10003000C94D010800000000C56A01086169010896
:10004000C56A0108C56A0108C56A0108C56A0108D0
:10005000C56A0108C56A0108C56A0108C56A0108C0
:10006000C56A0108C56A0108C56A0108C56A0108B0
:10007000C56A0108C56A0108C56A0108C56A0108A0
:10008000C56A0108C56A0108C56A0108C56A010890
:10009000C56A0108C56A0108C56A0108C56A010880
:1000A000C56A0108C56A0108C56A0108C56A010870
:1000B000C56A0108494D0108C56A0108C56A0108F9
:1000C000C56A0108C56A0108C56A0108C56A010850
:1000D000C56A0108A9650108C56A0108C56A010861
:1000E000C56A0108C56A0108C56A0108C56A010830
:1000F000C56A0108C56A0108C56A0108C56A010820
:10010000C56A0108C56A0108C56A0108C56A01080F
:10011000C56A0108C56A0108C56A0108C56A0108FF
:10012000C56A0108C56A0108C56A0108C56A0108EF
:10013000C56A0108C56A0108C56A0108C56A0108DF
:10014000C56A0108C56A0108C56A0108C56A0108CF
:10015000C56A0108C56A0108C56A0108C56A0108BF
:10016000C56A0108C56A0108C56A0108C56A0108AF
:10017000C56A0108C56A0108C56A0108C56A01089F
:08018000C56A0108C56A010807
:1001900010B5054C237833B9044B13B10448AFF3C1
:1001A00000800123237010BD3800002000000000F3
:1001B000D46D010808B5034B1BB103490348AFF3E5
:1001C000008008BD000000003C000020D46D010844
:1001D00001F0FF01102A2BDB10F0070F08D010F8F8
:1001E000013B013A8B422DD010F0070F42B3F6D1FC
:1001F000F0B441EA012141EA014122F007047FF015
:1002000000070023F0E80256083C85EA010586EA6B
:10021000010685FA47F5A3FA87F586FA47F6A5FAA7
:1002200087F68EB9EED1F0BC01F0FF0102F00702B3
:1002300032B110F8013B013A83EA010313B1F8D15E
:100240000020704701387047002D06BF354603383F
:10025000073815F0010F07D1013015F4807F02BF78
:10026000013015F4C03F0130F0BC0138704700BFC9
:10027000EC46A0E8F05F4FF000007047B0E8F05F98
:10028000E546080008BF0120704700BF10F8012BA9
:1002900011F8013B012A28BF9A42F7D0D01A7047C3
:1002A00030B583B004466D464168284605F0E6FA4D
:1002B00009492078094C2C2200F020FA034695E8E1
:1002C000030003F120025C6082E80300012283F84E
:1002D0002A2003B030BD00BFA1020108E1020108DD
:1002E00070B500F12005044695E8030005F030FBE9
:1002F000002842D1636A012B95E8030027D005F05E
:1003000051FB94F82A3094F82B20934229D2218B68
:100310000133DBB2084480B29A42208384F82A3049
:1003200025D8656A012D2DD0638B834236D8A38BE7
:10033000834233D3002384F82830294802F084F91B
:100340006369E26813446361A360012070BD05F036
:1003500029FB244B94F82B20188094F82A309342E0
:10036000D5D301239A42208384F82A30D9D9A368AF
:1003700022691344A360012070BDA3681844A060E3
:10038000012070BD174B1B88333B47F6C5729BB2EB
:10039000934213D8144B00221A80CEE794F82830E9
:1003A00094F829200133DBB29A4284F82830C4D86B
:1003B0000E4804F09FF802F0BDF9BBE70A4E3388FF
:1003C00001339BB2042B3380B7D9084804F092F86C
:1003D00002F0B0F9064A002315703380ADE700BF84
:1003E000580000205A0000205C000020F86D010831
:1003F0005E00002038B515490546007800F05EF92A
:10040000044602F095F804F1200393E8030005F098
:10041000E5FA6B686361A360AB6823612B7B84F8AA
:100420002B305A1C84F82A202A69E260D5E905019C
:10043000EA6984F829206083A18303B938BD204686
:100440001F21BDE8384002F07FB900BFA1020108BA
:100450002DE9F041214884B002F0FEF830B3FF23CB
:100460001F4D204F204E8DF80F3029460DF10F0003
:1004700000F070F90446C8B194F82A2094F82B30A3
:100480009A42F2D106F0C6F994F82B3094F82A205B
:10049000934203F101010CD006F0BEF929460DF19B
:1004A0000F0000F057F904460028E5D104B0BDE87C
:1004B000F0816269B4F8188084F82A10019206F07D
:1004C000ABF93046A7F8008004F046FA019A9DF88F
:1004D0000F10434600F0D6FCC7E700BF58000020CD
:1004E000A1020108540000200C6E010830B583B051
:1004F000FF23124D8DF8073006E093E8030005F066
:100500006DFA94F82B305BB929460DF1070000F025
:1005100021F9044600F120030028EED103B030BDDC
:100520006269E16801330A4484F82A306261A2609A
:100530000021204602F008F9E6E700BFA102010809
:1005400008B5044B04482B221A6003F0D3FF02F0D5
:10055000CBF800BF1C0100203C6E010808B506F076
:1005600051F9034B033020F00300186008BD00BFB1
:100570006000002070B50E4E336804461D1806F06A
:1005800045F985420CD83568E31C23F003032B445E
:10059000224600212846336006F014FC284670BD30
:1005A000044B054828221A6003F0A4FF02F09CF8CF
:1005B000600000201C010020586E0108024B1A68E0
:1005C00002601860704700BF7000002010B506F090
:1005D00025F9084B1C682CB122681A6006F022F934
:1005E000204610BD044B05482A221A6003F082FF02
:1005F00002F07AF8700000201C0100206C6E0108E7
:100600000068B0FA80F04009704700BF006870478A
:1006100003460A68002018601AB14A6813604B60EC
:100620007047C1E900330120704700BF03681A68B2
:1006300002601846704700BF00230360704700BF88
:1006400008B5FF294FF00003C0E9003308DC054B73
:100650001B882BB9044B1A788A42B8BF197008BDA1
:10066000FFF76EFF6C000020740000200F4B18880D
:1006700010B4A0B1013815D00D4A0E4B146893F890
:1006800000C00022234619460132634482420B60B7
:10069000F9D102FB0C42084B002111601C605DF88F
:1006A000044B7047024B1C682246F4E76C000020A4
:1006B00078000020740000207000002008B50B4B6B
:1006C0001B78834209D90A4B1B6853F830208A42B1
:1006D00003EBC00001D1406808BD064B06482D223F
:1006E0001A6003F007FF01F0FFFF00BF7C0000204D
:1006F000800000201C010020806E010870B5104BA6
:100700001C7803469C42104611D90E4D1AB2DC00EB
:100710002B6853F8326056B90B4E36883EB943F811
:100720003210FFF727FF2B682344586070BD074B3A
:1007300007482E221A6003F0DDFE01F0D5FF00BF4E
:100740007C000020800000206C0000201C010020A4
:10075000946E010830B50E4A03780E4C126894F876
:1007600000E003F1010C5FFA8CF302EBC30205E039
:1007700052F8084B8C4203F1010C06D05FFA8CF35F
:100780009E451546F4D8002030BD0370686830BD22
:10079000800000207C00002038B50A4C236843B953
:1007A0000568E8B2C000FFF7E5FE074B20601D704A
:1007B00038BD064B06482F221A6003F09BFE01F05D
:1007C00093FF00BF800000207C0000201C0100205F
:1007D000A86E010830B50D4D0D4885B004F0BCF889
:1007E00029880C4B003918BF01211A68039204466E
:1007F000029101F039FF034628880090DDE90212DA
:10080000204600F03FFB05B030BD00BF6C0000206B
:10081000C06E0108640000202DE9F0411E4F3B88A6
:10082000064683BB1D4BDFF88C801D78D8F800404E
:10083000032D9CBF04251D7005F0E8FF0023224610
:100840002C44A04213D30133B3F5805FF7D11D468A
:10085000D8F80000201AFFF78DFE114B3D8018607C
:10086000FFF704FF0F4B32681A60BDE8F08113B147
:100870009DB21446ECE70C4B0C4829221A6003F099
:1008800039FE01F031FF084B09482C221A6003F0B1
:1008900031FE01F029FF00BF6C0000207400002031
:1008A00078000020640000201C010020106F010867
:1008B000FC6E01086000002010B5064804F04CF8FA
:1008C000044605F0F1FF01462046BDE8104000F067
:1008D000D9BA00BF246F010810B582B005F0E4FF5B
:1008E000094A0A4B11681B680446A34288BF0131BC
:1008F0000748019104F030F80199224602B0BDE8A2
:10090000104000F0BFBA00BF880000208400002023
:10091000346F01082DE9F041264D274E2B68274FF3
:1009200001332B603368081A0344B0F5803F0C464E
:10093000336019D23B6800FB00F0FF3003EB10205E
:10094000984238BF4FF0FF3038601D48DFF87C8098
:1009500005F0A2FFD8F8003001461944204605F002
:100960009FFF70B1BDE8F081B0F5801F06D200F1A5
:10097000FF023B68120A00FB0230E1E74FF0FF3054
:10098000E2E7104803F0E8FF3B683268296800F0AE
:1009900079FAD8F80030A34203D90B4A136801331F
:1009A00013600023C8F800403B6033602B60BDE853
:1009B000F08100BF680000208C0000209000002023
:1009C000404B4C004C6F0108880000208400002040
:1009D00008B5044B044831221A6003F08BFD01F086
:1009E00083FE00BF1C0100206C6F010801F090BE67
:1009F00010B50E4B04681B6842689C4282B012D24C
:100A0000D2B21119994201D91A1BD2B208480192E7
:100A100003F0A2FF074B019A2344214602B0BDE830
:100A2000104000F02FBA0022F0E700BF98840108C0
:100A30007C6F0108E8780108F8B5877F04469FB10C
:100A400000252F4601262B46043304EBC30393E80D
:100A5000030005F0FFF801357100EBB200B1374338
:100A6000A27F9A42CEB2EFD8227CBA4207D0637CF2
:100A70007B40DB4382EA0701DBB20B4210D194F9E1
:100A80001C30257F6774002B04DB013DEDB2FF2D88
:100A90001ED02577D4E9023213440120A360F8BDAB
:100AA00022EA03023B401343A27C2374072AE6D8C0
:100AB000511C2244A1740848D37401F0C5FDFF23E2
:100AC0002377D4E90232677413440120A360F8BD90
:100AD000014801F0B9FDDCE79400002010B504796D
:100AE000082C09D8221D08490078D200FFF706FE1D
:100AF000064B8477436010BD054B064825221A60DB
:100B000003F0F8FC01F0F0FDDD0A0108390A0108E4
:100B10001C010020A46F010870B51149054682B080
:100B20000078FFF7CBFD2B79827F9A4204460ED9DD
:100B30006E46D5E9021230461D1D05F063F896E8B1
:100B4000030004EBC50484E8030002B070BD054B4C
:100B5000054826221A6003F0CDFC01F0C5FD00BF58
:100B6000DD0A01081C010020B86F010838B51449DE
:100B700005460078FFF7A2FD044601F0D9FC6B683A
:100B8000A360A968E16000232A7CA374E376FE23B6
:100B9000627422742377EB6863771B0607D401B96C
:100BA00038BD20463021BDE8384001F0CDBD054BB1
:100BB000054827221A6003F09DFC01F095FD00BF57
:100BC000DD0A01081C010020E06F010838B5154955
:100BD00004460078FFF772FD2479C37E054623445E
:100BE000C37605F017FEAB7CA34207D8FE23002294
:100BF000AA742B77BDE8384005F00EBE1B1BD8B297
:100C000005F1130204F112032B44141813F8011F09
:100C100002F8011BA242F9D1A874BDE8384005F0E2
:100C2000FBBD00BFDD0A0108F0B51A4885B001F030
:100C300013FD48B3FF23184D184F8DF80F30294688
:100C40000DF10F00FFF786FD0446E8B1237FFF2B6F
:100C5000F5D105F0DFFDA67CC6B1637F237705F0F3
:100C6000DBFD384603F078FE1334227A9DF80F102E
:100C70000094334600F006F929460DF10F00FFF706
:100C800069FD04460028E1D105B0F0BD05F0C4FDC2
:100C9000D5E700BF94000020DD0A010804700108B8
:100CA000704700BF70B514799668651EA4B3814281
:100CB00033D316F8012B042A20D810F8012B02F0A8
:100CC000600CBCF1600F03F1040E02F07F0408D148
:100CD00064F01F0405E010F8012B02F07F0C4CEAD1
:100CE000C4141206F7D41C60B5B1814215D316F8AE
:100CF000012B042A05F1FF357346DED9072A0CD1F2
:100D0000024612F8014B1019884206D89E464EF84A
:100D1000084B5A60002DEAD170BD024803F0EAFB8F
:100D200001F0E2FC307001082DE9F8438B78052BC7
:100D3000064694461C4666D9053B821CD4180B888F
:100D4000CF784D687F2B00F28C80114603F07F0333
:100D500001F8013B002F53D08C42C0F08A802F4411
:100D600030E05CF8043B03F120027F2A22D903F52E
:100D70008052B2F5804F18D303F50022B2F5001F60
:100D80000ED303F18062B2F1805F04D31A0F62F0D8
:100D90007F0201F8012B5A0D62F07F0201F8012B4E
:100DA0009A0B62F07F0201F8012BDA0962F07F02F0
:100DB00001F8012B03F07F0301F8013BBD421FD076
:100DC0008C4256D315F8013B052B30D0C9D9063BD0
:100DD000012B4ED8E0460B4658F8082B611A914279
:100DE00028BF114603F8011B89460A461846DCF85D
:100DF000041005F0BFFFBD4200EB0901C446DFD17E
:100E0000891BCC1CE3B21D4A337012787270E51E48
:100E10002946304605F014FE030A735526447E2306
:100E200006F8020C06F8013C2046BDE8F8835CF8A1
:100E3000040B03784A1C6BB1944202D817E0944229
:100E40000BD002F8013B10F8013F002BF7D1531AE9
:100E5000013BDBB20B701146B0E7631A013BDBB21A
:100E6000F8E7DA0962F07F028270C21C6DE70023A6
:100E7000F0E7034803F03EFB01F036FC00000020E1
:100E8000487001080FB430B5084D2C7883B0E4B237
:100E90003CB9012307A906982B70019105F066FC67
:100EA0002C7003B0BDE8304004B0704795000020BE
:100EB000014B00221A707047950000202DE9F04B7D
:100EC000804615460C4619B900202860BDE8F08B15
:100ED0002F4E3778FA0711D40429F5D907787B1FEC
:100EE0003B2B05D890F8019029F00F03102B1ED052
:100EF0007E2F36D0337843F00107377022467E21AB
:100F00004046FFF765F950B3A0EB080007F0FE0775
:100F1000013037702860BB071DD447F002033370DF
:100F20001C48FFF7AFFF4FF0FF30BDE8F08BB94230
:100F3000CAD3C31913F8012C7E2AD9D1F91E13F88C
:100F400002BC435C4BEA032B05F07AFD83450DD0D0
:100F500098F80070CCE74FF0FF30BDE8F08B2C60C4
:100F6000D9E701232B604FF0FF30AFE70A49327811
:100F70000B782F6022F002024B453270D0D1013342
:100F800003F00F0343F010030B7001209EE700BF36
:100F90009600002070700108000000202DE9F04B41
:100FA000033900F10209451882B0A94500AF30D2DB
:100FB000DFF8948099F9002099F80040002A6E46E5
:100FC0002BDB09F10100ACB31D4B1B889C4231D2D5
:100FD00008EB0412294693787A609B00073303F4E8
:100FE000FF63ADEB030DEB465B46FFF75BFE2401B1
:100FF000814601F039FB18B17A68D278D30715D54C
:10100000444405F017FCE26858469047B546A945A8
:10101000D0D30837BD46BDE8F08B99F80120E40134
:1010200004F47E5409F102001443CCE701F03AFBCA
:10103000B546ECE7034803F05DFA01F055FB00BF4D
:101040002C8A0108607001089C8401080148FFF7A0
:1010500019BF00BF7070010830B5D0E9004083B0FF
:10106000FFF71EFE054605F0D9FBE3B2012B0FD0BA
:10107000022B10D02978C9B2019105F0D3FB0748A3
:1010800003F06AFC019903B0BDE83040FFF7FABEF7
:10109000298889B2F0E72968EEE700BF7870010877
:1010A00070B50446D0E90050FFF7FAFDA668044683
:1010B00005F0B4FBEBB2012B07D0022B0BD0F6B23C
:1010C0002670BDE8704005F0ADBBB6B22680BDE825
:1010D000704005F0A7BB2660BDE8704005F0A2BBDC
:1010E00010B5D0E9004082B0FFF7DAFD0190054865
:1010F00003F032FC019AE1B202B0BDE81040FFF704
:10110000C1BE00BF8C700108704700BF30B50B49ED
:1011100083B0044628220078FFF7F0FA6D460346B4
:101120006168A26828461C4604F06CFD95E803003F
:1011300004F10C0383E8030003B030BD0D11010876
:1011400038B500F10C03044693E8030004F082FD77
:1011500094F8245088B1ED4305F001058DB994F859
:101160002630013B13F0FF0315D0A268A16984F873
:1011700026300A44A260012038BD05F00105002D8B
:10118000EDD00849E26994F8253084F82630C4E9A6
:101190000112012038BD206A94F8271002F0F2FFF6
:1011A000284638BDA911010800F10C0310B504460A
:1011B00093E8030004F04EFDA36862691A4494F8B2
:1011C000243030B1DB4303F0010333B1A2600120CE
:1011D00010BD03F00103002BF8D1044BE261636002
:1011E0002046BDE81040FFF7ABBF00BF411101082A
:1011F00038B5174905460078FFF760FA044601F054
:1012000097F96B68A360AB68A3612B7B84F82530EA
:10121000CBB12A69626184F826306A690D4B002AD5
:1012200014BF0322022284F82420287E636002F087
:10123000D5FFEB6984F82730206219212046BDE8EC
:10124000384001F081BA84F82430236238BD00BFF1
:101250000D110108A9110108F0B50678104985B0F3
:101260003046FFF72BFA044605F0D4FAE36994F808
:101270002470039305F0D0FA0A4803F06DFB0C3498
:10128000054694E8030004F0E5FC039B0090C7F3D7
:10129000400231462846FFF7F5FD05B0F0BD00BF1E
:1012A0000D1101089C70010830B5D0E9011283B01E
:1012B000003A04466D4618BF0122284604F016FC89
:1012C0000F4920783422FFF719FA034695E8030006
:1012D00003F1180282E80300D4E90221003A18BFA2
:1012E000012209B142F0100283F8302022691A620B
:1012F0000C2103F1280003B0BDE83040FFF7A0B98E
:10130000A91201082DE9F84300F1280804464046D7
:10131000FFF776F9002840F0A0804046FFF786F9F5
:1013200085682E1E18BF012604F1180307463246B1
:1013300093E8030004F026FC3846FFF73FF9C5B1F7
:10134000636AAB4215D9276A002F68D1404646F040
:101350000206FFF755F9002800F0878094F8303036
:10136000676103F010033343A66884F830302E44DD
:1013700026E094F83030B5FA85F283F01003C3F319
:10138000001352099A4225D0276A1FB3A16840462C
:1013900046F004060F44FFF733F9002848D094F8CC
:1013A0003030676103F01003334384F83030B30703
:1013B00026D5A6682E443946304605F071FAF8B1B4
:1013C000636A2B4A5B1BC4E90126C4E9035301206D
:1013D000BDE8F8834046FFF713F9A8B981464046B7
:1013E000FFF714F9476894F83020676146F0040667
:1013F00002F01002164384F83060B9F1000FD8D122
:10140000A7600120BDE8F88394F8303003F01003A2
:101410003343002084F830306061BDE8F883A16870
:10142000404646F006060F44FFF7EAF80028B6D11A
:101430004046FFF7EBF8034638465F68394605F04B
:101440002FFA06F002090028CDD00A4B0A481E22C6
:101450001A6003F04FF801F047F9064B07481D22C8
:101460001A6003F047F801F03FF94FF00209B6E7C0
:10147000811401081C01002004710108D8700108C2
:1014800038B5044600F1180393E8030004F05EFB4E
:1014900094F83030A56883F00103DA074CBFE268A6
:1014A000226984F830305B07154402D4A56001201E
:1014B00038BD6169284605F0F3F90028F6D1034BE1
:1014C00065696360A560012038BD00BF0513010890
:1014D00038B50D4905460078FFF7F0F8044605F0E9
:1014E00099F904F12800FFF78BF828B16B68636263
:1014F000BDE8384005F090B9044B05481F221A603A
:1015000002F0F8FF01F0F0F8A91201081C01002018
:101510003C710108F8B5234906460078FFF7CEF87C
:101520000446FFF753F877684760B3688360054661
:1015300005F070F904F128012846FFF769F8A0B119
:1015400094F830506A071ED445F0040384F8303014
:10155000AB0767610DD4204600F0EAFF124B0F2164
:10156000C4E90137204601F0EFF8BDE8F84005F086
:1015700053B9A068394605F093F90028EBD0BDE8CF
:10158000F84005F049B96069394605F089F9002845
:10159000DAD0064B064820221A6002F0ABFF01F0B9
:1015A000A3F800BFA9120108051301081C010020BF
:1015B00004710108F0B585B0D0E90065876805F0D1
:1015C00073F90446012005F067F92B1B181A00284F
:1015D00007DB01A8CDE901650397FFF79BFF05B085
:1015E000F0BD4FF47A7005F057F90519F1E700BF27
:1015F000F8B5244905460078FFF760F8044600F086
:1016000097FF04F12800FEF7FBFF90B32E7994F8C2
:101610003050371E18BF012704F1180393E8030068
:101620003A4604F0AFFA85F01001B6FA86F35B098A
:10163000C1F300118B4201D0236A2BB905F01005CC
:101640003D4384F83050F8BD05F02EF905F0100543
:10165000236A3D43184445F004050B4B84F8305091
:10166000C4E9013060610E212046BDE8F84001F078
:101670006BB8064B064821221A6002F03BFF01F0CE
:1016800033F800BFA9120108051301081C0100204E
:101690007471010830B583B0FF23124D8DF8073007
:1016A00013E094F8302093E8030002F0100204F0F5
:1016B00069FA94F8303013F0100318BF112304F1C5
:1016C000280084F83030FEF7B7FF29460DF10700F7
:1016D000FFF740F8044600F118030028E1D103B0F9
:1016E00030BD00BFA912010800B5034683B0D3E99D
:1016F0000012684604F0FAF903B05DF804FB00BF7D
:10170000024900781022FEF7F9BF00BF0117010857
:101710000149FEF7D3BF00BF0117010830B5C36808
:101720000D4985B0044603F07F0300780193FEF76E
:10173000C5FF02ADD4E901120446019B284604F01E
:10174000DFFB95E80300237B43F0020384E80300FA
:10175000237305B030BD00BF01170108037B816012
:1017600043F001030373704770B50E4904460078D7
:10177000FEF7A4FF0546A0682479FFF791FA2A7BBB
:10178000D207034606D5A86821461A46BDE8704030
:1017900003F0B2BC95E803002246BDE8704004F0B7
:1017A0002FBC00BF011701082DE9F04383B0067874
:1017B0001949044602AF3046FEF780FF0546A0688F
:1017C00094F80480FFF76CFA247BE21D02F4FC72AB
:1017D000ADEB020D2A7BD20703460DF1080913D5A4
:1017E000A868CDF800901A464146234603F09AFCBB
:1017F0000A4803F0B1F84B4622463146FFF742FB58
:101800000437BD46BDE8F083CDE90049424695E87E
:10181000030004F025FCEBE701170108A47101089F
:101820002DE9F04B84B005463A49007802AFFEF747
:1018300045FF8046A8682C79FFF732FAEE68F20778
:1018400062D4C6F34706386004EB060B2869FFF73D
:1018500027FA0BF1070298F80C307B6022F00702A0
:101860003B68ADEB020D0DF108091946054622460D
:10187000484605F07FFA7B6813F001037B603B6804
:101880002AD109EB04020192009698E8030022464F
:1018900004F0E6FB6EB3013E2E44013C4C44013D96
:1018A000314615F8012F14F8013F23EA0203237093
:1018B00016F8012F8D4243EA02032370F1D17B68B1
:1018C000BBB1D8F808004A465FFA8BF103F014FC6C
:1018D0000837BD46BDE8F08B1A4609EB0403D8F87B
:1018E000080000932146334603F01CFC002ED2D1A1
:1018F000E7E798E803004B465FFA8BF204F080FBC1
:101900000837BD46BDE8F08B034802F0F3FD00F058
:10191000EBFE00BF01170108CC71010870B50A4B3E
:101920001E68002E82B00CDD084D00242A7955F87F
:10193000081B684602F00102013404F0D7F8B442F3
:10194000F4D102B070BD00BF188B0108188B0108DC
:1019500082B070B582B06E4686E80600044696E80E
:101960000300079304F0FCF8E00622D4A10627D474
:1019700062062CD4230631D404F096FF05461A489B
:101980001A4C04F089FFA4FB003405EB944401E0F9
:1019900004F050FF04F088FF214604F081FF002886
:1019A000F6D196E8030002B0BDE8704002B004F042
:1019B000D7B807AB93E8030004F0D2F8A106D7D557
:1019C00009AB93E8030004F0CBF86206D2D50BAB69
:1019D00093E8030004F0C4F82306CDD50DAB93E8DB
:1019E000030004F0BDF8C7E77082030083DE1B43E9
:1019F0002DE9F04B00F1140305468B4693E80300F4
:101A000096B00CAE05F11C0386E8030093E80300D2
:101A10000EAB83E8030005F1240393E8030010AF45
:101A200005F12C0387E8030093E803000DF1480853
:101A300005F1340388E8030093E803000DF1500931
:101A400089E8030001A9099199E8030005AA03ACFC
:101A50002B7A0B920A9482E8030098E8030084E84A
:101A6000030097E80300099A82E803008BEA030069
:101A70000F9B009396E806000E9BFFF769FF4FEA65
:101A80000B132B7204F010FF0446174804F004FFF8
:101A900003461648A0FB032304EB934401E004F043
:101AA000C9FE04F001FF214604F0FAFE0028F6D139
:101AB00099E803000B9B2D7A83E8030098E8030064
:101AC0000A9B83E8030097E80300099B83E803006F
:101AD0000F9C0E9B96E806008BEA05000094FFF72A
:101AE00037FF16B0BDE8F08BB01E040083DE1B4349
:101AF000F0B5314983B005463C220078FEF7FEFD83
:101B00006C46064669682046002203F0EFFF94E821
:101B1000030006F10C0383E8030000222046A968B5
:101B200003F0E4FF94E8030006F1140383E80300E4
:101B300000222046E96803F0D9FF94E8030006F18B
:101B40001C0383E8030000222046296903F0CEFF2E
:101B500094E8030006F1240383E8030000222046F2
:101B6000696903F0C3FF94E8030006F12C0383E8DE
:101B7000030000222046A96903F0B8FF94E803009F
:101B800006F1340383E8030004F044FE04F08CFE05
:101B9000002104463046FFF72BFF04F085FE074680
:101BA00004F03AFEEB693A1B9A4202D22344DB1B53
:101BB000736003B0F0BD00BFF11A01082DE9F843CE
:101BC000174904460078FEF779FD00F10C038046C2
:101BD000002293E8030003F0D5FFD4E90170FFF77A
:101BE0005FF817F0FF07D8E90045064614D000EB70
:101BF000070916F8017B01E004F01CFE04F054FE16
:101C0000001B8542F8D839464046FFF7F1FE04F044
:101C10004BFE4E450446ECD1C8F80040BDE8F883C1
:101C2000F11A01082DE9F843174904460078FEF738
:101C300045FD00F10C038046012293E8030003F008
:101C4000A1FFD4E90170FFF72BF817F0FF07D8E9DF
:101C50000045064614D000EB070916F8017B01E0A9
:101C600004F0E8FD04F020FE001B8542F8D8394658
:101C70004046FFF7BDFE04F017FE4E450446ECD18A
:101C8000C8F80040BDE8F883F11A010870B582B0C9
:101C9000FF231D4D8DF80730002627E093E8030051
:101CA00003F070FF04F1140393E80300002203F033
:101CB00069FF04F11C0393E80300002203F062FFB4
:101CC00004F1240393E80300002203F05BFF04F116
:101CD0002C0393E80300002203F054FF04F13403C3
:101CE00093E80300002203F04DFF267229460DF110
:101CF0000700FEF72FFD0022044600F10C03002828
:101D0000CCD102B070BD00BFF11A01082DE9F04B33
:101D100000F10C0203460D4692E8030084B06F46C2
:101D2000143387E8030093E803000DF1080B8BE8F8
:101D30000300DFF88C90DFF88C8008262B0638D45F
:101D400004F0B2FD0446484604F0A6FDA8FB0023BB
:101D500004EB934401E004F06DFD04F0A5FD214681
:101D600004F09EFD0028F6D197E8030003F0F8FE8A
:101D700004F09AFD0446484604F08EFDA8FB0023BB
:101D800004EB934401E004F055FD04F08DFD214681
:101D900004F086FD0028F6D197E80300013E03F029
:101DA000DFFE6D0016F0FF06EDB2C7D104B0BDE84E
:101DB000F08B9BE80300ED4303F0D2FEEDB2BFE7EA
:101DC000400D030083DE1B43F0B5254983B0054673
:101DD0001C220078FEF792FC6E460446A968304645
:101DE000002203F083FE96E8030004F10C0383E86D
:101DF000030000223046E96803F078FE96E803000D
:101E000004F1140383E8030001223046696803F0FB
:101E10006DFEF8212046FFF779FF20212046FFF7CD
:101E200075FF04F0F7FC04F03FFD00210646204654
:101E3000FFF76CFF04F038FD074604F0EDFC276067
:101E40002B69BA1B9A4202D23344DB1B6360686978
:101E5000824202D20644F71BA76003B0F0BD00BF68
:101E6000C91D01082DE9F04B17460E4617F801BBB6
:101E7000056844680BF0F00191468046FFF746FF85
:101E800001E004F0D7FC04F00FFD401B8442F8D8B9
:101E90004FEA0B1101F0F0014046FFF737FF04F065
:101EA00003FD012ED8F8085004461DD0B31EDBB246
:101EB0000233994417F8016B404606F0F001FFF732
:101EC00025FF01E004F0B6FC04F0EEFC001B8542A7
:101ED000F8D8310101F0F0014046FFF717FF04F098
:101EE000E3FC4F450446E5D1C8F80040BDE8F08B5F
:101EF00070B50B4904460078FEF7E0FBF821054673
:101F0000FFF704FF2679A068FEF7CAFE06B970BD88
:101F1000024631462846BDE87040FFF7A3BF00BF28
:101F2000C91D010870B50B4904460078FEF7C6FBD1
:101F3000FA210546FFF7EAFE2679A068FEF7B0FE13
:101F400006B970BD024631462846BDE87040FFF72D
:101F500089BF00BFC91D010830B583B0FF230D4DF7
:101F60008DF8073009E093E80300143403F00AFE0B
:101F700094E80300002203F005FE29460DF1070056
:101F8000FEF7E8FB0022044600F10C030028EAD12A
:101F900003B030BDC91D010870B582B004466D465E
:101FA00041680022284603F0A1FDA3689EB21B04ED
:101FB00012D406F118020C49207892B2FEF79EFB6B
:101FC000034695E8030083E80300D4E903129E82E8
:101FD00099601A6102B070BD044B05481A221A605C
:101FE00002F088FA00F080FB991F01081C01002014
:101FF000F471010870B5114904460078FEF75EFBE4
:102000000346D4E9026065681C46FEF749FE2B04CE
:1020100001460AD4A28AAB19934206D81635324635
:102020006019BDE8704004F0A5BE054B05481B22B1
:102030001A6002F05FFA00F057FB00BF991F010819
:102040001C010020107201082DE9F04B2DED028BD0
:102050000378624988B0184608EE103AFEF72EFB66
:10206000D0E90354059004F01FFC401B844206D9BC
:1020700004F0E0FB04F018FC401B8442F8D8059DF6
:1020800095E8030005F11602AF8A039706AE86E8CD
:1020900003000492029204F007FCAB68019304462B
:1020A000002F50D0DFF84891029B13F8017B029378
:1020B0004FF008083B064A484BD504F0EDFBA9FB5E
:1020C0000035AD0C04F0F0FB001B8542FAD804F09B
:1020D000A1FB04F0E9FB054696E8030003F036FD9A
:1020E00004F09AFB019B2C1BA3425FD93D4804F0EE
:1020F000D3FBA9FB00347F00A40C04F0D5FB401BEC
:102100008442FAD804F086FB96E8030003F01EFD33
:1021100004F082FB04F0C8FB8346334804F0BCFBA8
:10212000A9FB0034A40C04F0BFFBA0EB0B0084421D
:10213000F9D82C46B8F10108BCD1DDE903231344DA
:10214000029A9A42B0D104F0AFFB059B0122D860FD
:1021500036E004F0A1FBA9FB0035AD0C04F0A4FBB4
:10216000001B8542FAD804F055FB04F09DFB834622
:1021700096E8030003F0EAFC1B4804F08DFBA9FB82
:102180000035AD0C04F090FBA0EB0B008542F9D8B4
:1021900096E8030003F0DAFC04F03EFB019BABEB96
:1021A0000404A34202D97F005C46C3E7002296E8FC
:1021B000030003F0E7FC04F077FB059B0022D860E6
:1021C0000A48019202F0C8FB019A18EE101A08B0F2
:1021D000BDEC028BBDE8F04BFEF754BE991F010821
:1021E000D012130010EB0900400D030030720108FB
:1021F00083DE1B4330B50C4983B004462C220078A3
:10220000FEF77CFA6D4603466168A26828461C46C4
:1022100003F0F8FC95E80300044A04F1240383E882
:102220000300626003B030BDF521010831220108CE
:1022300070B58369044600F1240292E8030003F0BC
:102240000105A66803F006FD854203D0A369E66197
:102250000133A3616069314604F022FB28B9D4E957
:10226000023213440120A36070BD94F8202023693A
:102270000748334442F0010284F82020636100F0F3
:10228000E3F9D4E9023213440120A36070BD00BF1A
:102290009800002038B50A4905460078FEF70EFA86
:1022A000044600F045F96B68A360AA68E260EA683A
:1022B0002046C4E904233821BDE8384000F044BA80
:1022C000F521010870B51C4886B000F0C5F980B34F
:1022D000FF231A4D1A4E8DF8173029460DF11700BD
:1022E000FEF738FA044620B394F82030DB07F4D523
:1022F00004F090FA94F82010A268A369039221F0E8
:10230000010184F820100293E46904F085FA304654
:1023100002F022FBDDE902329DF817100094FEF76F
:10232000B1FD29460DF11700FEF714FA0446002806
:10233000DAD106B070BD00BF98000020F521010879
:102340005472010838B5027B81680446007903F0B5
:102350008DFC0949054620222078FEF7CFF9D4E903
:102360000412064BC560818243600261BDE83840BB
:102370000C211830FEF764B94523010881230108B8
:10238000F8B500F1180604463046FEF74FF9078904
:1023900005463946E06803F04BFD2846FEF70EF986
:1023A0003046FEF72DF960B1A38ABB4224D02069E4
:1023B00000B9F8BDA368114A1844C4E901200120FE
:1023C000F8BD3046FEF722F9A38A4568BB4201D02A
:1023D000236913B9A5600120F8BDA06829461844F7
:1023E00004F05EFA0028F5D0054B064818221A6062
:1023F00002F080F800F078F90020F8BD0924010807
:102400001C0100209072010808B5044B04481722F3
:102410001A6002F06FF800F067F900BF1C0100209D
:10242000C072010870B51C4905460078FEF746F9F0
:102430000646FEF7CBF86B684360AB680381044641
:1024400004F0E8F906F118012046FEF7E1F8054628
:1024500004F0E2F905B970BD304600F069F80F4BA1
:1024600072689A4209D063680D4A3046C6E9012372
:102470002D21BDE8704000F067B96168B06804F0D4
:102480000FFA0028EFD0074B074819221A6002F014
:1024900031F800F029F900BF45230108092401089B
:1024A000812301081C0100209072010870B582B0E0
:1024B000FF230C4D0C4E8DF8073008E0E068A18A30
:1024C00003F0B6FC666004F11800FEF7B5F8294683
:1024D0000DF10700FEF73EF904460028EED102B0E8
:1024E00070BD00BF4523010881230108027A4168BD
:1024F000007803F0BBBB00BF00207047084B0948C1
:1025000010B500221A7204F0C7F9074A0749946807
:102510000346234403F10044012093608C6010BD06
:1025200004000020A08601001C00002028000020DC
:1025300010B5044604F072F90E490B68A34202D1AB
:1025400011E0A3420CD01A461B68002BF9D14B684E
:10255000A34204BF084B4B60BDE8104004F062B9D1
:1025600023681360F3E7054BA2689A6022681A603B
:102570000B60ECE7040000201C000020100000208D
:102580002DE9F8431C4F3E68736830463BBB01F0B1
:10259000C1F9B568336838B39968284604F080F902
:1025A00010B12846BDE8F8837C683368A168D3F889
:1025B00008903B60284604F073F900B13C68A046DF
:1025C00024682846A16804F06BF90028F7D04D462E
:1025D00034607E60C8F800602846BDE8F8839847FC
:1025E000B56833680028D7D17A689D683B60B242ED
:1025F000D7D17B60D5E700BF04000020074B084A15
:102600000849094810B49C6894605DF8044B0A605E
:102610004B601360186004F04DB900BF1C0000202F
:10262000100000200400002028000020014B0022A0
:102630001A72704704000020024B187AC043C0F39E
:10264000C010704704000020024B00221A720123C0
:10265000037070470400002003780246D8B210B11E
:102660000023137001207047024B587A003818BFBE
:10267000012070470400002010B5064802F06CF9F4
:10268000054B064A06491B6812680978BDE81040E8
:10269000FEF7F8BBEC720108A00000209C000020AF
:1026A0000001002008B50A4802F056F9094B0A4A11
:1026B0000A491B6809781268FEF7E4FB084802F033
:1026C0004BF9084B997ABDE80840FEF7DBBB00BF29
:1026D000EC720108A00000209C00002000010020F6
:1026E000207301080400002000B583B0019004F0BD
:1026F00091F801990148FDF7C1FD00BFA400002039
:1027000008B5024801F0F6FEFFF7EEFF447301083A
:1027100008B5064A537A23B1022B1CBF002353721B
:1027200008BD034801F0E6FEFFF7DEFF04000020CD
:102730005C73010808B5034B5B7A03B108BDFFF772
:10274000D3FF00BF040000202DE9F04BDFF8949088
:1027500085680E46074604F061F8D9F800408046C7
:10276000A168284604F09CF870B9264624682846DB
:10277000A16804F095F80028F7D03C603760404627
:10278000BDE8F04B04F04EB804F08EF883460146E5
:10279000284604F085F858B90D4BC9F800309C4222
:1027A00008BF24683C609D601F6004F083F8E6E782
:1027B000084B09481D60094BC3F800B0084B1E7058
:1027C00001F098FE99F80930002BE5D1FFF78CFF56
:1027D00010000020A0000020807301089C00002051
:1027E00000010020040000202DE9F04B82B001F030
:1027F00017FE02F0F3F9384802F0AEF8FEF742FB9C
:1028000004F008F83548FDF733FD0446002843D1AD
:1028100004F002F804F048F8314D324E324FDFF840
:10282000D08083464FF0FF0904F004F895F9083092
:10283000D3B901232B7201F01FFE04F035F80446D2
:1028400021465846FEF766F833680133132B336090
:1028500008D93A780023336022B1802140463B708A
:1028600004F094F9A346DFE704F01EF8ABEB000B8D
:1028700003F0D0FF95F908302BB903F0CDFF04F039
:1028800013F88344D5E785F8089003F0CFFF95F956
:102890000830002BF9D1F0E703F0BCFF04F004F896
:1028A0000F4B5A7A014602B99C720D4C01910223DA
:1028B0006372FFF7A3FE01F0C1FD0123637203F011
:1028C000ABFFFFF7D9FE094802F046F8A27A01995A
:1028D000FEF7D8FA9CE700BF90730108A40000201F
:1028E00004000020040100205E0000209C73010809
:1028F000000C014038B50749054650220078FDF725
:10290000FDFE0446044B2879636000F0AFFD2061B2
:1029100038BD00BFF52801081D29010808B5034688
:1029200004481A7D42F001021A75FFF78DFE00205F
:1029300008BD00BF0801002070B5104905460078A9
:10294000FDF7BCFE04460026FFF7F2FD26756B6816
:1029500003B970BDE36004F1160002F057FF03F005
:1029600059FF03F0A1FFE3681844A06031462046F8
:10297000FFF7EAFEBDE8704003F04EBFF5280108FE
:10298000F0B5134985B006460078FDF797FEB923E8
:102990000546ADF80C3003F087FF012103AB02229E
:1029A0000746286900F0B8FD03F07EFF9DF80D1082
:1029B00021F08001202909D801EB8104C31B317863
:1029C00000943A4605F1160002F03EFF05B0F0BD56
:1029D000F52801082DE9F043534885B0FFF73CFE88
:1029E00088B1FF23514D524E4F4F8DF8033002E016
:1029F000237DDB070AD429460DF10300FDF7AAFE6B
:102A000004460028F4D105B0BDE8F08396E807003D
:102A10000DF1040C6346ACE803008CF8002020693B
:102A20009DF803800922012100F076FDA27E9DF829
:102A3000061002F11B0311F0F000234425D0F0280A
:102A400023D0A118FF221A71DA709A705A70CA76D0
:102A5000A37E0533DBB22E2BA37604D9414604F1C5
:102A6000160002F0D9FE237D23F00103237503F045
:102A7000D1FE03F019FFE3681844A060002120464E
:102A8000FFF762FE03F0C8FEB5E79DF808C01CF032
:102A9000F00001D0F028D4D19DF80A0010F0F00E1B
:102AA00034D19DF80BE0BEF1900FCAD19DF80C9087
:102AB00029F08009B9F1200FC3D801F01F0141EAC4
:102AC00040118000224400F060000CF01F0C9DF8C3
:102AD00005E082F81BE040EA0C0C9DF807005870F6
:102AE0009DF809209A70D97083F804C0A37E05333D
:102AF000DBB22E2BA3760DD8B9F11E0F10D9238B84
:102B0000013323833846FFF79FFD74E7BEF1F00FD2
:102B100097D1C6E7414604F1160002F07DFEEBE7CF
:102B2000B9F1010F9FD9EDE708010020F528010850
:102B3000EC6D010870B5067A032E044610D81049D2
:102B400000785022FDF7DAFD05460E4B20796B60C8
:102B500000F08CFC286100F0D3FC48B16E7570BDAC
:102B6000094B0A4814221A6001F0C4FCFFF7BCFDAF
:102B7000054B074815221A6001F0BCFCFFF7B4FDB5
:102B8000352B0108952B01081C010020C473010896
:102B9000E073010810B5037D5A0704460BD5C37DC9
:102BA0000133C3750648FFF74FFDD4E902321344E1
:102BB0000120A36010BD43F004030375F2E700BFDA
:102BC0000C01002010B4847D521A34B104F1FF3C92
:102BD000012101FA0CF10A44E240FE2A0AD8017FE1
:102BE0004418033162771A0AA377E2775DF8044B41
:102BF00001777047037FC21801219177FF240021DC
:102C00005477D17703335DF8044B0377704700BFE7
:102C100038B50E4904460078FDF750FD0546FFF72C
:102C200087FC00232B75A36803B938BD6368AB60CC
:102C3000A368EB6005F1180002F0E8FDE368AB75EE
:102C400028464A21BDE83840FFF77EBD352B0108F4
:102C50002DE9F04390F800803249054685B04046A2
:102C6000FDF72CFD0446A8682F79FEF719F894F8B3
:102C70001590B9F1020F054623D003F015FE034667
:102C80003A46206901211C462B4600F045FC03F022
:102C90000BFE0646322003F0FFFD331B834288BF44
:102CA0000027B9F1010F18BF26461F4801F054FE56
:102CB00000953B4632464146FEF7E4F805B0BDE8D4
:102CC000F0830DF108092169484600F01DFC99E8E0
:102CD0000300002202F056FF03F0E6FD0646012045
:102CE00003F0DAFD064401E003F0A4FD03F0DCFD8F
:102CF0000146304603F0D4FD0028F5D003F08AFDEC
:102D000099E80300012202F03DFF03F0CDFD0646E5
:102D100003F082FD20692B463A46012100F0FCFBBE
:102D2000C3E700BF352B0108007401082DE9F04B03
:102D3000C44888B0FFF790FC002856D0FF23C24E4D
:102D40008DF80B30002531460DF10B00FDF702FD2B
:102D50000446002849D0237D5F07F4D503F05AFDCF
:102D600094F817B02575E575D4F8088003F054FD84
:102D7000E768A8EB07030193BBF1000F19D04FF0F0
:102D8000FF0902E0BBF1010B13D0237FE1180333ED
:102D9000DBB2302B81F81D908D77CD772377F1D979
:102DA0009DF80B1004F1180002F036FDBBF1010B89
:102DB000EBD194F815B0BBF1000F19D0BBF1010FA6
:102DC00057D0BBF1020F76D0237F302BBBD904F153
:102DD00018009DF80B1002F01FFD31460DF10B009D
:102DE000FDF7B8FC04460028B5D108B0BDE8F08B6B
:102DF0004FF03208ADF8148003F056FD05AB022207
:102E000001210746206900F087FB03F04DFD0346D2
:102E10004046A3EB070803F03FFD80450BD9237F15
:102E2000E218FF2103335177DBB2022182F81FB091
:102E300091772377C9E79DF914209DF81430002A73
:102E40000BDA237FE218FF2103335177DBB2032132
:102E500082F81FB091772377B7E79DF815000199A5
:102E60005B0243EA40033A462046FFF7ABFE237F6E
:102E7000ABE74FF67F63ADF8143003F015FD05ABFB
:102E8000022200218046206900F046FB03F00CFD81
:102E9000A0EB08080746322003F0FEFC804573D9FA
:102EA000237FE218FF2103335177DBB20221D5776C
:102EB0009177237789E70DF10C0B2169584600F0D3
:102EC00023FB9BE80300002202F05CFE03F0ECFC15
:102ED0008146012003F0E0FC814401E003F0AAFCFC
:102EE00003F0E2FC0146484603F0DAFC0028F5D086
:102EF00003F090FC9BE80300012202F043FE03F084
:102F0000D3FC814603F088FC42F284330593ADF88C
:102F10001C50069520690A22012105AB00F0FCFA3D
:102F20000DF115010DF11B00052211F8013F4FF0C5
:102F3000080B5A40530012F0800F08BF520083F074
:102F40001D0314BFDAB2D2B2BBF1010BF2D1884239
:102F5000EBD1D3439DF81D20DBB29A427FF471AFD1
:102F60009DF81C30DB0641D59DF91630002B53DB54
:102F7000237FE218FF2103335177DBB2042182F86B
:102F80001FB09177237720E7C0228DF814208DF8A9
:102F9000155005AB59460222206900F0BDFA9DF894
:102FA00014309DF8151083EA010282EA121282EAB7
:102FB000920282EA520212F001020CD1580621D587
:102FC000237FE1180333CA77FF20DBB2052248775D
:102FD0008A772377F9E6237FE218FF2103335177BD
:102FE000DBB20321D57791772377EEE6237FE218D2
:102FF000FF2103335177DBB2052182F81FB09177AF
:103000002377E2E6890041EA83233A460199204684
:10301000FFF7D8FD237FD8E640F2555003F03CFC83
:10302000A7EB0807B944814510D9237FE218FF2197
:1030300003335177DBB2012182F81FB091772377F8
:10304000C3E600BF0C010020352B01089DF81720B6
:103050009DF816309DF81A00520042EA4322237F61
:10306000E11803338A77C0F34500DBB2120A4877D0
:10307000CA772377A9E600BF38B507490546542229
:103080000078FDF73BFB0446044B28796360FEF7AC
:103090003FFB206138BD00BF79300108A130010835
:1030A00008B5034604481A7E42F001021A76FFF77B
:1030B000CBFA002008BD00BF1001002070B51149F7
:1030C00005460078FDF7FAFA04460026FFF730FAC5
:1030D00026766B6803B970BDE36004F11A0002F054
:1030E00095FB666103F096FB03F0DEFBE368184492
:1030F000A06031462046FFF727FBBDE8704003F093
:103100008BBB00BF7930010870B5214986B00646F7
:103110000078FDF7D3FA3A238DF80C3001220DF137
:1031200013030169CDE90023044603AB03C902F090
:1031300097FF9DF81330DB0602D5A38B0133A383E1
:1031400072238DF8103003F0AFFB05AB22690193B9
:1031500002230093054604AB92E80300012202F02B
:103160007FFF03F0A1FB9DF814C03178431B4FEAA9
:103170000C2C04F11A009DF815400CF4F85C44EA9C
:103180000C042A46009402F05FFB06B070BD00BF3D
:10319000793001082DE9F041364884B0FFF75CFA38
:1031A00080B1FF23344D334E8DF80B3002E0237E87
:1031B000DB070AD429460DF10B00FDF7CBFA0446D4
:1031C0000028F4D104B0BDE8F081E38A9DF80B80BB
:1031D0002F2B1FD903AF74228DF80C2022693B4698
:1031E00004F11F0130270097019192E803000122AA
:1031F00002F036FFE38AA777303BE382414604F1D1
:103200001A0002F009FBE38A2F2B21D93046FFF781
:103210001BFACFE7722223698DF8082003AF022240
:103220000092019793E80300012202AB02F018FF1D
:103230009DF80C309DF80D20A08A1B0203F4F85372
:1032400042EA0301884238BFA1822F29E182C2DC11
:10325000237E23F00103237603F0DCFA03F024FB42
:10326000E3681844A06000212046FFF76DFA03F0E0
:10327000D3FA9FE710010020793001082DE9F041D1
:1032800090F81080B8F1030F84B0054631D800786B
:1032900000F0ECF807461C20FDF76CF902AE04467E
:1032A00069683046012202F0ADFC96E8030084E82C
:1032B00003006E46A9683046002202F017FC96E82B
:1032C000030004F1080383E803000022E9683046A4
:1032D00002F00CFC96E8030004F1100383E80300FD
:1032E0002146384684F8188004B0BDE8F04100F06B
:1032F000F1B8044B044813221A6001F0FBF8FFF701
:10330000F3F900BF1C0100203C740108027E00F1AB
:10331000100393E8030002F0020202F033BC00BF86
:103320002DE9F04B82B0541E07460091E4B2002A0A
:103330004DD003F1FF392344019300F1100600F151
:10334000080819F8015F4FF0080B00241AE096E80E
:10335000030002F005FC05F0800298E8030002F08B
:1033600011FC96E8030002F0FBFB97E8030002F073
:1033700071FC6400E4B26D000443BBF1010BEDB2DB
:10338000E4B21DD03B7EDB0705F08002DFD498E875
:10339000030002F0F7FB96E8030002F0E1FB97E878
:1033A000030002F057FC6400E4B2044396E8030013
:1033B00002F0D6FB6D00BBF1010BEDB2E4B2E1D13E
:1033C000009B0BB189F80040019B4B45B9D102B07D
:1033D000BDE8F08B70B5044682B00F490078142226
:1033E000FDF78CF9A66861686D46B6FA86F2520957
:1033F0000446284602F07AFB95E8030004F108032E
:1034000083E80300002E94F9103014BF0922012232
:103410001343237402B070BDD5330108F8B50D49CC
:1034200004460079FDF74AF9267A0B4906F10802AD
:1034300007462078FDF762F905460671E0682F60BF
:10344000FDF72EFC32460146681DBDE8F84003F04A
:1034500091BC00BFD53301081D3401080249007832
:103460001422FDF74BB900BFD53301080149FDF720
:1034700025B900BFD533010870B50546124900785B
:1034800082B0FDF71BF92A7A032A044613D8037C7D
:1034900013F0060F0FD16E46EB686968304602F0F4
:1034A00041FE96E80300237C43F0040384E8030014
:1034B000237402B070BD054B054811221A6001F05B
:1034C00019F8FFF711F900BFD53301081C010020DE
:1034D0003C74010808B5037C13F0060F04D143F0D7
:1034E00002030374016008BD034B044812221A60F2
:1034F00001F000F8FFF7F8F81C0100203C74010807
:10350000007C00F0010070470831034603C983E8DE
:1035100003001846704700BF2DE9F043057C15F005
:10352000060F83B004460E46174699461DD0A907DC
:103530000DD50068FFF7EAFEEA0735D420684B4650
:103540003A46314603B0BDE8F043FFF7E9BED0E9A3
:10355000000102F039FEEB070AD494E803003B4671
:10356000CDF80090324602F041FE03B0BDE8F08392
:1035700004F10808C5F3C00298E8030002F002FB5A
:10358000CDF8009094E803003B463246ED0802F087
:103590002DFE98E8030085F0010202F0010203B05D
:1035A000BDE8F04302F0EEBA04F1080898E8030021
:1035B000C5F3C00202F0E6FA20684B463A463146AF
:1035C000ED08FFF7ADFEE4E770B506780F4982B06D
:1035D00004463046FDF772F80346D4E901501C4614
:1035E000FDF75EFBEAB2034601212046CDE9002348
:1035F000FFF792FF064801F0AFF9DDE900233146FD
:1036000002B0BDE87040FDF73DBC00BFD5330108F6
:103610005074010830B50A4983B004460078FDF7BC
:103620004DF8227901920546A068FDF739FB019A11
:1036300003460021284603B0BDE83040FFF76CBFC9
:10364000D533010810B582B0FF23154C8DF8073033
:1036500002E0027CD3071AD421460DF10700FDF7E2
:1036600079F80028F5D1FF230E4C8DF8073003E0E0
:1036700002790068FFF750FF21460DF10700FDF7C2
:1036800069F80021431D0028F2D102B010BD82F07C
:103690000802083003C8C2F3C00202F073FADBE785
:1036A000D53301081D34010838B500F1340504464E
:1036B0002846FCF7A5FF10B10020606138BD284600
:1036C000FCF7B4FFB0F90830426823821344E3608A
:1036D00094F84430D90605460FD5A1684389636143
:1036E0000A44A2602A7BD20711D4226B13442363BD
:1036F0002846FCF763FF012038BDA16943890A44CD
:10370000A261A2605A0062612A7BD207EDD5216BCB
:1037100004F128025B1A236392E8030002F016FA10
:10372000E6E700BF70B500F12003044693E803000C
:1037300002F00CFA03F0B8F86369E169013BDA07BB
:10374000636100EB010503D5A5600126304670BD1D
:1037500083B1E268A069B4F9103010441344A06149
:10376000E360294603F09CF80028EDD1A369A3602B
:103770000126EBE72046FFF797FF06460028E5D035
:10378000A068294603F08CF80028DFD0A3684FF426
:103790007A705E1B03F080F84042B042D4DD044BE7
:1037A00004480E221A6000F0A5FEFEF79DFF00BF40
:1037B0001C0100207C7401082DE9F04105463249C6
:1037C000007882B04822FCF799FFEF68002F04468A
:1037D00027DD04226E4680F844206968304602F0F6
:1037E00085F996E8030004F1200383E80300002232
:1037F000A968304602F07AF996E8030004F128033C
:1038000083E803004FF0404323632B69E3611021F9
:1038100004F13400FCF714FF1C4B636002B0BDE8F8
:10382000F0814FF000086E4680F844806968424697
:10383000304602F05BF996E8030004F1200383E8C8
:1038400003004246A968304602F050F996E80300AA
:1038500004F1280383E803004FF0404323632B69FE
:10386000E361102104F13400FCF7EAFEE369002B68
:10387000D2D1002FD0D094F8443043F0100384F814
:10388000443002B0BDE8F081B9370108253701089E
:1038900038B50446A0F13C052846FEF749FE237AD8
:1038A00054F80C1C002244F8342C44F8242C54F80E
:1038B000282CD8064CBF891AA1EB520103F014033F
:1038C000002943F00803C8BF49420022237205F1D2
:1038D000280344F80C1C44F8282C93E8030002F059
:1038E00051F9227AD3060DD5083C03E0FCF79EFE81
:1038F000FCF764FE2046FCF783FE03462046002BBF
:10390000F4D038BD203595E8030002F0040202F03F
:1039100039F9E9E700F1200310B5044693E8030004
:1039200002F014F96369013B0AD0D4E90210B4F93A
:103930001020636101440244C4E90212012010BD59
:103940002046BDE81040FFF7AFBE00BF70B5294963
:1039500005460078FCF7B2FE0646FCF737FE6B68BA
:1039600043602B8943810446002B3BD0EA680281E7
:103970000023037302F04EFF96F8443003F0010178
:10398000C3F34002914205D0227B42F0010283F052
:10399000010322737269D2B91A0711D406F13401F6
:1039A00086F844302046FCF733FE3046FFF77CFEB5
:1039B00030461621FEF7C8FEBDE8704002F02CBF6D
:1039C0002046FCF7FBFDBDE8704002F025BF86F8FD
:1039D000443006F134012046FCF71AFEBDE8704081
:1039E00002F01ABF044B05480F221A6000F082FD56
:1039F000FEF77AFEB93701081C0100209474010813
:103A000038B50C4904460078FCF758FE6368044654
:103A1000002B14BF0225002502F0FCFE94F8443070
:103A200023F002031D4384F84450BDE8384002F0FF
:103A3000F3BE00BFB937010838B50F490546007815
:103A4000FCF73CFE04466D6802F0E4FE63695BB976
:103A500094F84430A56023F00803A56184F844304D
:103A6000BDE8384002F0D8BE044B054810221A6069
:103A700000F040FDFEF738FEB93701081C010020B8
:103A8000AC74010870B506780F493046FCF716FE95
:103A9000054602F0BFFE95F844302C6B6A69DB06E0
:103AA0004CBFA41AA4EB520402F0B6FE002CB8BF1F
:103AB0006442064800F050FF04F140423146BDE840
:103AC0007040FDF7DFB900BFB9370108D4740108B1
:103AD00038B5084904460078FCF7F0FD0546207922
:103AE00000F07CFB05F13C01034ABDE8384000F0E2
:103AF0007BBB00BFB93701089138010830B583B0EE
:103B0000FF230B4D8DF8073006E0FCF795FD0021F3
:103B100004F13C00FFF7BCFE29460DF10700FCF75D
:103B200019FE04463430002CEFD103B030BD00BF85
:103B3000B937010810B504460648FEF785FDD4E9FB
:103B40000231627F42F001020B446277A3600120E0
:103B500010BD00BF1401002010B5047A032C08D852
:103B6000084900782022FCF7C9FD074B0477436021
:103B700010BD064B064803221A6000F0BBFCFEF79E
:103B8000B3FD00BF593B0108353B01081C01002073
:103B9000F474010838B50D4904460078FCF78EFD31
:103BA0000B4B054600221A70FEF7C2FC6368AB603F
:103BB000A368EB6003B938BDE3682B6123696B61CF
:103BC00028464421BDE83840FEF7BEBD593B0108F8
:103BD000110100202DE9F04B3D4886B0FEF73CFD79
:103BE000002849D0FF233B4D3B4FDFF8F0808DF894
:103BF0001330002629460DF11300FCF7ABFD0446F7
:103C0000002839D0637FDA07F4D502F003FE637F22
:103C1000D4F8089023F00103637702F0FDFD237FC1
:103C2000032BE7D8DFE803F046392B02A0699DF8A3
:103C300013B0ADF8146005AB02220121FFF76CFC54
:103C4000BDF8144064BAA4B2384600F085FE23469D
:103C50004A4659460096FDF715F96307CAD540460E
:103C600000F048FCFEF766FD29460DF11300FCF755
:103C700071FD04460028C5D106B0BDE8F08B9DF863
:103C800013100391384600F067FE039900964A46E8
:103C900044F22C03FDF7F6F8ACE79DF813100391FE
:103CA000384600F059FE039900964A460023FDF776
:103CB000E9F89FE79DF813100391384600F04CFE99
:103CC000039900964A464FF0A073FDF7DBF891E7A1
:103CD00014010020593B01081475010850750108B2
:103CE0002DE9F043044685B01A4900783422FCF7E8
:103CF00005FD94F80890D4F80480E768B9F1000253
:103D000002AE054618BF01224146304601F07AFF57
:103D100096E8030005F114036E4683E803000122D0
:103D20003946304601F0E2FE96E8030005F10C0347
:103D300083E80300B9F1000F08BF012322692A625A
:103D400018BF1123B84508BF43F020032B7705B0F7
:103D5000BDE8F083E13C010838B5044600F10C03EE
:103D600093E8030001F0F2FE637F94F81CC094F81E
:103D70001FE0656A0133DBB28CF0010C734584F8F7
:103D80001CC00CF0010C29D204EBD30203F0070194
:103D900092F828200A4102F001029445294607D0F2
:103DA00016E092F82820024102F0010294450FD15A
:103DB0000133DBB2734504EBD30203F0070029445F
:103DC000EFD3A368064A0B44C4E90123012038BDA0
:103DD000A26863770A44A260012038BD2946F0E753
:103DE0004D3E010800F10C0310B5044693E80300B2
:103DF00001F0ACFE02F058FD637F227F0133DBB29D
:103E000082F00102012B2277637719D0042B05D8A9
:103E1000A268236A1344A360012010BDA368626AEC
:103E20001A44801A811C226A48BF411D02EBA1017D
:103E30001844054A61620844C4E90120012010BD0C
:103E4000A268801A6062E4E7593D010810B5837FDB
:103E50000446B3B1027F93060AD4A368606A164A87
:103E6000002103EB80036177C4E90123012010BD29
:103E700000F1140393E8030002F0100201F08EFE3B
:103E8000EBE7037F13F0200F00F10C0393E803002E
:103E90004FF001020CD101F075FE237F074803F0BB
:103EA000300343F009032377FEF7CEFB002010BD5B
:103EB00001F0E4FDF1E700BF453F010818010020D3
:103EC00000F1140310B5044693E8030001F0C2FEAC
:103ED000637F04EBD30C012203F0070102FA01F126
:103EE0009CF8282078B10A43D2B28CF82820A27F0F
:103EF0000133DBB29A4209D9A268616A63770A4446
:103F0000A260012010BD22EA0102EEE7237F13F038
:103F1000200F04F10C0393E803004FF001020CD1D1
:103F200001F030FE237F064803F0300343F009031D
:103F30002377FEF789FB002010BD01F09FFDF1E71C
:103F40001801002000F1140310B5044693E80300A3
:103F500001F080FE237F68B143F004032377637F81
:103F60005A1C3F2B62770FD8A368626A1344012062
:103F7000A36010BD5B07F2D56077114B63602046EC
:103F8000BDE81040FFF79CBF237F0022A27713F00B
:103F9000200F04F10C0393E803004FF001020CD052
:103FA00001F06CFD237F074803F0300343F0090361
:103FB0002377FEF749FB002010BD01F0E3FDF1E798
:103FC000C13E010818010020F8B5264905460078D1
:103FD000FCF774FB037F13F00206044600D0F8BD23
:103FE000A8682F79FCF75CFE0A2F2D7B014631D89B
:103FF0000A2D2FD83A4604F1280002F0BBFE237F99
:10400000667703F0310343F00203ED002377FB00F2
:10401000E377A5772FB194F8283003F03F032A2BDC
:1040200015D0226A104B6262636002F0F3FB02F06B
:104030003BFC0546C82002F02FFC2844A060332139
:104040002046FEF781FBBDE8F84002F0E5BB074BD8
:104050006360EAE7064B074802221A6000F04AFA5A
:10406000FEF742FBE13C0108593D0108E53D01082E
:104070001C0100206C75010870B5184882B0FEF76D
:10408000EBFA48B3FF23164D164E8DF8073029463C
:104090000DF10700FCF75EFB0446E8B1237F1B0728
:1040A000F5D502F0B7FB237F23F00803237702F056
:1040B000B3FB304600F050FCA27F9DF8071004F1DE
:1040C0002803D208FCF7DEFE29460DF10700FCF7B5
:1040D00041FB04460028E1D102B070BD1801002068
:1040E000E13C01088475010830B583B0FF23114D10
:1040F0008DF8073008E003C901F0C0FC237F03F00E
:10410000300343F00103237729460DF10700FCF744
:1041100021FB00F10C01012204460B4640B1207F37
:104120008006E8D493E80300012201F02BFDE5E7C7
:1041300003B030BDE13C010810B50446074894F8CF
:10414000203043F0040384F82030FEF77DFAA368A2
:10415000A26913440120A36010BD00BF200100200C
:1041600008B5242204490078FCF7C8FA034A044B36
:104170004260036108BD00BF614101083941010887
:10418000CD41010870B590F82030DA0704460E469C
:1041900019D5C06984F8211023F0050343F0040306
:1041A00084F8203050B10025D0E900233146E26187
:1041B000C0E900559847E0690028F5D1BDE8704096
:1041C0000148FEF741BA70BD2001002008B5034642
:1041D0000C38997DFFF7D6FF002008BD0149FCF798
:1041E0006DBA00BF6141010870B50C460546164620
:1041F00002F014FB636843B93EB1EB69C4E90036D1
:10420000EC61BDE8704002F00DBB044B0448012294
:104210001A6000F06FF9FEF767FA00BF1C0100207A
:10422000A875010838B51A4905460078FCF746FA22
:10423000044602F0EFFA2046FEF77AF904F10C008A
:10424000FEF776F9E36933B100211A461B68C2E92B
:104250000011002BF9D100220123238484F82220AD
:104260006B68A360AB68C4E9063233B9EB6884F8C5
:104270002230BDE8384002F0CFBA20461D21FEF7BB
:1042800063FAEB6884F82230BDE8384002F0C4BA23
:104290006141010830B5114983B005460078FCF74B
:1042A0000DFA044602F0B6FA94F82030DB0704D485
:1042B00003B0BDE8304002F0AFBA04F10C00019049
:1042C000FEF736F96B68019863611C21FEF73CFA32
:1042D00003B0BDE8304002F09FBA00BF6141010861
:1042E00070B50678134984B005463046FCF7E6F908
:1042F000044602F08FFA29792046FFF743FF204653
:10430000FEF716F9002504F10C00FEF711F994F8F8
:10431000213084F82050039302F07EFA064800F022
:104320001BFB039B00952A463146FCF7ABFD04B00E
:1043300070BD00BF61410108D07501082DE9F04151
:104340001E4886B0FEF788F9A0B3FF231C4E1D4F10
:104350008DF8173031460DF11700FCF7FBF90446D4
:1043600040B394F820305B07F4D502F09DFA05467F
:1043700002F050FA94F8208094F82130039328F04A
:10438000040284F8202002F047FA9DF817100291E9
:10439000384600F0E1FA039B0299009508F001020B
:1043A000FCF770FD31460DF11700FCF7D3F9044618
:1043B0000028D6D106B0BDE8F08100BF2001002062
:1043C00061410108D075010870B5144E82B0FF2319
:1043D00031460DF107008DF80730FCF7BBF90024DA
:1043E0000546C8B1FEF7A4F805F10C00FEF7A0F8E9
:1043F000EB692BB11A461B68C2E90044002BF9D1C6
:10440000EC612C8485F8224031460DF10700FCF761
:10441000A1F905460028E5D102B070BD614101084F
:1044200008B5FCF79BF8FDF779FA01F009FF02F0F7
:104430006FFABDE8084002F0E3B800BF08B5FCF72A
:1044400037FDFCF713F9FDF725F9FFF757FBFFF7E9
:10445000BBFFFCF74BF8FFF7F5F8FEF727F8FFF77F
:1044600043FEFDF779FDFDF711FC02F0E5F9BDE82B
:10447000084002F04BBA00BF08B502F0DBF9FFF7C5
:104480005DFF02F0D7F9FBF7E3FF02F0D3F9FCF789
:10449000CBFB02F0CFF9FFF7EFFD02F0CBF9FDF710
:1044A00011FF02F0C7F9FFF795FB02F0C3F9FEF721
:1044B00091FA02F0BFF9FEF739FC02F0BBF9FEF702
:1044C00069FE02F0B7F900F065FF02F0B3F901F000
:1044D000EFF802F0AFF901F0ABFE02F0ABF902F039
:1044E0009BFA02F0A7F902F0E5F8BDE8084002F0F7
:1044F000A1B900BF10B5C9490446FBF7C7FE0028A3
:1045000000F06281C6492046FBF7C0FE002800F09B
:104510005981C4492046FBF7B9FE002800F05881B4
:10452000C1492046FBF7B2FE002800F04F81BF4989
:104530002046FBF7ABFE002800F04C81BC4920462A
:10454000FBF7A4FE002800F04981BA492046FBF79A
:104550009DFE002800F04481B7492046FBF796FEF7
:10456000002800F03981B5492046FBF78FFE00286E
:1045700000F03881B2492046FBF788FE002800F0A1
:104580003381B0492046FBF781FE002800F02E81E0
:10459000AD492046FBF77AFE002800F02981AB499F
:1045A0002046FBF773FE002800F02481A84920462E
:1045B000FBF76CFE002800F01F81A6492046FBF7A0
:1045C00065FE002800F01A81A3492046FBF75EFE35
:1045D000002800F01581A1492046FBF757FE00286E
:1045E00000F010819E492046FBF750FE002800F0A5
:1045F0000B819C492046FBF749FE002800F006810C
:1046000099492046FBF742FE002800F001819749B6
:104610002046FBF73BFE002800F0FE809449204630
:10462000FBF734FE002800F0F58092492046FBF7A6
:104630002DFE002800F08E818F492046FBF726FED4
:10464000002800F085818D492046FBF71FFE0028D9
:1046500000F07C818A492046FBF718FE002800F014
:10466000738188492046FBF711FE002800F06A811B
:1046700085492046FBF70AFE002800F06181834946
:104680002046FBF703FE002800F0588180492046B1
:10469000FBF7FCFD002800F04F817E492046FBF728
:1046A000F5FD002800F046817B492046FBF7EEFD32
:1046B000002800F03D8179492046FBF7E7FD0028FE
:1046C00000F0348176492046FBF7E0FD002800F039
:1046D0002B8174492046FBF7D9FD002800F0228188
:1046E00071492046FBF7D2FD002800F019816F497F
:1046F0002046FBF7CBFD002800F010816C492046D6
:10470000FBF7C4FD002800F007816A492046FBF74B
:10471000BDFD002800F0FE8067492046FBF7B6FD8E
:10472000002800F0F58065492046FBF7AFFD002822
:1047300000F0EC8062492046FBF7A8FD002800F05D
:10474000E38060492046FBF7A1FD002800F0DA80F5
:104750005D492046FBF79AFD002800F0D1805B49B7
:104760002046FBF793FD002800F0C88058492046FA
:10477000FBF78CFD002800F0BF8056492046FBF770
:1047800085FD002800F0B68053492046FBF77EFDEA
:10479000002800F0AD8051492046FBF777FD002846
:1047A00000F0A4804E492046FBF770FD002800F081
:1047B0009B804C492046FBF769FD002814BFFF2071
:1047C000342010BD032010BD022010BD052010BDF7
:1047D000042010BD062010BD092010BD072010BD0B
:1047E000082010BD0A2010BD0B2010BD0C2010BDEC
:1047F0000D2010BD0E2010BD0F2010BD102010BDCB
:10480000112010BD122010BD132010BD142010BDAA
:10481000152010BD172010BD162010BD5C730108B7
:104820008073010844730108607001084870010832
:10483000307001086C6F010810760108A86E01083D
:10484000946E0108806E0108FC6E01083C6E010840
:104850006C6E0108106F0108586E01087471010830
:10486000047101083C710108D8700108AC7401089A
:10487000947401087C740108A8750108F86D01089A
:104880003C740108CC71010890720108C0720108E3
:10489000E06F0108B86F0108A46F01086C7501088A
:1048A00010720108F47101083C7601085075010886
:1048B000F4740108E0730108C47301084C76010820
:1048C00064760108787601088C760108AC760108D8
:1048D000C4760108D0760108E4760108F476010870
:1048E0000877010834770108332010BD322010BD4D
:1048F000312010BD302010BD2F2010BD2E2010BD46
:104900002D2010BD2C2010BD2B2010BD2A2010BD45
:10491000292010BD282010BD272010BD262010BD45
:10492000252010BD242010BD232010BD222010BD45
:10493000212010BD202010BD1F2010BD1E2010BD45
:104940001D2010BD1C2010BD1B2010BD1A2010BD45
:10495000192010BD182010BD10B56C490446FBF796
:1049600095FC002800F0A28069492046FBF78EFCE8
:10497000002800F0998067492046FBF787FC002853
:1049800000F0988064492046FBF780FC002800F086
:104990008F8062492046FBF779FC002800F08C806C
:1049A0005F492046FBF772FC002800F089805D49D2
:1049B0002046FBF76BFC002800F084805A49204613
:1049C000FBF764FC002879D058492046FBF75EFCD1
:1049D000002879D056492046FBF758FC002875D0AE
:1049E00054492046FBF752FC002871D0524920461A
:1049F000FBF74CFC00286DD050492046FBF746FCE5
:104A0000002869D04E492046FBF740FC002865D0BD
:104A10004C492046FBF73AFC002861D04A49204621
:104A2000FBF734FC00285DD048492046FBF72EFCFC
:104A3000002859D046492046FBF728FC002855D0CD
:104A400044492046FBF722FC002851D04249204629
:104A5000FBF71CFC00284DD040492046FBF716FC14
:104A600000284BD03E492046FBF710FC002843D0DD
:104A70003C492046FBF70AFC002845D03A4920462D
:104A8000FBF704FC00283DD038492046FBF7FEFB2D
:104A9000002835D036492046FBF7F8FB354B002877
:104AA0000CBF1846002010BD334810BD334810BD60
:104AB000334810BD334810BD334810BD334810BDD6
:104AC000334810BD334810BD334810BD334810BDC6
:104AD000334810BD334810BD334810BD334810BDB6
:104AE000334810BD334810BD334810BD334810BDA6
:104AF000334810BD334810BD334810BD334810BD96
:104B0000334810BD334810BD334810BD90730108C1
:104B1000207301089C730108EC7201087C6F010886
:104B20004C6F0108346F0108246F0108C06E010842
:104B30008C70010878700108D47401089C70010819
:104B4000D07501080C6E010850740108A4710108A9
:104B5000047001088475010830720108547201085C
:104B6000147501080074010848770108807701086E
:104B7000E87701088878010898780108907801089A
:104B8000A8780108A078010818780108C078010801
:104B9000B0780108B8780108C8780108D078010811
:104BA000D8780108E0780108207801082878010801
:104BB0003078010838780108407801084878010801
:104BC0005078010858780108687801086078010871
:104BD00080780108787801087078010810B50D4CCC
:104BE00082B00121082001F0D3FF822241F20303A9
:104BF00001A92046ADF80420ADF8063001F064FFAD
:104C00002046802101F0C0FF0221204601F0BCFFB8
:104C100002B010BD000C01404348444AD0F888104F
:104C2000434B41F4700110B4C0F88810116841F092
:104C300001011160546823405360136823F08473AA
:104C400023F480331360136823F4802313605368C4
:104C500023F00F6300204FF41F0123F470235360EF
:104C6000D06210639160D3693249334843F0805376
:104C7000D361CB6843F00103CB60D36923F0805349
:104C8000D361016841F090010160116841F4803105
:104C90004FF6FF73116001E0013B02D011688803F9
:104CA000FAD5224B1A68910339D5234A116821F0AD
:104CB00003011160116841F0040111605A685A60E3
:104CC0005A6842F400525A605A6842F4A0625A602C
:104CD0005A6822F0036222F470225A605A6842F045
:104CE000016242F470225A601A6842F080721A60BF
:104CF0001A689201FCD559680C4A21F003015960E9
:104D0000596841F002015960536803F00C03082B05
:104D1000FAD1054B094A5DF8044B9A607047084B7D
:104D2000084A1A60F5E700BF00ED00E000100240FD
:104D300000C0FFF8007000400020024000000108A1
:104D40003400002000127A0008B51348012101F058
:104D5000B7FF00B908BD01210F4801F0BDFF0F4AA0
:104D60000F49136801338B420BD813600D4B0E496A
:104D70001A6801321A601A688A4284BF00221A60D7
:104D800008BD0A490B780133DBB200203B2B1060D1
:104D900094BF0B700870E9E7000400402C0100206C
:104DA0009F860100240100203F420F0028010020BF
:104DB000704700BFFEE700BFFEE700BFFEE700BF91
:104DC000FEE700BF704700BF704700BF70B500F13D
:104DD00008030646002293E8030000F04FFE756AC0
:104DE00001F062FD04464FF47A7005FB00F001F01B
:104DF00053FD2546154CA4FB003405EB944401F00B
:104E000053FD8442FBD806F1100393E8030001220E
:104E100000F0C4FE756A01F047FD04464FF47A7055
:104E200005FB00F001F038FD2546084CA4FB0034DA
:104E300005EB944401F038FD8442FBD8183696E81F
:104E400003000122BDE8704000F0A8BE83DE1B43D2
:104E50002DE9F04B84B000F118030827029300F10C
:104E600010030193DFF824B1C31906460D460393DE
:104E70004FF47A792B067DD4039B002293E803003C
:104E800000F0FCFDD6F8248001F00EFD044609FB7D
:104E900008F001F001FD6D00ABFB0023EDB204EB67
:104EA000934401F001FD8442FBD8019B012293E869
:104EB000030000F073FED6F8248001F0F5FC0446F0
:104EC00009FB08F001F0E8FCABFB002304EB934482
:104ED00001F0EAFC8442FBD896E80300002200F0CF
:104EE000CDFD013FC6D1029B012293E8030000F0F3
:104EF00055FE756A01F0D8FC04464FF47A7005FB44
:104F000000F001F0C9FC214BA3FB002304EB934408
:104F100001F0CAFC8442FBD8019B012293E8030004
:104F200000F03CFE029B93E8030000F093FE776ADA
:104F3000054601F0B9FC04464FF47A7007FB00F017
:104F400001F0AAFC114BA3FB002304EB934401F0F6
:104F5000ABFC8442FBD896E80300002200F08EFDF3
:104F6000029B012293E8030000F018FE4DB904B043
:104F7000BDE8F08B029B012293E8030000F00EFED7
:104F800080E70348FFF7B6FAFDF7AEFB83DE1B436D
:104F90003C760108F8B5456A0F46064601F084FCE8
:104FA00004464FF47A7005FB00F001F075FC2546CD
:104FB000284CA4FB003405EB944401F075FC8442BA
:104FC000FBD806F1180393E80300012200F0E6FD88
:104FD00006F1100393E80300012200F0DFFD756A7B
:104FE00001F062FC04464FF47A7005FB00F001F01A
:104FF00053FC2546174CA4FB003405EB944401F008
:1050000053FC8442FBD806F1080393E80300002216
:1050100000F034FD756A01F047FC04464FF47A70E5
:1050200005FB00F001F038FC25460A4CA4FB0034D7
:1050300005EB944401F038FC8442FBD896E8030069
:10504000002200F01BFD39463046BDE8F840FFF76E
:10505000FFBE00BF83DE1B432DE9F041054684B04F
:105060000078FCF755FB80462C20FBF783FA2B6970
:105070005B0080F8203041F288321C4B426202AF64
:105080006A6969681A6004460122384600F0BAFD70
:1050900097E8030004F1100383E803006E46696893
:1050A0003046012200F022FD96E8030084E8030068
:1050B0000122A968384600F0A5FD97E8030004F135
:1050C000180383E803000122A968304600F00EFDB2
:1050D00096E8030004F1080383E8030021464046F4
:1050E00004B0BDE8F041FCF739BB00BF300100203F
:1050F000704700BF704700BF70B50D4690F8201094
:1051000006461446FFF746FF3DB1254414F8011B3F
:105110003046FFF79DFEAC42F8D13046BDE8704006
:10512000FFF754BE2DE9F04B84B00D4690F82010E7
:105130001F460C9B03930646144641F00108002DC0
:1051400040F0AA8041463046FFF724FF7B1EDBB2C9
:105150000293002F00F0928006F118030093DFF80D
:10516000509106F110030193009B012293E8030084
:1051700000F014FD082700254FF47A7BD6F8248030
:1051800001F092FB04460BFB08F001F085FBA9FB44
:10519000002304EB934401F087FB8442FBD8019B7E
:1051A000012293E8030000F0F9FCD6F8248001F016
:1051B0007BFB04460BFB08F001F06EFBA9FB002310
:1051C00004EB934401F070FB8442FBD8009B93E80E
:1051D000030000F03FFD6D00EDB20543002296E8AC
:1051E000030000F04BFC013FEDB2C7D1009C01224F
:1051F00094E8030000F0D2FC029B002B44D194E819
:105200000300012200F0CAFC776A01F04DFB04465E
:105210004FF47A7007FB00F001F03EFBA9FB00237E
:1052200004EB934701F040FB8742FBD8019B01222E
:1052300093E8030000F0B2FC776A01F035FB044606
:105240004FF47A7007FB00F001F026FBA9FB002366
:1052500004EB934701F028FB8742FBD8002296E835
:10526000030000F00BFC029B039A013BDBB202F847
:10527000015BFF2B029303927FF476AF304604B0BC
:10528000BDE8F04BFFF7A2BD06F1080393E8030069
:105290003A4600F0F3FBB7E7FFF77CFE254414F82D
:1052A000011B3046FFF7D4FDA542F8D14AE700BF05
:1052B00083DE1B4338B50749054650220078FBF7CB
:1052C0001DFA0446044B28796360FEF7CFF820618D
:1052D00038BD00BFB5520108DD52010808B50346CC
:1052E00004481A7D42F001021A75FDF7ADF900205D
:1052F00008BD00BF3401002070B510490546007894
:10530000FBF7DCF904460026FDF712F926756B68F9
:1053100003B970BDE36004F1160000F077FA01F004
:1053200079FA01F0C1FAE3681844A06031462046DA
:10533000FDF70AFABDE8704001F06EBAB5520108F7
:1053400070B5134984B004460078FBF7B7F9AF2372
:105350000546ADF80C3001F0A7FA03AB0646022271
:1053600028690121FEF7D8F801F09EFA9DF80DC0DA
:1053700021780CF01F0C0CEB4C0C4FEA4C04831BF7
:105380000094324605F1160000F05EFA04B070BDDC
:10539000B55201082DE9F0433E4885B0FDF75CF9B0
:1053A00080B1FF233C4D3B4F8DF8033002E0237D5D
:1053B000DB070AD429460DF10300FBF7CBF90446BD
:1053C0000028F4D105B0BDE8F083AF22002394F8A3
:1053D0001A90ADF80420A822029320698DF80E30AF
:1053E000ADF80C308DF8082002AB0722012109F13D
:1053F0001B069DF80380A144FEF78EF801AB022244
:1054000020690121FEF788F826449DF8093089F8C3
:105410001B309DF80A309DF8052073709DF80B3005
:10542000B3709DF80C30F3709DF80D3033719DF81A
:105430000E307371A37E0633DBB22D2BA37602F000
:105440003F0902F040061CD8384616B1238B0133C1
:105450002383B9F1000F02D1FDF7F6F8AAE7237D07
:1054600023F00103237501F0D5F901F01DFAE3687B
:1054700018440021A0602046FDF766F901F0CCF940
:1054800098E704F11600414600F0C6F93846002EB0
:10549000DFD0DBE734010020B552010838B50749F9
:1054A000054668220078FBF729F90446044B287961
:1054B0006360FCF72DF9206138BD00BF9D540108E1
:1054C000C554010810B5037DD907044602D5028BE7
:1054D000013202839A0707D504F1500393E80300D1
:1054E00000F0B8FB30B9237D054843F00103237574
:1054F000FDF7AAF8D4E9023213440120A36010BDDD
:105500003801002030B5682283B004460F49007886
:10551000FBF7F4F805460E4B20796B60FCF7F8F8C2
:105520000A4928612078FBF7C9F86D46A168012275
:105530000446284600F066FB95E8030004F150039A
:10554000022283E80300227503B030BD9D54010898
:10555000C554010838B50E4905460078FBF7AEF88A
:10556000AB68036604461BB980F85C30836538BDC0
:105570006B684366287BFEF731FE2B6984F85D304B
:105580006A6984F85E20062384F85C30A06538BD23
:105590009D54010870B5094904460078FBF78EF860
:1055A00005460748FFF7D8F995F85C206B6E21682F
:1055B000C2F38002BDE87040FBF764BC9D54010853
:1055C0004877010838B5114905460078FBF776F8A9
:1055D0000446FCF7ADFF237D23F0010323756B68C0
:1055E00003B938BDE36004F1160000F00FF901F0D3
:1055F00011F901F059F9E3681844A06053212046DD
:10560000FDF7A2F8BDE8384001F006B99D54010845
:10561000F0B5264987B006460078FBF74FF8037DC2
:105620009B07054624D401F03FF918238DF8133069
:1056300005AB2A6901930223009307460DF113037A
:1056400092E80300012200F00BFDBDF8144064BA9B
:1056500001F02AF9A4B2641004F004043178009433
:10566000C31B3A4605F1160000F0EEF807B0F0BD96
:1056700001F0D0F801F018F905F15003024693E863
:105680000300039200F0E6FA044601F0C5F8002C8E
:105690000CBF042300233178039A009305F1160010
:1056A000002300F0D1F807B0F0BD00BF9D54010801
:1056B0002DE9F04B534884B0FCF7CEFF00287FD093
:1056C000FF23DFF844818DF80A3041460DF10A00CE
:1056D000FBF740F80446002872D0237DD807F4D5A4
:1056E00003AF022623699DF80AB0CDE900674FF0A9
:1056F00018028DF80B2093E8030001220DF10B0333
:1057000000F0AEFCBDF80C5001F084F8237D6DBABA
:1057100023F00103ADB2237501F07EF82907D4D53B
:1057200094F81A902369009609F11B0525444FF05F
:1057300000028DF80C20019593E8030001223B46FE
:1057400000F08EFC216900960122A8198DF80C202A
:1057500001903B4603C900F083FCA37E94F85C6093
:105760000433DBB27207A3761BD5A144EB7899F81A
:105770001B2043EA02636A78AD7843EA024343EAB6
:105780000525B5F1805F1ED201F08EF8B3070746FC
:1057900027D4236E9D422CD806F0FD0684F85C6069
:1057A000A37E2F2B91D904F11600594600F034F84E
:1057B00041460DF10A00FAF7CDFF044600288CD1CE
:1057C00004B0BDE8F08B4FF0000384F85C3094F82F
:1057D0005E10A06DFEF7D6FCA37E2F2B7FF675AF73
:1057E000E1E7616E01F05CF80028D9D1236E9D429B
:1057F000D2D994F85D10A06D6766FEF7C3FC002651
:10580000CCE700BF380100209D540108002303802D
:1058100043800371704700BF10B584B00446094847
:105820000391FFF799F82346039933F8052B00936A
:105830002379FBF727FB2388002201332271238081
:1058400004B010BDE877010870B5044688B00A4876
:105850000593CDE90621FFF77FF825790C9E07997E
:10586000354401956588029524880094DDE9053268
:10587000FBF708FB08B070BD807701082DE9F04107
:105880002E4A86B006460D460423002401E012F895
:10589000013FAB4207D001340F2CF8D12848FEF766
:1058A00029FEFCF721FF274A274F536943F4704331
:1058B0005361D36A23F4FF7323F0010343F007031A
:1058C000D3624FF0010800234FF460226946384646
:1058D000CDE90033CDE9023204938DF8148001F054
:1058E0006FF9C7F80880BB6D9B06FCD5BB6D23F034
:1058F0008003BB650A2000F0E9FF0523BB60124B63
:105900009A6812F00402FBD1FE2D11D19A680F495A
:1059100042F400029A60D1F8203843F48063C1F861
:105920002038094B3046C6E9003406B0BDE8F081A6
:105930000321284600F0EEFCF3E700BF1C8B0108B2
:105940007876010800100240000802400010004074
:1059500010B582B002AB03E903000368DA0604461F
:105960000AD59B0702D5436B8B4218D0142002B096
:10597000BDE8104000F090BF04230122C9B201F03D
:1059800045F9A36843F00103A360A368142043F41E
:10599000A003A36002B0BDE8104000F07DBF00206E
:1059A00002B010BD026822F002020260026822F01A
:1059B00010020260826882B002AB22F4A00203E906
:1059C00003008260034619B1034AC06C22F811003B
:1059D000D86C80B202B070473C01002010B504467C
:1059E00082B002AB03E9030000F018FF2368DB0676
:1059F00004D402B0BDE8104000F014BF2368019A3F
:105A000023F002032360236823F010032360A368BC
:105A100023F4A003A3601AB1044BE16C23F8121025
:105A2000E36C02B0BDE8104000F0FCBE3C01002079
:105A300070B584B0014601AC01A800F013FC70CC35
:105A400000F0ECFE236833432360236815B1002384
:105A50002E602B6004B0BDE8704000F0E3BE00BFD4
:105A600000B585B0014601A800F0FCFB019A039B3C
:105A70001068184005B05DF804FB00BF2DE9F04147
:105A800082B002AB03E9030005461649019E164B9E
:105A90001746002001E051F8043B9D4214D001302C
:105AA0000728F8D1002400F0B9FE804607B9360473
:105AB00020462E610022012100F02CFC404602B05D
:105AC000BDE8F04100F0AEBE04010023012202E077
:105AD0000133102BE7D002FA03F13142F8D01C4415
:105AE000E1E700BF308B010800080140F0B56F29E5
:105AF00083B00C460546164619D8114B0A0953F8CF
:105B00002270A7B1384600F0F5FB04F00F04012124
:105B100001FA04F4CDE9007402AB13E90300324644
:105B2000FFF7ACFF2846C5E9007403B0F0BD054B94
:105B300005480B221A60FEF7DDFCFCF7D5FD00BF1F
:105B40002C8B01081C0100206476010882B002AB96
:105B500003E90300C3684B40C36002B0704700BF55
:105B600000B583B002AB03E9030000F057FEDDE9A6
:105B70000021D3684B40D36003B05DF804EB00F024
:105B800051BE00BF82B002AB03E903000B460146E1
:105B900002B91B040B6102B0704700BF30B585B07D
:105BA00004AB03E9030004461449039D144B002091
:105BB00001E051F8043B9C4212D001300728F8D193
:105BC0000024019200F02AFE019A05460021204699
:105BD00000F0A0FB284605B0BDE8304000F022BE32
:105BE00004010023012002E00133102BE9D000FA68
:105BF00003F12942F8D01C44E3E700BF308B0108D1
:105C00000008014070B56F2982B0044614D80E4BCD
:105C1000080953F820607EB101F00F0101258D4085
:105C2000CDE9006502AB13E90300FFF7B7FF20469B
:105C3000C4E9006502B070BD044B05480C221A602F
:105C4000FEF758FCFCF750FD2C8B01081C010020CE
:105C50004C760108826882B00A4202AB03E9030075
:105C600014BF0120002002B0704700BF70B56A4C1D
:105C70000E461546002304F1C00C03E008346445C9
:105C800037D023799842F9D1206800F02FFB634B7D
:105C9000B3FBF0F0012888BF4008C0EBC010400003
:105CA000B042B6FBF0F322D94FF6FF769E4228BFF2
:105CB0001E462079A179002200F02CFB2068FFF716
:105CC000CFFE002800F0938023681A68D20718D509
:105CD0001A8DB6B292B2B24240F08D806279013A2A
:105CE000032A00F29080DFE802F0674C31165E1E56
:105CF000DFE74B4B4B4808221A60FEF7FBFBFCF733
:105D0000F3FCFE22B6B21E859A859A8A92B242F0C0
:105D100001029A82E2E71A6A22F480521A629A8B8E
:105D200022F4E6421204120C9A839A8B92B242F445
:105D3000D8429A831D641A6A42F480521A621A6821
:105D400042F0010203F140001A6070BD1A6A22F4A9
:105D500080721A629A8B22F073021204120C9A83D8
:105D60009A8B92B242F06C029A83DD631A6A42F413
:105D700080721A621A6842F0010203F13C001A6054
:105D800070BD1A6A22F010021A621A8B22F4E642DF
:105D90001204120C1A831A8B92B242F4D8421A835C
:105DA0009D631A6A42F010021A621A6842F00102F8
:105DB00003F138001A6070BD1A6A22F001021A62FB
:105DC0001A8B22F073021204120C1A831A8B92B2ED
:105DD00042F06C021A835D631A6A42F001021A6291
:105DE0001A6842F0010203F134001A6070BD2068A5
:105DF000FFF71EFE68E70A4B0B4809221A60FEF700
:105E000079FBFCF771FC064B08480A221A60FEF782
:105E100071FBFCF769FC00BF488B01080044950842
:105E20001C0100203477010808770108F476010886
:105E300001607047F8B505460C4617461E4605E05A
:105E400000F032FD314600F02BFD50B1B5F814C022
:105E50001FFA8CFC34EA0C03F2D11CEA070FEFD1D5
:105E6000F8BD044B044806221A60FEF743FBFCF71A
:105E70003BFC00BF1C010020C4760108F8B51646A3
:105E800040F201120D4604460280012100221F4605
:105E9000FFF7D0FFABB215F00102238219D02188A1
:105EA00089B241F480613B460022218020460221D4
:105EB000FFF7C0FF00F0B2FC258B012E08BF40F2B7
:105EC0000123ADB208BF238000F0ACFCEB070AD57C
:105ED000F8BD3B4602212046FFF7ACFF00F09EFCD8
:105EE000258BADB2F0E7044B044807221A60FEF799
:105EF00001FBFCF7F9FB00BF1C010020AC76010898
:105F000002292DE9F8430F4604461D4665D8DFF8FF
:105F1000EC9059F831603046FFF7A2FD804628B179
:105F20006D00257126602046BDE8F88309EBC707A0
:105F30003046FFF77DFD97F804907F7948460122AF
:105F400040F2011100F0E6F93846012240F2011159
:105F500000F0E0F938464FF0FF3240F2011100F056
:105F6000D9F948464FF0FF3240F2011100F0D2F962
:105F70004846012240F2011100F0CCF938460122D6
:105F800040F2011100F0C6F9484601224FF4A17118
:105F900000F0C0F9012238464FF4A17100F0BAF9BF
:105FA0004FF4004333803046A6F8008000F09EF99D
:105FB0000E4B2660A3FB00230D4A80099B0CA2FB1D
:105FC00000206D00B3808009013301222571B08368
:105FD000338420463280BDE8F883064B064805220C
:105FE0001A60FEF787FAFCF77FFB00BF83DE1B43D6
:105FF000632D3E051C010020D0760108088C0108A5
:10600000F0B583B002AC04E9030017461C46054610
:1060100000F04AFC064641F2883000F03DFC0644A0
:106020009DF8041033463A462846FFF727FF5FB134
:10603000274414F8011B2982334600228021284678
:10604000FFF7F8FEBC42F4D140F201232B808022FE
:1060500033460021284603B0BDE8F040FFF7EABE12
:106060002DE9F04B84B004AC04E903000D999DF8D0
:106070000C90019115461C469DF83070064600F0C4
:1060800013FC804641F2883000F006FC49F0010B19
:106090008044A5BB594643463A4630467D1EFFF72D
:1060A000EDFEEDB217B3019B03F1010909E000F029
:1060B000B9FB6A1E09F8014CD2B2BDB109F1010960
:1060C00015460022434640213046FFF7B3FE00F05C
:1060D000A5FB328A012DD4B2E9D140F201233380ED
:1060E00000F0A0FB09F8014C0022E7E743464022FC
:1060F0000021304604B0BDE8F04BFFF79BBE2A46B6
:106100004946434630466519FFF7B8FE14F8013B8F
:1061100033820022434680213046FFF78BFEAC429B
:10612000F4D1B7E72DE9F04B042982B08846064642
:1061300015461C463AD8DFF88CB05BF8317038460B
:10614000FFF78EFC8146A8B1384600F0CFF8002159
:106150000B46013120FA01FCA44525D90829F7D1C5
:1061600038232B4343F451733046C6E9007302B021
:10617000BDE8F08B0BEBC8083846FFF759FC98F8E0
:10618000071098F804000191012200F0C3F801996A
:1061900098F805004A4600F0BDF8019998F8060005
:1061A0004A4600F0B7F8CFE7DB00DAE7034B0448D4
:1061B00004221A60FEF79EF9FCF796FA1C010020F3
:1061C000E4760108208C010882B002AB03E90300E9
:1061D00003889BB2994206D023F040039BB2038010
:1061E00089B20388018002B0704700BF10B483B049
:1061F00002AC04E90300581E049C00995FFA80FC7D
:106200006BB1601EA44410F8013F0B730B89DB07D0
:10621000FCD50B7BDBB202B103706045F3D10B8977
:1062200003F08203022BFAD103B05DF8044B7047F0
:10623000024B4AF6AA221A60704700BF00300040A5
:10624000074B10B4002045F2555440F6FF714CF650
:10625000CC421C6058605DF8044B99601A6070472E
:10626000003000401A4B994210B420D2194B994289
:106270000DD801F14041184C184A890A012303FA4C
:1062800001F1C0E9004281605DF8044B704701F103
:106290003F4101F57F01124C124A890A012303FA9A
:1062A00001F1C0E9004281605DF8044B704701F1E3
:1062B0004041A1F5C0310C4A890A0123002403FAA8
:1062C00001F1C0E9002481605DF8044B704700BF14
:1062D00000800140FFFF00401C10024010100240EF
:1062E000181002400C100240141002400048704781
:1062F00000A24A04064A00F13F4000F57F00916980
:106300000123800A03FA00F0084390619369704703
:106310000010024070B58E4B8E4D0409AE6953F8E3
:10632000244004F13F4303F57F034FEA932C0123FC
:1063300003FA0CF33343AB61AB6900F007039B0036
:106340000F2500F00F0C05FA03FE002959D12AB3DE
:10635000082505FA03F3050725D5656825EA0E0526
:106360002B43002A636025DD012303FA0CF323612C
:10637000A0F10D03012B29D9C1F3031101294ED03E
:10638000022900F08280042974D0052953D00729FE
:1063900000F0A080092900F0B18070BD042505FA45
:1063A00003F30507D9D4256825EA0E052B43002AF7
:1063B0002360D9DCDCD00CF110034FF0010C0CFA97
:1063C00003F32361A0F10D03012BD5D8624A634C7E
:1063D0001368C1F3031123F0E06343F080630129E4
:1063E00013606360D9D00229CDD1A0F12603032B1D
:1063F00064D8594A5949136843F4406313604B60A9
:1064000070BD012933D040F20115A9424BD00329B8
:106410002BD0CE054BD50D2505FA03F39BE70F28AE
:1064200014D14D4A4D49136823F4407343F48073EB
:1064300013604B6070BD13380228AED8464A4749F6
:10644000136843F0010313604B6070BD1328E8D05C
:106450001A380128A1D8404A4049136823F44073F0
:1064600043F4007313604B6070BD002373E701FABF
:1064700003F370E7183801288FD8374A3749136873
:1064800043F0020313604B6070BDA0F11403012BB5
:10649000ABD8314A3149136823F4406343F40063B5
:1064A00013604B6070BD052505FA03F353E7002A1E
:1064B0003FF74EAF092505FA03F34CE73C380328B4
:1064C0003FF66BAF244A2549136843F480531360A9
:1064D0004B6070BDA0F11603012B1FD9A0F135034D
:1064E000012B2DD9383801283FF657AF1A4A1B49DE
:1064F000136843F0300313604B6070BDA0F11803C4
:10650000012B13D9303801283FF647AF124A1349FF
:10651000136843F4C04313604B6070BD0E4A0F49CB
:10652000136843F0040313604B6070BD0A4A0B49C3
:10653000136823F4C04343F4804313604B6070BD81
:10654000054A0649136843F0080313604B6070BDA9
:106550002C8B0108001002405C010020000001406B
:10656000704700BF10B5FEF757FB002383F3108878
:1065700062B6094C094B0A4A9A602046FFF758FA5E
:10658000084A136823F0E06343F00073136063600C
:10659000BDE81040FCF728B90000014000ED00E024
:1065A000000001085C01002010B5104A138803F0B8
:1065B000280182B09CB239B9220603D50B4CA389BD
:1065C0001B0606D402B010BD908880B200F042F8DD
:1065D000F2E70DF1070000F051F818B142F22C0378
:1065E000A381EFE79DF80730A380EBE70038014077
:1065F000024B42F2AC029A81704700BF0038014062
:1066000038B5114C2046FFF713FA2046FFF76EFE0F
:106610000E4A0F4B00F5E130A2FB0020400C42F285
:106620002C0220810025A281202283F8255372218B
:106630005A600A200122FFF76DFE2A467221BDE84A
:1066400038400920FFF766BE00380140C5B3A2916B
:1066500000E100E07E2838B5054608D0054A1378E9
:10666000BF2B03D8044C591CE554117038BDFBF7FF
:10667000DDFFF3E7200200206001002010B40A4B88
:106680000A4993F800C00A789445034608D9084C93
:10669000501CA25C087000201A705DF8044B704713
:1066A0004FF0FF30F9E700BF840200208502002090
:1066B000240200202DE9F04B294E317882B0C9B276
:1066C000284F01AA3846FAF7F9FB051E03DC35D13D
:1066D00002B0BDE8F08B01993846FAF75FFCDDF8AF
:1066E00004804FF0000B3478E4B2B4EB080910D109
:1066F00000F094F83378DBB29C421CD186F800900D
:1067000000F090F8002DE3DDFAF7A0FC02B0BDE840
:10671000F08B08EB0B01A9EB0B02394407EB0B00E4
:1067200000F036FBFBF782FF00F078F83378CB46B9
:10673000DBB29C42E2D000F075F8D4E7DDF80480CB
:10674000B8F1200FCDD108494246384600F002FB8F
:106750000028C6D1FFF704FFDDF80480C1E700BFC1
:106760002002002060010020488C01082DE9F04B38
:10677000214F3B7805460E46DBB2DFF8808098F863
:106780000040E4B2A34204D3002488F800403C70E7
:10679000234695F802C0A444BCF1600F28D9ACEBA5
:1067A0000303602B01D9BDE8F08B4FF0000B88F894
:1067B00000B03978C9B2DFF84890641A22464944DB
:1067C000484600F0E5FA87F800B0E7B288F80070B4
:1067D000FFF70EFF09EB040032462946FAF7A4FA48
:1067E0003844C0B288F80000BDE8F04BFFF700BFA6
:1067F000DFF80C90E7B2EDE785020020840200206C
:1068000024020020004870478C0200200048704796
:1068100000F8012072B6704762B67047EFF310803F
:1068200072B6704780F31088704700BF62B600BF31
:1068300072B67047704700BFEFF30383C3F30803DA
:1068400043B14FF080736FF0060208B401A102B4A7
:106850001FB51047704700BF08B501214FF0C05069
:1068600000F0A2F9012000F03DFA41F234210420A9
:1068700000F03EFABFF34F8F0549064BCA6802F499
:10688000E0621343CB60BFF34F8F00BFFDE700BF53
:1068900000ED00E00400FA0500EBC00000017047C5
:1068A000401AC00F704700BF014B5868704700BFC7
:1068B000001000E04FF0E023034900224FF0806019
:1068C0005A619A614860704700ED00E00D4BD3F8C3
:1068D000FC20D2010AD4D3F8FC200B4942F080728C
:1068E000C3F8FC200B6843F001030B6006494A68BB
:1068F00000EBC00002EB00124B689B1A002BFBDB85
:10690000704700BF00ED00E0001000E0704700BFDE
:1069100038B5104C104BD4F8FC2042F08072C4F80B
:10692000FC201A68002542F001021A605D60FFF742
:1069300075FF4FF0E023202284F8232007221A61FC
:106940004FF080625D619D616260BDE83840FFF795
:1069500069BF00BF00ED00E0001000E00000000093
:106960002DE9F04BDFF8A480274FDFF8A490DFF883
:10697000A4B082B0FFF74EFFD8F8006005E0FFF743
:106980004BFF002D1EDCFFF745FFFBF7F9FD7B6891
:10699000C51AB5F5907F04462A4622DCF21A002A71
:1069A000EDDA4D4528DB0193FBF746FE019B90B9DC
:1069B00003F58C3606F5A076C8F80060FFF72CFFCB
:1069C000002DE0DD7B68E31A002BDCDD7B68E31A39
:1069D000002BD8DDF6E703F56153C8F800304FF41B
:1069E00034724FF0E02300215A619961596102B07D
:1069F000BDE8F04BFFF710BF58460193FDF77AFD55
:106A0000FBF798FE019BCEE7001000E08802002013
:106A100080CDFDFF8C760108074B10B55C68FFF751
:106A2000F9FE064A13681B1B002BB8BF1460BDE8B3
:106A30001040FFF7F1BE00BF001000E08802002008
:106A400000B58446A9B100EB010E4FF6FF701CF8AB
:106A5000013B434083EA0313DBB2010ADA0041EA57
:106A60000321F44582EA131381EA0300EFD15DF8B4
:106A700004FB4FF6FF705DF804FB00BF002103E04C
:106A80000B4B5B58435004310A480B4B42189A4257
:106A9000F6D30A4A02E0002342F8043B084B9A422C
:106AA000F9D3FEF7B9F800F031F9FFF75BFD704755
:106AB000748C0108000000203800002038000020FD
:106AC0008C020020FEE700002DE9F04191F803C0A0
:106AD0001CF0100F18BF8B7809880CF00F0418BF3A
:106AE0001C43CBB21BB30568002301264FF00F08EF
:106AF00002E00133082B19D006FA03F232EA01074B
:106B0000F7D14FEA830E08FA0EF725EA070504FAD3
:106B10000EFEBCF1280F4EEA050531D0BCF1480F3E
:106B200003F1010308BF0261082BE5D10560FF29CD
:106B300024D94568002301260F2702E00133082BE2
:106B40001BD003F1080206FA02F232EA010EF5D177
:106B50004FEA830E07FA0EF825EA080504FA0EFE3E
:106B6000BCF1280F4EEA05050CD0BCF1480F03F12B
:106B7000010308BF0261082BE3D14560BDE8F08145
:106B80004261B6E74261D9E70161704741617047F0
:106B9000044A936911B118439061704723EA0000D9
:106BA0009061704700100240044AD36911B1184344
:106BB000D061704723EA0000D061704700100240A6
:106BC000426810B4D1E9003422F4702222F48072B9
:106BD00043EA042313434360D1E9032313438A6840
:106BE000846843EA4203084A2240134383600A7DD3
:106BF000C36A5DF8044B013A23F47003D2B243EA4E
:106C00000253C362704700BFFDF7F1FF122910B5B0
:106C100041D009291ED8046901EB410E4FF0070C41
:106C20000CFA0EFC03FA0EF324EA0C04234303616E
:106C3000062A21D8013A436B02EB82024FF01F0C67
:106C40000CFA02FC23EA0C0C01FA02F343EA0C03EF
:106C5000436310BDA1F10A0CC4680CEB4C0C4FF05F
:106C6000070E03FA0CF30EFA0CFC24EA0C0C43EAB0
:106C70000C03062AC360DDD90C2A13D8073A036B2C
:106C800002EB82021F24944023EA040401FA02F377
:106C90002343036310BDC46D24F0070C43EA0C03C7
:106CA000C365C5E70D3AC36A02EB82021F24944014
:106CB00023EA040401FA02F32343C36210BD00BFB8
:106CC0000369828913EA010092B203D00A4214BF19
:106CD00001200020704700BF036923EA0101016120
:106CE000704700BF014B1862704700BF00000E42A2
:106CF00082B0054B002201920193019B1844019040
:106D0000019B196002B07047006C004070B50D4DDA
:106D10000D4C641BA4100026A64209D10B4D0C4C4F
:106D200000F058F8641BA4100026A64205D170BDDF
:106D300055F8043B98470136EEE755F8043B984771
:106D40000136F2E76C8C01086C8C01086C8C010830
:106D5000708C010810B501390244904201D1002025
:106D600005E0037811F8014FA34201D0181B10BDB4
:106D70000130F2E70A44914200F1FF3300D170473D
:106D800010B511F8014B03F8014F9142F9D110BD34
:106D9000884210B501EB020402D98442234607D889
:106DA000431EA14208D011F8012B03F8012FF8E788
:106DB000024401468A4200D110BD13F8014D02F889
:106DC000014DF7E702440346934200D1704703F8B0
:106DD000011BF9E7F8B500BFF8BC08BC9E46704738
:0C6DE000F8B500BFF8BC08BC9E46704728
:106DEC00F2000000000000000000000041444320BD
:106DFC006F7574206F662072616E6765000000000D
:106E0C00616E616C6F675F696E5F7374617465202E
:106E1C006F69643D2563206E6578745F636C6F6386
:106E2C006B3D25752076616C75653D256875000098
:106E3C00496E76616C6964206D6F76652072657140
:106E4C00756573742073697A65000000616C6C6FF2
:106E5C00635F6368756E6B206661696C65640000C6
:106E6C004D6F7665207175657565206F76657266F8
:106E7C006C6F7700496E76616C6964206F69642071
:106E8C00747970650000000043616E277420617393
:106E9C007369676E206F6964000000006F6964732A
:106EAC0020616C726561647920616C6C6F636174D4
:106EBC0065640000636F6E6669672069735F636F5A
:106ECC006E6669673D2563206372633D2575206995
:106EDC00735F73687574646F776E3D2563206D6F97
:106EEC0076655F636F756E743D25687500000000F4
:106EFC00416C72656164792066696E616C697A6552
:106F0C0064000000616C6C6F635F6368756E6B731B
:106F1C00206661696C656400636C6F636B20636CE5
:106F2C006F636B3D25750000757074696D65206825
:106F3C006967683D257520636C6F636B3D25750033
:106F4C00737461747320636F756E743D2575207353
:106F5C00756D3D25752073756D73713D257500003C
:106F6C00436F6D6D616E642072657175657374002D
:106F7C006964656E746966795F726573706F6E7340
:106F8C0065206F66667365743D2575206461746158
:106F9C003D252E2A730000004D6178206F66203845
:106FAC0020627574746F6E7300000000536574205A
:106FBC00627574746F6E2070617374206D61786982
:106FCC006D756D20627574746F6E20636F756E7461
:106FDC0000000000496E76616C69642062757474FF
:106FEC006F6E732072657472616E736D6974206359
:106FFC006F756E7400000000627574746F6E735F51
:10700C007374617465206F69643D25632061636BE3
:10701C005F636F756E743D25632073746174653D99
:10702C00252A7300436F6D6D616E642070617273FD
:10703C006572206572726F72000000004D6573738B
:10704C0061676520656E636F6465206572726F722F
:10705C0000000000496E76616C696420636F6D6D91
:10706C00616E64000000050000000000646562753C
:10707C00675F726573756C742076616C3D25750065
:10708C00706F6E6720646174613D252A7300000087
:10709C00656E6473746F705F7374617465206F696F
:1070AC00643D256320686F6D696E673D2563206EB6
:1070BC006578745F636C6F636B3D25752070696ECA
:1070CC005F76616C75653D25630000004D697373D7
:1070DC006564207363686564756C696E67206F66A0
:1070EC00206E657874206469676974616C206F75B3
:1070FC0074206576656E74005363686564756C65A1
:10710C0064206469676974616C206F75742065769E
:10711C00656E742077696C6C206578636565642096
:10712C006D61785F6475726174696F6E0000000048
:10713C0043616E206E6F742073657420736F667478
:10714C002070776D206379636C65207469636B7351
:10715C00207768696C652075706461746573207044
:10716C00656E64696E6700007570646174655F6458
:10717C0069676974616C5F6F7574206E6F742076CB
:10718C00616C6964207769746820616374697665E1
:10719C0020717565756500006932635F72656164A5
:1071AC005F726573706F6E7365206F69643D2563E4
:1071BC0020726573706F6E73653D252A7300000035
:1071CC006932635F6D6F646966795F626974733A83
:1071DC00204F6464206E756D626572206F6620624C
:1071EC006974732100000000496E76616C6964203B
:1071FC006E656F706978656C20646174615F73692A
:10720C007A650000496E76616C6964206E656F70FA
:10721C006978656C2075706461746520636F6D6D41
:10722C00616E64006E656F706978656C5F72657312
:10723C00756C74206F69643D256320737563636599
:10724C0073733D2563000000636F756E7465725F28
:10725C007374617465206F69643D2563206E657875
:10726C00745F636C6F636B3D257520636F756E7413
:10727C003D257520636F756E745F636C6F636B3D3A
:10728C00257500005363686564756C6564207077C0
:10729C006D206576656E742077696C6C20657863FB
:1072AC00656564206D61785F6475726174696F6E79
:1072BC00000000004D697373656420736368656436
:1072CC00756C696E67206F66206E657874206861D6
:1072DC0072642070776D206576656E740000000016
:1072EC004578626F61726420636C6F73653D2568CD
:1072FC007520436C6F73655F6E756D3D25687520E9
:10730C0054656D705F77616B6574696D653D25685B
:10731C007500000069735F73687574646F776E2015
:10732C007374617469635F737472696E675F6964A7
:10733C003D2568750000000073656E74696E656CA0
:10734C002074696D65722063616C6C65640000006B
:10735C0053687574646F776E20636C6561726564D5
:10736C00207768656E206E6F742073687574646F17
:10737C00776E000054696D657220746F6F20636CBA
:10738C006F7365007374617274696E67000000003E
:10739C0073687574646F776E20636C6F636B3D25D7
:1073AC0075207374617469635F737472696E675F5F
:1073BC0069643D2568750000496E76616C696420CE
:1073CC007370695F616E676C6520636869702074A7
:1073DC0079706500616E676C652073656E736F7292
:1073EC002072657175697265732063732070696EA4
:1073FC00000000007370695F616E676C655F74728A
:10740C00616E736665725F726573706F6E73652003
:10741C006F69643D256320636C6F636B3D2575203C
:10742C00726573706F6E73653D252A7300000000E2
:10743C00496E76616C69642073706920636F6E6647
:10744C00696700007370695F7472616E7366657250
:10745C005F726573706F6E7365206F69643D256331
:10746C0020726573706F6E73653D252A7300000082
:10747C005374657070657220746F6F206661722032
:10748C00696E207061737400496E76616C6964205A
:10749C00636F756E7420706172616D6574657200D6
:1074AC0043616E27742072657365742074696D6511
:1074BC00207768656E2073746570706572206163E7
:1074CC007469766500000000737465707065725F96
:1074DC00706F736974696F6E206F69643D256320EA
:1074EC00706F733D25690000496E76616C6964208C
:1074FC00746865726D6F636F75706C652063686915
:10750C007020747970650000746865726D6F636FBC
:10751C0075706C655F726573756C74206F69643D12
:10752C002563206E6578745F636C6F636B3D2575A6
:10753C002076616C75653D2575206661756C743DB2
:10754C0025630000546865726D6F636F75706C65B0
:10755C0020726561646572206661756C7400000050
:10756C00746D6375617274206461746120746F6FE3
:10757C00206C617267650000746D63756172745F75
:10758C00726573706F6E7365206F69643D2563203F
:10759C00726561643D252A730000000043616E270B
:1075AC007420616464207369676E616C2074686117
:1075BC007420697320616C726561647920616374F5
:1075CC0069766500747273796E635F737461746548
:1075DC00206F69643D25632063616E5F7472696717
:1075EC006765723D256320747269676765725F72A7
:1075FC006561736F6E3D256320636C6F636B3D2516
:10760C0075000000636F6E6669675F726573657401
:10761C00206F6E6C7920617661696C61626C65209B
:10762C007768656E2073687574646F776E00000000
:10763C00736F66745F693263204E41434B000000E8
:10764C004E6F7420612076616C696420696E707570
:10765C00742070696E0000004E6F7420616E206F94
:10766C0075747075742070696E0000004E6F742014
:10767C00612076616C6964204144432070696E001E
:10768C0052657363686564756C65642074696D65B7
:10769C007220696E2074686520706173740000003C
:1076AC004661696C656420746F2073656E64206933
:1076BC0032632061646472006932632074696D65A1
:1076CC006F757400556E737570706F72746564208D
:1076DC006932632062757300496E76616C6964204F
:1076EC007370692062757300496E76616C696420F1
:1076FC0050574D206368616E6E656C0050574D207D
:10770C00616C72656164792070726F6772616D6D06
:10771C00656420617420646966666572656E7420A8
:10772C0073706565640000004E6F74206120766193
:10773C006C69642050574D2070696E006C64633125
:10774C003631325F686F6D655F7374617465206F7D
:10775C0069643D256320686F6D696E673D25632004
:10776C00747269676765725F636C6F636B3D2575D7
:10777C000000000073656E736F725F62756C6B5FF7
:10778C00737461747573206F69643D256320636C39
:10779C006F636B3D25752071756572795F746963D4
:1077AC006B733D2575206E6578745F7365717565B7
:1077BC006E63653D256875206275666665726564E5
:1077CC003D257520706F737369626C655F6F7665AC
:1077DC0072666C6F77733D256875000073656E7308
:1077EC006F725F62756C6B5F64617461206F69644A
:1077FC003D25632073657175656E63653D25687500
:10780C0020646174613D252A730000000000400271
:10781C009C8A010864001104388A0108650011046F
:10782C003C8A010866001003408A01086700400288
:10783C00448A010868004002448A01086900400338
:10784C00488A01086A004002448A01086B000A0257
:10785C004C8A01086C001704508A01086D0014044E
:10786C00548A01086E004003588A01086F000F0308
:10787C005C8A010870001D06648A010871004003CF
:10788C006C8A010859000600000000005A0009012A
:10789C00308A01085B000E02348A01085C000F0379
:1078AC00608A01085D001503D88A01085E00100289
:1078BC00048B01085F000B01088B010860001204A7
:1078CC000C8B010861004001108B010862000B0158
:1078DC00088B010863000D02148B010878DA9D599E
:1078EC00098FDCB615FE2BEC00419376C71D49734E
:1078FC002E1014E3F5C63592B5377B34058240D093
:10790C004A9C1962754594F668E0FFDE779014A5E1
:10791C00193B4003382B928F8FE43BBFF7E68F491E
:10792C0052D793F3C98FB9AA6BD94CCE260F9DCAE7
:10793C00B3F849365A55A586A57D9A9E8B6F83C59B
:10794C00F9661ACE82CDF4F7F974D63D7465DB0571
:10795C00DF89CD9BF04D20703E98850BF16D237324
:10796C009968F99DF8757B73F58FA429A69BE9435B
:10797C009394E94134F249214F11AE568BCDE63741
:10798C00F1A0CAAE55B906EEE19B683E9D1BAE7FD9
:10799C000F22C71F17E0526955144999C175FE98FB
:1079AC0024795EA5492BE34A655AA415507EFF4DF8
:1079BC003A395FE3DDDB162E1D27E9A3805598F6D7
:1079CC00D6E72B8F20CB2C415D69FAA3CAEFBFE918
:1079DC0044DDE579DCD5BC61D36FF8BD93CDABE369
:1079EC0009177844EA46EA366E55FAA879D4C24BA0
:1079FC0075A1DAD89E2A54099234E7C30553904EE8
:107A0C0013EB43D766D57339390FF169E54EEDE1C8
:107A1C00462F79345FD82374AD62FE9C9CAF3CAA90
:107A2C0032C9AB7DAC4A777BBAF6E43CEA69CC95BB
:107A3C002D050FE35E0E8B9923A549D90C990D6486
:107A4C00B05839E24CED559BE471D5B5A30D4F49B7
:107A5C00DE491C67729774791BBB89227989B3AE96
:107A6C00495AD03BDD33E8F949D0675BD5035EE971
:107A7C00E0F070E9880FD97CBE5ACF2C71A36373E8
:107A8C00B6B41FD9DC7D2DDCD7D27DADDC97CC9381
:107A9C0057A7B4C9F9327287A8301556E8F37E3A65
:107AAC00CFD2601984F66CA072AA59AFC654F1B348
:107ABC006A0FA0A0F6E1985EE034DF03F7F6AFCBD7
:107ACC00950EB3E753BA5F078EA8A8BB4DB8989D27
:107ADC00BAC66AEDA84A59D5EA45E6231565499B0D
:107AEC00C45AFD17B472E8C0F3DA1855E399AE9690
:107AFC0030A54A4F308B85635A3F1727D49EBE82E0
:107B0C0039F73C8CD20FDDD80C60E6C80EE6FDE3ED
:107B1C00E1B963C6E8C1AD7A92F141ED0FF4C268E8
:107B2C00EDD3831FEC73792C2FE1D6E2F6B5962CAE
:107B3C009BC560A7F5BD539BCD525CE8FDF7DFFC00
:107B4C000D824D140DF6A26A410C71AA9D9944BD8B
:107B5C0001E876B5099D7A5267A13ACD1FDDB7CA07
:107B6C00DCE76B99C64363146991C547F639F34E4C
:107B7C009018A4DDD56168AC4964AAB19F1C7288C9
:107B8C00B8A7EA722D3DA661FFB0F6209BA28248F1
:107B9C00509F94A8BFDC0B75B9E9F717699734CEE1
:107BAC00369A97F8288C88D64DA2E5B5AA906C61C8
:107BBC007DD06A1B94472F567874261F3AB0E70A7B
:107BCC00D2D3C68E80CB9E6C99F51338B246261054
:107BDC00D19B4C36781E84F786C34D68099E1BD505
:107BEC00CA230A345A26043F93856CF6B24C5F6361
:107BFC008C4B700998E218151FAA421E457F9D14E4
:107C0C00B5EF0066EC62FF303BC0D5FBB8C8CF7552
:107C1C00326ED47E2F1B7C84AE3838848BFE70CAB7
:107C2C003D70A7A4954E40E1FC6CB253900DC0A5DD
:107C3C006396A1489B942DE66CB2076FA67B82904D
:107C4C00CD8868C01D78D8D5A805F0C3B38909AD17
:107C5C00B186F362B0409739F09BE5BC0C4764A841
:107C6C00024BD6AB630942C4B0545499DABDC6A0DA
:107C7C006BC7AB91E452C22440B801AE1A2FDBF0B3
:107C8C0036D6E1901EE7E25C9AA0316342DADE69F7
:107C9C003F12C290E218C808FFA27AA5665B9F87C4
:107CAC00FD2E5DEDDAE7A491FE76F04FE793596275
:107CBC003F8F39C1540677579831ADD92C57CCDB4F
:107CCC0058D7582073144826CB16C421AADD0EAE03
:107CDC00406EEE7231ACDBBC016BDD170CAD3DC000
:107CEC00150E559ED1E0EBA62364D35403535A834F
:107CFC0005D8AC40DA7346B488BC95AECE7A036333
:107D0C005474E8BCB72CC054D81247506560E66078
:107D1C0060C1888E2CB7EB43E66AE608C668E6FFBE
:107D2C0074ADA2772D936BFA1120B23D6C3CC8F464
:107D3C00D1C34091BBE40802B91BD41544AFF1F98F
:107D4C005E725C5A0623743092C63A1AD1918647F9
:107D5C00CEBC76A21D028131AFD990EC48B01BBBD2
:107D6C003E820A630DAD4674478CDCE38E72ED17D0
:107D7C00A02F061348AD6AC7E25DB90731E79190B1
:107D8C00E029A12538957EBE7088A7E681967900FA
:107D9C00690FA261E62979B9A6433A790ABABA33CE
:107DAC002A1FF3040BBB6504791CB9B32CF06E4786
:107DBC008C3956F418CFC607EBE8070A23F0574165
:107DCC00E0869713DA0221ACCD27EDE7783D3E0F24
:107DDC003680D691C67FC30877C3BDA323227A0110
:107DEC004134C77380D760D3923795F2C55C01508C
:107DFC00840B62AAE14413309195C79F603F90CAEF
:107E0C009C370CA3A533C5133174E96FA0E0467001
:107E1C00C58522C22E69D91A500183E17E50838711
:107E2C00FBB004DBF50EDD07B055C4745E08F456E8
:107E3C00A3B95D1DE4169C32B905B29AF432036CF9
:107E4C0059F65B4E259642E9CAA693A2D2EA1420B3
:107E5C003C62BA34F7F8F23B227C2F61CDAFA5EC33
:107E6C00C56648753A632FD64845A8324658006116
:107E7C005F2146778E1A6C7A020223E82E9C73845B
:107E8C004B415E42821DC0D260C281A82945BA9C7A
:107E9C00CEF9076CCBEC4619621039E1726083EBBA
:107EAC009EAEF5B1A6ACABC6001D0E1734765629A6
:107EBC005F6A052AF161D5C6711ABDC22782F8C85E
:107ECC00D9F054E0F09C6EFED9E257EC4B6CDF5DC0
:107EDC00C457DBFF204CD9808ADEDEDFC6D71F3EBD
:107EEC00DE6255194CCE27D76F9767D76F5793D152
:107EFC004A424B6B58DA8C96425A01880BFF0BFCAA
:107F0C0035300F62B80586DB15FC5B8C5799E91C84
:107F1C00762EE05F345A368C7139C0F5604C101DEA
:107F2C006DBFF8E9D3C58FF10F37973FE3B3E73354
:107F3C00FAEF6C7275710FA4BA2DA27017CCA21740
:107F4C0009A4D7BF5CB118422C206F2E2F2E3FFCFA
:107F5C00FB32FEE5C3C7779F7E417B0A71F2F6F2D6
:107F6C000626F93CD9A824A7F7E05BB7280658FEEB
:107F7C00B0FD297EBBBD7F87B5CA6C8E87DDDE6DFB
:107F8C00EF6EE3DBFBABDB9F61E5F6124F58E2F4DF
:107F9C00E5F5F5E54DFCF6D3DDBFE2CB77EF613EC1
:107FAC00F88CE0B903384F0527758D0C48349F20A9
:107FBC003FC692282A46AD209510F6815F5A65DEA1
:107FCC005D5E01E3EDDDFD0D9D058E79BD9D4DCE14
:107FDC007F9D9D05CBDF60F016071044797481A35B
:107FEC002834A377389AAFCDE81247E0D93CFA0190
:107FFC00476BCBE53D8E36C4E5F3209041AD45EDA6
:10800C00AE208A22BA6EA217B3F92AA30BB7B95CB9
:10801C00CC82F0812F6DA21492B3710434878F0B34
:10802C00E92B2406AC5AB45A4CCB0ABDA981822A3E
:10803C00569979B2203BDF3168E2FECB3647777D2B
:10804C0015B6D8C838D95C24A528AB5680DF0A8C65
:10805C007D02F203270541EE279E0F0ABED98DB48F
:10806C00A82110C0499CCD60EF5F5BCC88500EEF0F
:10807C00812BE0DBA4154A8BC49CC5C53F174186F8
:10808C00582329BA20976A3C4BC993B0071C274B3D
:10809C0061EB63B71F1E7FC19D4351270D581AA377
:1080AC0063AA82EC42232187EB96FA873F2470E97E
:1080BC004CB495A0C885FD20C4FFDCAEF8C00043CD
:1080CC0080818BF49094A5CCB99966176CE3ADEFD5
:1080DC0003320060B869A94C2B930AB37E0EC8F02A
:1080EC008A492121B3717D6E178BEA49DA5B0A6CE0
:1080FC00E1A00BF6CBAEE1E35A3C9C998ED60DC0B9
:10810C0077E747DE0540B0820D0E2B663B8B9D1941
:10811C00322BEC84FA9336E861A4F4E60D544C0F40
:10812C00AA36DCE6DEC30748CFA3C1F2EF2A7941B9
:10813C00BB5B5B1972EBE50A0AAF642F05D4E490C4
:10814C0026ADEEE06D574A6BD09306589F7539F605
:10815C00046033C21861023619B27C92287C443018
:10816C005FDE70489A8C8CD75063E7E10A254EC8C5
:10817C004EC057B3CBAB6786861FC1E213C1CF414C
:10818C0077A1608180C75F40FBA0056C6FF80BAADC
:10819C00AC1940714D4A4B25DEB49F8E287E3A4770
:1081AC00A89B6A0F3651C0D5137CDB0E0001DC1284
:1081BC00642DD111317FDE48F328B45BF084068E38
:1081CC0041518335A1512346BD750447D211CF2AA5
:1081DC00CF214FA6C06FD0A4E3CCDFEF7412FACA44
:1081EC000E4CAEB7E090AC43BA0052A8A22BEC9C5C
:1081FC00F50778FEAD6DC4514B0098910B534CF1C3
:10820C00DBE3B7C6A7DBAA12BB845EC72FC30EC8BD
:10821C009D6F52283220A4D623370CEF481EB8137A
:10822C00208296D4D1B92F7557234C90ECDF6CDF9C
:10823C00404C3F2B40A1D8958FC003E30077ABBDDA
:10824C0079DD2F8011B2B143A0D05543FE095843BC
:10825C008B541B55F66D3B0E53559943647B0206AC
:10826C00C9436E03967B29B740848140FC63C5A843
:10827C0095722E3E41C884B4F680A86587AD34FD56
:10828C00170647F44B888B9EE6F7918CFB631ADB41
:10829C000F10AB8C75A4B08C4B0833216E53CFFBF5
:1082AC00E3F6E2476E65DA661EA145145C9E3498CF
:1082BC0009101D9F8044A82DB66D6C8D9AB8CB9E6D
:1082CC0083401012CD51FB10330DC08328582F164C
:1082DC009494CC6049498B07CB05A91E06CBE50AC3
:1082EC00BEA3CFC0295729881AF64FDE7FBC17EFE3
:1082FC00AF7F7A426002B2AD215E48CA7D972F0FE4
:10830C0015BA33699BCAAE0BFC8A416634BA9345E5
:10831C001D3F278F923B9058AD201C716D884159A1
:10832C004EE1213E55F74D312FDA1F86065B12AF19
:10833C00C920688561F694FAAD54DFF5A876E31A86
:10834C00D390FB4C7F8E702FB5F170CE9A0715131E
:10835C00108962574F024BFEC5879A175FBBB7D97E
:10836C00623EE2FEF869E8354F35F88CEB854E310C
:10837C0006DAE6E380F5A1821A7C7F7C88DFDB4499
:10838C00CEEBBEA1175B0D79CD081A5BC9CCFB16E1
:10839C009947EB7A655CABBC415A446CBD50C41830
:1083AC00C31885CEFA96DA51ABC57B806D9C7902E9
:1083BC00416F77ED3023135B0676694A5D407A1E78
:1083CC00182A5CD36F444F232A933114001083F284
:1083DC00CE2FB734E6EE3295A386DA14338ABF6714
:1083EC00D085E93B0EA64F628B1AAED67D960F1D3B
:1083FC00E5858CDB56809420BEC4367169632E549F
:10840C00ECF721D7F6D94ECB303855511F69D26FC6
:10841C00D3F82AC50AD02F61FFD404A8A085B04395
:10842C000871BD6178AA7BD3D5E8BFF447FFCEAE07
:10843C0013F555E9A864E5CEA542B69B51F819AAE7
:10844C00F4A47B779C3E58CF98016D257BFC04AC43
:10845C0061F9FAA15F9DF6B69626AE543EDDA9F5FC
:10846C007D914A4E42B2FC9357E7070A44ECE6076B
:10847C0079087FFF04CF0DE74110867110CD57F3BB
:10848C0060CABF964F3EFF0F4799988EB00B000005
:10849C0000000000000000000000000000000000D0
:1084AC000100020102000000708A0108F1090108B4
:1084BC00020000010000000000000000ED090108AE
:1084CC00030000010000000000000000D1090108B9
:1084DC00040000010000000000000000D9080108A1
:1084EC00050000010000000000000000B9080108B0
:1084FC000600010001000000088B010819080108A2
:10850C00070000010000000000000000D507010872
:10851C000800010001000000748A01089907010895
:10852C000900000100000000000000000911010812
:10853C000A00020101000000108B0108E110010883
:10854C000B00030103000000788A0108A110010848
:10855C000C000201020000007C8A0108591001087D
:10856C000D00020002000000708A0108E9160108E3
:10857C000E000200020000004C8A0108F1150108EF
:10858C000F00030003000000788A0108B5150108EC
:10859C0010000200020000007C8A0108D1140108BE
:1085AC001100050005000000808A0108A9120108CD
:1085BC0012000200020000004C8A0108D13A0108A6
:1085CC001300010001000000748A0108853A0108BB
:1085DC0014000200020000007C8A0108393A0108EC
:1085EC0015000200020000004C8A0108013A010843
:1085FC001600040004000000888A01084D390108A7
:10860C0017000500050000008C8A0108B937010825
:10861C001800010001000000748A010859120108B9
:10862C001900080008000000948A0108F1110108E3
:10863C001A00030003000000A08A01080D110108B4
:10864C001B000200020000004C8A0108E1420108F4
:10865C001C000200020000007C8A010895420108FF
:10866C001D00040004000000548A01082542010882
:10867C001E00010001000000748A0108614101081C
:10868C001F00080008000000A48A0108F503010877
:10869C0020000200020000007C8A0108A1020108EF
:1086AC002100040003000000488A01081D34010861
:1086BC002200030002000000448A0108153601085C
:1086CC002300030002000000448A0108C935010898
:1086DC002400040004000000508A010879340108C9
:1086EC002500010001000000748A01085D340108B6
:1086FC002600030003000000AC8A0108D5330108F2
:10870C002700050003000000B08A010821180108A9
:10871C002800040003000000B48A0108A91701080E
:10872C002900030002000000448A010869170108AF
:10873C002A00040004000000508A01081D170108DB
:10874C002B00010001000000748A010801170108C8
:10875C002C00030003000000B88A0108ED24010876
:10876C002D00030003000000408A010825240108A5
:10877C002E00060006000000BC8A010845230108F3
:10878C002F000200020000004C8A0108CD0B0108EA
:10879C003000050005000000C48A01086D0B0108BB
:1087AC003100040004000000388A0108190B01088C
:1087BC0032000200020000004C8A0108DD0A0108A8
:1087CC003300040003000000CC8A0108C93F0108F3
:1087DC003400050005000000D08A0108E13C0108C6
:1087EC003500010001000000748A010849200108CD
:1087FC0036000400030000006C8A0108F51F010814
:10880C003700050005000000DC8A0108991F0108EB
:10881C003800040004000000508A01089522010869
:10882C003900030003000000AC8A0108F52101089F
:10883C003A00030002000000448A0108251F0108C9
:10884C003B00030002000000448A0108F11E0108ED
:10885C003C00060006000000E48A0108C91D01085E
:10886C003D00030002000000448A0108251C010899
:10887C003E00030002000000448A0108BD1B0108F1
:10888C003F00080008000000EC8A0108F11A0108FA
:10889C004000060006000000E48A01087D32010851
:1088AC004100030003000000788A0108F55001081C
:1088BC0042000200020000007C8A0108F15001080D
:1088CC004300060006000000E48A01085950010824
:1088DC004400060006000000F48A0108953B0108DC
:1088EC004500030003000000A08A0108593B010861
:1088FC004600010001000000748A0108812901086A
:10890C0047000200020000007C8A01083929010896
:10891C0048000200020000004C8A0108F5280108FA
:10892C004900030002000000448A0108512C010890
:10893C004A00040004000000548A0108112C0108AC
:10894C004B00030003000000A08A0108352B01082E
:10895C004C00010001000000748A01080931010873
:10896C004D000200020000007C8A0108BD300108A5
:10897C004E000200020000004C8A01087930010808
:10898C004F00010001000000748A010841530108E6
:10899C0050000200020000007C8A0108F952010814
:1089AC0051000200020000004C8A0108B552010877
:1089BC005200010001000000748A010811560108E0
:1089CC0053000200020000007C8A0108C555010812
:1089DC005400010001000000748A0108955501083B
:1089EC005500060006000000FC8A010855550108D8
:1089FC005600030003000000A08A01080555010879
:108A0C0057000200020000004C8A01089D54010826
:108A1C005800000100000000000000005968010827
:108A2C0059000000020000000002000004040004D1
:108A3C0004040400040002000407000004040700FE
:108A4C0004040000040000000400000404000700FB
:108A5C0004040000020202000400000200020000F4
:108A6C0004020700000400000400000004000000E1
:108A7C0004000000040004040000000004000203D1
:108A8C0004040404000000000400000400040404B6
:108A9C0000060000040404000400000400020204A8
:108AAC000400040004070700040700000000020093
:108ABC000400000202000000040000040400000096
:108ACC000407040004000400000000000000000083
:108ADC000400020000000000040000000000000080
:108AEC00040000000000000004000000000400006E
:108AFC00040000040404000000000000000000005A
:108B0C000400040207000000040100000000000043
:108B1C000400010603542021222352022512FE00D8
:108B2C0000080140000C01400010014000140140FD
:108B3C0000180140001C01400020014000000040D2
:108B4C000001220000000040010222000000004051
:108B5C000203220000000040030422000000004039
:108B6C000F01120000000040130212000000004030
:108B7C001A031200000000401B0412000004004005
:108B8C00060112000004004007021200000400401D
:108B9C0010031200000400401104120000040040F5
:108BAC00260122000004004027022200000400409D
:108BBC002803220000040040290422000008004081
:108BCC003C012200000800403D0222000008004049
:108BDC003E032200000800403F0422000008004031
:108BEC001601220000080040170222000008004075
:108BFC001803220000080040190422000054004011
:108C0C0016170000005400401819000000580040CE
:108C1C001A1B0000003800401E1F1D52003001407E
:108C2C00060705520030014014151352003800405D
:108C3C0022231A52003C004014151362201C2052AF
:108C4C006571756573742053657269616C20426F30
:108C5C006F746C6F616465722121207E00000000CE
:048C6C00B501010845
:048C70009101010865
:108C7400100000001C0000201C0000200000000068
:108C840000000000F9240108000000002800002072
:108C9400FD24010800000000000000000127010875
:088CA400000000800044950867
:0400000508016A7D07
:00000001FF
