:020000040801F1
:10000000000002209D6A0108D14D0108D54D01086C
:10001000D94D0108DD4D0108E14D01080000000047
:10002000000000000000000000000000E54D010895
:10003000E94D010800000000E56A01088169010836
:10004000E56A0108E56A0108E56A0108E56A010850
:10005000E56A0108E56A0108E56A0108E56A010840
:10006000E56A0108E56A0108E56A0108E56A010830
:10007000E56A0108E56A0108E56A0108E56A010820
:10008000E56A0108E56A0108E56A0108E56A010810
:10009000E56A0108E56A0108E56A0108E56A010800
:1000A000E56A0108E56A0108E56A0108E56A0108F0
:1000B000E56A0108E56A0108754D0108E56A01086D
:1000C000E56A0108E56A0108E56A0108E56A0108D0
:1000D000E56A0108C9650108E56A0108E56A0108E1
:1000E0000D4D0108E56A0108E56A0108E56A0108A5
:1000F000E56A0108E56A0108E56A0108E56A0108A0
:10010000E56A0108E56A0108E56A0108E56A01088F
:10011000E56A0108E56A0108E56A0108E56A01087F
:10012000E56A0108E56A0108E56A0108E56A01086F
:10013000E56A0108E56A0108E56A0108E56A01085F
:10014000E56A0108E56A0108E56A0108E56A01084F
:10015000E56A0108E56A0108E56A0108E56A01083F
:10016000E56A0108E56A0108E56A0108E56A01082F
:10017000E56A0108E56A0108E56A0108E56A01081F
:08018000E56A0108E56A0108C7
:1001900010B5054C237833B9044B13B10448AFF3C1
:1001A00000800123237010BD3800002000000000F3
:1001B000186E010808B5034B1BB103490348AFF3A0
:1001C000008008BD000000003C000020186E0108FF
:1001D00001F0FF01102A2BDB10F0070F08D010F8F8
:1001E000013B013A8B422DD010F0070F42B3F6D1FC
:1001F000F0B441EA012141EA014122F007047FF015
:1002000000070023F0E80256083C85EA010586EA6B
:10021000010685FA47F5A3FA87F586FA47F6A5FAA7
:1002200087F68EB9EED1F0BC01F0FF0102F00702B3
:1002300032B110F8013B013A83EA010313B1F8D15E
:100240000020704701387047002D06BF354603383F
:10025000073815F0010F07D1013015F4807F02BF78
:10026000013015F4C03F0130F0BC0138704700BFC9
:10027000EC46A0E8F05F4FF000007047B0E8F05F98
:10028000E546080008BF0120704700BF10F8012BA9
:1002900011F8013B012A28BF9A42F7D0D01A7047C3
:1002A00030B583B004466D464168284605F0F6FA3D
:1002B00009492078094C2C2200F020FA034695E8E1
:1002C000030003F120025C6082E80300012283F84E
:1002D0002A2003B030BD00BFA1020108E1020108DD
:1002E00070B500F12005044695E8030005F040FBD9
:1002F000002842D1636A012B95E8030027D005F05E
:1003000061FB94F82A3094F82B20934229D2218B58
:100310000133DBB2084480B29A42208384F82A3049
:1003200025D8656A012D2DD0638B834236D8A38BE7
:10033000834233D3002384F82830294802F084F91B
:100340006369E26813446361A360012070BD05F036
:1003500039FB244B94F82B20188094F82A309342D0
:10036000D5D301239A42208384F82A30D9D9A368AF
:1003700022691344A360012070BDA3681844A060E3
:10038000012070BD174B1B88323B47F6C6729BB2EB
:10039000934213D8144B00221A80CEE794F82830E9
:1003A00094F829200133DBB29A4284F82830C4D86B
:1003B0000E4804F081F802F0BDF9BBE70A4E33881D
:1003C00001339BB2042B3380B7D9084804F074F88A
:1003D00002F0B0F9064A002315703380ADE700BF84
:1003E000580000205A0000205C0000203C6E0108EC
:1003F0005E00002038B515490546007800F05EF92A
:10040000044602F095F804F1200393E8030005F098
:10041000F5FA6B686361A360AB6823612B7B84F89A
:100420002B305A1C84F82A202A69E260D5E905019C
:10043000EA6984F829206083A18303B938BD204686
:100440001F21BDE8384002F07FB900BFA1020108BA
:100450002DE9F041214884B002F0FEF830B3FF23CB
:100460001F4D204F204E8DF80F3029460DF10F0003
:1004700000F070F90446C8B194F82A2094F82B30A3
:100480009A42F2D106F0D6F994F82B3094F82A204B
:10049000934203F101010CD006F0CEF929460DF18B
:1004A0000F0000F057F904460028E5D104B0BDE87C
:1004B000F0816269B4F8188084F82A10019206F07D
:1004C000BBF93046A7F8008004F028FA019A9DF89D
:1004D0000F10434600F0D6FCC7E700BF58000020CD
:1004E000A102010854000020506E010830B583B00D
:1004F000FF23124D8DF8073006E093E8030005F066
:100500007DFA94F82B305BB929460DF1070000F015
:1005100021F9044600F120030028EED103B030BDDC
:100520006269E16801330A4484F82A306261A2609A
:100530000021204602F008F9E6E700BFA102010809
:1005400008B5044B04482B221A6003F0B5FF02F0F3
:10055000CBF800BF18010020806E010808B506F036
:1005600061F9034B033020F00300186008BD00BFA1
:100570006000002070B50E4E336804461D1806F06A
:1005800055F985420CD83568E31C23F003032B444E
:10059000224600212846336006F036FC284670BD0E
:1005A000044B054828221A6003F086FF02F09CF8ED
:1005B00060000020180100209C6E0108024B1A68A0
:1005C00002601860704700BF7000002010B506F090
:1005D00035F9084B1C682CB122681A6006F032F914
:1005E000204610BD044B05482A221A6003F064FF20
:1005F00002F07AF87000002018010020B06E0108A7
:100600000068B0FA80F04009704700BF006870478A
:1006100003460A68002018601AB14A6813604B60EC
:100620007047C1E900330120704700BF03681A68B2
:1006300002601846704700BF00230360704700BF88
:1006400008B5FF294FF00003C0E9003308DC054B73
:100650001B882BB9044B1A788A42B8BF197008BDA1
:10066000FFF76EFF6C000020740000200F4B18880D
:1006700010B4A0B1013815D00D4A0E4B146893F890
:1006800000C00022234619460132634482420B60B7
:10069000F9D102FB0C42084B002111601C605DF88F
:1006A000044B7047024B1C682246F4E76C000020A4
:1006B00078000020740000207000002008B50B4B6B
:1006C0001B78834209D90A4B1B6853F830208A42B1
:1006D00003EBC00001D1406808BD064B06482D223F
:1006E0001A6003F0E9FE01F0FFFF00BF7C0000206C
:1006F0008000002018010020C46E010870B5104B66
:100700001C7803469C42104611D90E4D1AB2DC00EB
:100710002B6853F8326056B90B4E36883EB943F811
:100720003210FFF727FF2B682344586070BD074B3A
:1007300007482E221A6003F0BFFE01F0D5FF00BF6C
:100740007C000020800000206C00002018010020A8
:10075000D86E010830B50E4A03780E4C126894F832
:1007600000E003F1010C5FFA8CF302EBC30205E039
:1007700052F8084B8C4203F1010C06D05FFA8CF35F
:100780009E451546F4D8002030BD0370686830BD22
:10079000800000207C00002038B50A4C236843B953
:1007A0000568E8B2C000FFF7E5FE074B20601D704A
:1007B00038BD064B06482F221A6003F07DFE01F07B
:1007C00093FF00BF800000207C0000201801002063
:1007D000EC6E010830B50D4D0D4885B004F09EF863
:1007E00029880C4B003918BF01211A68039204466E
:1007F000029101F039FF034628880090DDE90212DA
:10080000204600F03FFB05B030BD00BF6C0000206B
:10081000046F0108640000202DE9F0411E4F3B8861
:10082000064683BB1D4BDFF88C801D78D8F800404E
:10083000032D9CBF04251D7005F0F8FF0023224600
:100840002C44A04213D30133B3F5805FF7D11D468A
:10085000D8F80000201AFFF78DFE114B3D8018607C
:10086000FFF704FF0F4B32681A60BDE8F08113B147
:100870009DB21446ECE70C4B0C4829221A6003F099
:100880001BFE01F031FF084B09482C221A6003F0CF
:1008900013FE01F029FF00BF6C000020740000204F
:1008A000780000206400002018010020546F010827
:1008B000406F01086000002010B5064804F02EF8D3
:1008C000044606F001F801462046BDE8104000F05D
:1008D000D9BA00BF686F010810B582B005F0F4FF07
:1008E000094A0A4B11681B680446A34288BF0131BC
:1008F0000748019104F012F80199224602B0BDE8C0
:10090000104000F0BFBA00BF880000208400002023
:10091000786F01082DE9F041264D274E2B68274FAF
:1009200001332B603368081A0344B0F5803F0C464E
:10093000336019D23B6800FB00F0FF3003EB10205E
:10094000984238BF4FF0FF3038601D48DFF87C8098
:1009500005F0B2FFD8F8003001461944204605F0F2
:10096000AFFF70B1BDE8F081B0F5801F06D200F195
:10097000FF023B68120A00FB0230E1E74FF0FF3054
:10098000E2E7104803F0CAFF3B683268296800F0CC
:1009900079FAD8F80030A34203D90B4A136801331F
:1009A00013600023C8F800403B6033602B60BDE853
:1009B000F08100BF680000208C0000209000002023
:1009C000404B4C00906F01088800002084000020FC
:1009D00008B5044B044831221A6003F06DFD01F0A4
:1009E00083FE00BF18010020B06F010801F090BE27
:1009F00010B50E4B04681B6842689C4282B012D24C
:100A0000D2B21119994201D91A1BD2B208480192E7
:100A100003F084FF074B019A2344214602B0BDE84E
:100A2000104000F02FBA0022F0E700BFDC8401087C
:100A3000C06F01082C790108F8B5877F04469FB183
:100A400000252F4601262B46043304EBC30393E80D
:100A5000030005F00FF901357100EBB200B1374327
:100A6000A27F9A42CEB2EFD8227CBA4207D0637CF2
:100A70007B40DB4382EA0701DBB20B4210D194F9E1
:100A80001C30257F6774002B04DB013DEDB2FF2D88
:100A90001ED02577D4E9023213440120A360F8BDAB
:100AA00022EA03023B401343A27C2374072AE6D8C0
:100AB000511C2244A1740848D37401F0C5FDFF23E2
:100AC0002377D4E90232677413440120A360F8BD90
:100AD000014801F0B9FDDCE79400002010B504796D
:100AE000082C09D8221D08490078D200FFF706FE1D
:100AF000064B8477436010BD054B064825221A60DB
:100B000003F0DAFC01F0F0FDDD0A0108390A010802
:100B100018010020E86F010870B51149054682B040
:100B20000078FFF7CBFD2B79827F9A4204460ED9DD
:100B30006E46D5E9021230461D1D05F073F896E8A1
:100B4000030004EBC50484E8030002B070BD054B4C
:100B5000054826221A6003F0AFFC01F0C5FD00BF76
:100B6000DD0A010818010020FC6F010838B514499E
:100B700005460078FFF7A2FD044601F0D9FC6B683A
:100B8000A360A968E16000232A7CA374E376FE23B6
:100B9000627422742377EB6863771B0607D401B96C
:100BA00038BD20463021BDE8384001F0CDBD054BB1
:100BB000054827221A6003F07FFC01F095FD00BF75
:100BC000DD0A0108180100202470010838B5154914
:100BD00004460078FFF772FD2479C37E054623445E
:100BE000C37605F027FEAB7CA34207D8FE23002284
:100BF000AA742B77BDE8384005F01EBE1B1BD8B287
:100C000005F1130204F112032B44141813F8011F09
:100C100002F8011BA242F9D1A874BDE8384005F0E2
:100C20000BBE00BFDD0A0108F0B51A4885B001F01F
:100C300013FD48B3FF23184D184F8DF80F30294688
:100C40000DF10F00FFF786FD0446E8B1237FFF2B6F
:100C5000F5D105F0EFFDA67CC6B1637F237705F0E3
:100C6000EBFD384603F05AFE1334227A9DF80F103C
:100C70000094334600F006F929460DF10F00FFF706
:100C800069FD04460028E1D105B0F0BD05F0D4FDB2
:100C9000D5E700BF94000020DD0A01084870010874
:100CA000704700BF70B514799668651EA4B3814281
:100CB00033D316F8012B042A20D810F8012B02F0A8
:100CC000600CBCF1600F03F1040E02F07F0408D148
:100CD00064F01F0405E010F8012B02F07F0C4CEAD1
:100CE000C4141206F7D41C60B5B1814215D316F8AE
:100CF000012B042A05F1FF357346DED9072A0CD1F2
:100D0000024612F8014B1019884206D89E464EF84A
:100D1000084B5A60002DEAD170BD024803F0CCFBAD
:100D200001F0E2FC747001082DE9F8438B78052B83
:100D3000064694461C4666D9053B821CD4180B888F
:100D4000CF784D687F2B00F28C80114603F07F0333
:100D500001F8013B002F53D08C42C0F08A802F4411
:100D600030E05CF8043B03F120027F2A22D903F52E
:100D70008052B2F5804F18D303F50022B2F5001F60
:100D80000ED303F18062B2F1805F04D31A0F62F0D8
:100D90007F0201F8012B5A0D62F07F0201F8012B4E
:100DA0009A0B62F07F0201F8012BDA0962F07F02F0
:100DB00001F8012B03F07F0301F8013BBD421FD076
:100DC0008C4256D315F8013B052B30D0C9D9063BD0
:100DD000012B4ED8E0460B4658F8082B611A914279
:100DE00028BF114603F8011B89460A461846DCF85D
:100DF000041005F0E1FFBD4200EB0901C446DFD15C
:100E0000891BCC1CE3B21D4A337012787270E51E48
:100E10002946304605F024FE030A735526447E23F6
:100E200006F8020C06F8013C2046BDE8F8835CF8A1
:100E3000040B03784A1C6BB1944202D817E0944229
:100E40000BD002F8013B10F8013F002BF7D1531AE9
:100E5000013BDBB20B701146B0E7631A013BDBB21A
:100E6000F8E7DA0962F07F028270C21C6DE70023A6
:100E7000F0E7034803F020FB01F036FC00000020FF
:100E80008C7001080FB430B5084D2C7883B0E4B2F3
:100E90003CB9012307A906982B70019105F076FC57
:100EA0002C7003B0BDE8304004B0704795000020BE
:100EB000014B00221A707047950000202DE9F04B7D
:100EC000804615460C4619B900202860BDE8F08B15
:100ED0002F4E3778FA0711D40429F5D907787B1FEC
:100EE0003B2B05D890F8019029F00F03102B1ED052
:100EF0007E2F36D0337843F00107377022467E21AB
:100F00004046FFF765F950B3A0EB080007F0FE0775
:100F1000013037702860BB071DD447F002033370DF
:100F20001C48FFF7AFFF4FF0FF30BDE8F08BB94230
:100F3000CAD3C31913F8012C7E2AD9D1F91E13F88C
:100F400002BC435C4BEA032B05F08AFD83450DD0C0
:100F500098F80070CCE74FF0FF30BDE8F08B2C60C4
:100F6000D9E701232B604FF0FF30AFE70A49327811
:100F70000B782F6022F002024B453270D0D1013342
:100F800003F00F0343F010030B7001209EE700BF36
:100F900096000020B4700108000000202DE9F04BFD
:100FA000033900F10209451882B0A94500AF30D2DB
:100FB000DFF8948099F9002099F80040002A6E46E5
:100FC0002BDB09F10100ACB31D4B1B889C4231D2D5
:100FD00008EB0412294693787A609B00073303F4E8
:100FE000FF63ADEB030DEB465B46FFF75BFE2401B1
:100FF000814601F039FB18B17A68D278D30715D54C
:10100000444405F027FCE26858469047B546A94598
:10101000D0D30837BD46BDE8F08B99F80120E40134
:1010200004F47E5409F102001443CCE701F03AFBCA
:10103000B546ECE7034803F03FFA01F055FB00BF6B
:10104000708A0108A4700108E08401080148FFF7D4
:1010500019BF00BFB470010830B5D0E9004083B0BB
:10106000FFF71EFE054605F0E9FBE3B2012B0FD0AA
:10107000022B10D02978C9B2019105F0E3FB074893
:1010800003F04CFC019903B0BDE83040FFF7FABE15
:10109000298889B2F0E72968EEE700BFBC70010833
:1010A00070B50446D0E90050FFF7FAFDA668044683
:1010B00005F0C4FBEBB2012B07D0022B0BD0F6B22C
:1010C0002670BDE8704005F0BDBBB6B22680BDE815
:1010D000704005F0B7BB2660BDE8704005F0B2BBBC
:1010E00010B5D0E9004082B0FFF7DAFD0190054865
:1010F00003F014FC019AE1B202B0BDE81040FFF722
:10110000C1BE00BFD0700108704700BF30B50B49A9
:1011100083B0044628220078FFF7F0FA6D460346B4
:101120006168A26828461C4604F07CFD95E803002F
:1011300004F10C0383E8030003B030BD0D11010876
:1011400038B500F10C03044693E8030004F092FD67
:1011500094F8245088B1ED4305F001058DB994F859
:101160002630013B13F0FF0315D0A268A16984F873
:1011700026300A44A260012038BD05F00105002D8B
:10118000EDD00849E26994F8253084F82630C4E9A6
:101190000112012038BD206A94F8271002F0D4FF14
:1011A000284638BDA911010800F10C0310B504460A
:1011B00093E8030004F05EFDA36862691A4494F8A2
:1011C000243030B1DB4303F0010333B1A2600120CE
:1011D00010BD03F00103002BF8D1044BE261636002
:1011E0002046BDE81040FFF7ABBF00BF411101082A
:1011F00038B5174905460078FFF760FA044601F054
:1012000097F96B68A360AB68A3612B7B84F82530EA
:10121000CBB12A69626184F826306A690D4B002AD5
:1012200014BF0322022284F82420287E636002F087
:10123000B7FFEB6984F82730206219212046BDE80A
:10124000384001F081BA84F82430236238BD00BFF1
:101250000D110108A9110108F0B50678104985B0F3
:101260003046FFF72BFA044605F0E4FAE36994F8F8
:101270002470039305F0E0FA0A4803F04FFB0C34A6
:10128000054694E8030004F0F5FC039B0090C7F3C7
:10129000400231462846FFF7F5FD05B0F0BD00BF1E
:1012A0000D110108E070010830B5D0E9011283B0DA
:1012B000003A04466D4618BF0122284604F026FC79
:1012C0000F4920783422FFF719FA034695E8030006
:1012D00003F1180282E80300D4E90221003A18BFA2
:1012E000012209B142F0100283F8302022691A620B
:1012F0000C2103F1280003B0BDE83040FFF7A0B98E
:10130000A91201082DE9F84300F1280804464046D7
:10131000FFF776F9002840F0A0804046FFF786F9F5
:1013200085682E1E18BF012604F1180307463246B1
:1013300093E8030004F036FC3846FFF73FF9C5B1E7
:10134000636AAB4215D9276A002F68D1404646F040
:101350000206FFF755F9002800F0878094F8303036
:10136000676103F010033343A66884F830302E44DD
:1013700026E094F83030B5FA85F283F01003C3F319
:10138000001352099A4225D0276A1FB3A16840462C
:1013900046F004060F44FFF733F9002848D094F8CC
:1013A0003030676103F01003334384F83030B30703
:1013B00026D5A6682E443946304605F081FAF8B1A4
:1013C000636A2B4A5B1BC4E90126C4E9035301206D
:1013D000BDE8F8834046FFF713F9A8B981464046B7
:1013E000FFF714F9476894F83020676146F0040667
:1013F00002F01002164384F83060B9F1000FD8D122
:10140000A7600120BDE8F88394F8303003F01003A2
:101410003343002084F830306061BDE8F883A16870
:10142000404646F006060F44FFF7EAF80028B6D11A
:101430004046FFF7EBF8034638465F68394605F04B
:101440003FFA06F002090028CDD00A4B0A481E22B6
:101450001A6003F031F801F047F9064B07481D22E6
:101460001A6003F029F801F03FF94FF00209B6E7DE
:101470008114010818010020487101081C7101083D
:1014800038B5044600F1180393E8030004F06EFB3E
:1014900094F83030A56883F00103DA074CBFE268A6
:1014A000226984F830305B07154402D4A56001201E
:1014B00038BD6169284605F003FA0028F6D1034BD0
:1014C00065696360A560012038BD00BF0513010890
:1014D00038B50D4905460078FFF7F0F8044605F0E9
:1014E000A9F904F12800FFF78BF828B16B68636253
:1014F000BDE8384005F0A0B9044B05481F221A602A
:1015000002F0DAFF01F0F0F8A9120108180100203A
:1015100080710108F8B5234906460078FFF7CEF838
:101520000446FFF753F877684760B3688360054661
:1015300005F080F904F128012846FFF769F8A0B109
:1015400094F830506A071ED445F0040384F8303014
:10155000AB0767610DD4204600F0EAFF124B0F2164
:10156000C4E90137204601F0EFF8BDE8F84005F086
:1015700063B9A068394605F0A3F90028EBD0BDE8AF
:10158000F84005F059B96069394605F099F9002825
:10159000DAD0064B064820221A6002F08DFF01F0D7
:1015A000A3F800BFA91201080513010818010020C3
:1015B00048710108F0B585B0D0E90065876805F08D
:1015C00083F90446012005F077F92B1B181A00282F
:1015D00007DB01A8CDE901650397FFF79BFF05B085
:1015E000F0BD4FF47A7005F067F90519F1E700BF17
:1015F000F8B5244905460078FFF760F8044600F086
:1016000097FF04F12800FEF7FBFF90B32E7994F8C2
:101610003050371E18BF012704F1180393E8030068
:101620003A4604F0BFFA85F01001B6FA86F35B097A
:10163000C1F300118B4201D0236A2BB905F01005CC
:101640003D4384F83050F8BD05F03EF905F0100533
:10165000236A3D43184445F004050B4B84F8305091
:10166000C4E9013060610E212046BDE8F84001F078
:101670006BB8064B064821221A6002F01DFF01F0EC
:1016800033F800BFA9120108051301081801002052
:10169000B871010830B583B0FF23124D8DF80730C3
:1016A00013E094F8302093E8030002F0100204F0F5
:1016B00079FA94F8303013F0100318BF112304F1B5
:1016C000280084F83030FEF7B7FF29460DF10700F7
:1016D000FFF740F8044600F118030028E1D103B0F9
:1016E00030BD00BFA912010800B5034683B0D3E99D
:1016F0000012684604F00AFA03B05DF804FB00BF6C
:10170000024900781022FEF7F9BF00BF0117010857
:101710000149FEF7D3BF00BF0117010830B5C36808
:101720000D4985B0044603F07F0300780193FEF76E
:10173000C5FF02ADD4E901120446019B284604F01E
:10174000EFFB95E80300237B43F0020384E80300EA
:10175000237305B030BD00BF01170108037B816012
:1017600043F001030373704770B50E4904460078D7
:10177000FEF7A4FF0546A0682479FFF791FA2A7BBB
:10178000D207034606D5A86821461A46BDE8704030
:1017900003F0C2BC95E803002246BDE8704004F0A7
:1017A0003FBC00BF011701082DE9F04383B0067864
:1017B0001949044602AF3046FEF780FF0546A0688F
:1017C00094F80480FFF76CFA247BE21D02F4FC72AB
:1017D000ADEB020D2A7BD20703460DF1080913D5A4
:1017E000A868CDF800901A464146234603F0AAFCAB
:1017F0000A4803F093F84B4622463146FFF742FB76
:101800000437BD46BDE8F083CDE90049424695E87E
:10181000030004F035FCEBE701170108E87101084B
:101820002DE9F04B84B005463A49007802AFFEF747
:1018300045FF8046A8682C79FFF732FAEE68F20778
:1018400062D4C6F34706386004EB060B2869FFF73D
:1018500027FA0BF1070298F80C307B6022F00702A0
:101860003B68ADEB020D0DF108091946054622460D
:10187000484605F0A1FA7B6813F001037B603B68E2
:101880002AD109EB04020192009698E8030022464F
:1018900004F0F6FB6EB3013E2E44013C4C44013D86
:1018A000314615F8012F14F8013F23EA0203237093
:1018B00016F8012F8D4243EA02032370F1D17B68B1
:1018C000BBB1D8F808004A465FFA8BF103F024FC5C
:1018D0000837BD46BDE8F08B1A4609EB0403D8F87B
:1018E000080000932146334603F02CFC002ED2D191
:1018F000E7E798E803004B465FFA8BF204F090FBB1
:101900000837BD46BDE8F08B034802F0D5FD00F076
:10191000EBFE00BF011701081072010870B50A4BF9
:101920001E68002E82B00CDD084D00242A7955F87F
:10193000081B684602F00102013404F0E7F8B442E3
:10194000F4D102B070BD00BF5C8B01085C8B010854
:1019500082B070B582B06E4686E80600044696E80E
:101960000300079304F00CF9E00622D4A10627D463
:1019700062062CD4230631D404F0A6FF05461A488B
:101980001A4C04F099FFA4FB003405EB944401E0E9
:1019900004F060FF04F098FF214604F091FF002856
:1019A000F6D196E8030002B0BDE8704002B004F042
:1019B000E7B807AB93E8030004F0E2F8A106D7D537
:1019C00009AB93E8030004F0DBF86206D2D50BAB59
:1019D00093E8030004F0D4F82306CDD50DAB93E8CB
:1019E000030004F0CDF8C7E77082030083DE1B43D9
:1019F0002DE9F04B00F1140305468B4693E80300F4
:101A000096B00CAE05F11C0386E8030093E80300D2
:101A10000EAB83E8030005F1240393E8030010AF45
:101A200005F12C0387E8030093E803000DF1480853
:101A300005F1340388E8030093E803000DF1500931
:101A400089E8030001A9099199E8030005AA03ACFC
:101A50002B7A0B920A9482E8030098E8030084E84A
:101A6000030097E80300099A82E803008BEA030069
:101A70000F9B009396E806000E9BFFF769FF4FEA65
:101A80000B132B7204F020FF0446174804F014FFD8
:101A900003461648A0FB032304EB934401E004F043
:101AA000D9FE04F011FF214604F00AFF0028F6D108
:101AB00099E803000B9B2D7A83E8030098E8030064
:101AC0000A9B83E8030097E80300099B83E803006F
:101AD0000F9C0E9B96E806008BEA05000094FFF72A
:101AE00037FF16B0BDE8F08BB01E040083DE1B4349
:101AF000F0B5314983B005463C220078FEF7FEFD83
:101B00006C46064669682046002203F0FFFF94E811
:101B1000030006F10C0383E8030000222046A968B5
:101B200003F0F4FF94E8030006F1140383E80300D4
:101B300000222046E96803F0E9FF94E8030006F17B
:101B40001C0383E8030000222046296903F0DEFF1E
:101B500094E8030006F1240383E8030000222046F2
:101B6000696903F0D3FF94E8030006F12C0383E8CE
:101B7000030000222046A96903F0C8FF94E803008F
:101B800006F1340383E8030004F054FE04F09CFEE5
:101B9000002104463046FFF72BFF04F095FE074670
:101BA00004F04AFEEB693A1B9A4202D22344DB1B43
:101BB000736003B0F0BD00BFF11A01082DE9F843CE
:101BC000174904460078FEF779FD00F10C038046C2
:101BD000002293E8030003F0E5FFD4E90170FFF76A
:101BE0005FF817F0FF07D8E90045064614D000EB70
:101BF000070916F8017B01E004F02CFE04F064FEF6
:101C0000001B8542F8D839464046FFF7F1FE04F044
:101C10005BFE4E450446ECD1C8F80040BDE8F883B1
:101C2000F11A01082DE9F843174904460078FEF738
:101C300045FD00F10C038046012293E8030003F008
:101C4000B1FFD4E90170FFF72BF817F0FF07D8E9CF
:101C50000045064614D000EB070916F8017B01E0A9
:101C600004F0F8FD04F030FE001B8542F8D8394638
:101C70004046FFF7BDFE04F027FE4E450446ECD17A
:101C8000C8F80040BDE8F883F11A010870B582B0C9
:101C9000FF231D4D8DF80730002627E093E8030051
:101CA00003F080FF04F1140393E80300002203F023
:101CB00079FF04F11C0393E80300002203F072FF94
:101CC00004F1240393E80300002203F06BFF04F106
:101CD0002C0393E80300002203F064FF04F13403B3
:101CE00093E80300002203F05DFF267229460DF100
:101CF0000700FEF72FFD0022044600F10C03002828
:101D0000CCD102B070BD00BFF11A01082DE9F04B33
:101D100000F10C0203460D4692E8030084B06F46C2
:101D2000143387E8030093E803000DF1080B8BE8F8
:101D30000300DFF88C90DFF88C8008262B0638D45F
:101D400004F0C2FD0446484604F0B6FDA8FB00239B
:101D500004EB934401E004F07DFD04F0B5FD214661
:101D600004F0AEFD0028F6D197E8030003F008FF69
:101D700004F0AAFD0446484604F09EFDA8FB00239B
:101D800004EB934401E004F065FD04F09DFD214661
:101D900004F096FD0028F6D197E80300013E03F019
:101DA000EFFE6D0016F0FF06EDB2C7D104B0BDE83E
:101DB000F08B9BE80300ED4303F0E2FEEDB2BFE7DA
:101DC000400D030083DE1B43F0B5254983B0054673
:101DD0001C220078FEF792FC6E460446A968304645
:101DE000002203F093FE96E8030004F10C0383E85D
:101DF000030000223046E96803F088FE96E80300FD
:101E000004F1140383E8030001223046696803F0FB
:101E10007DFEF8212046FFF779FF20212046FFF7BD
:101E200075FF04F007FD04F04FFD00210646204633
:101E3000FFF76CFF04F048FD074604F0FDFC276047
:101E40002B69BA1B9A4202D23344DB1B6360686978
:101E5000824202D20644F71BA76003B0F0BD00BF68
:101E6000C91D01082DE9F04B17460E4617F801BBB6
:101E7000056844680BF0F00191468046FFF746FF85
:101E800001E004F0E7FC04F01FFD401B8442F8D899
:101E90004FEA0B1101F0F0014046FFF737FF04F065
:101EA00013FD012ED8F8085004461DD0B31EDBB236
:101EB0000233994417F8016B404606F0F001FFF732
:101EC00025FF01E004F0C6FC04F0FEFC001B854287
:101ED000F8D8310101F0F0014046FFF717FF04F098
:101EE000F3FC4F450446E5D1C8F80040BDE8F08B4F
:101EF00070B50B4904460078FEF7E0FBF821054673
:101F0000FFF704FF2679A068FEF7CAFE06B970BD88
:101F1000024631462846BDE87040FFF7A3BF00BF28
:101F2000C91D010870B50B4904460078FEF7C6FBD1
:101F3000FA210546FFF7EAFE2679A068FEF7B0FE13
:101F400006B970BD024631462846BDE87040FFF72D
:101F500089BF00BFC91D010830B583B0FF230D4DF7
:101F60008DF8073009E093E80300143403F01AFEFB
:101F700094E80300002203F015FE29460DF1070046
:101F8000FEF7E8FB0022044600F10C030028EAD12A
:101F900003B030BDC91D010870B582B004466D465E
:101FA00041680022284603F0B1FDA3689EB21B04DD
:101FB00012D406F118020C49207892B2FEF79EFB6B
:101FC000034695E8030083E80300D4E903129E82E8
:101FD00099601A6102B070BD044B05481A221A605C
:101FE00002F06AFA00F080FB991F01081801002036
:101FF0003872010870B5114904460078FEF75EFB9F
:102000000346D4E9026065681C46FEF749FE2B04CE
:1020100001460AD4A28AAB19934206D81635324635
:102020006019BDE8704004F0C7BE054B05481B228F
:102030001A6002F041FA00F057FB00BF991F010837
:1020400018010020547201082DE9F04B2DED028B90
:102050000378624988B0184608EE103AFEF72EFB66
:10206000D0E90354059004F02FFC401B844206D9AC
:1020700004F0F0FB04F028FC401B8442F8D8059DD6
:1020800095E8030005F11602AF8A039706AE86E8CD
:1020900003000492029204F017FCAB68019304461B
:1020A000002F50D0DFF84891029B13F8017B029378
:1020B0004FF008083B064A484BD504F0FDFBA9FB4E
:1020C0000035AD0C04F000FC001B8542FAD804F08A
:1020D000B1FB04F0F9FB054696E8030003F046FD6A
:1020E00004F0AAFB019B2C1BA3425FD93D4804F0DE
:1020F000E3FBA9FB00347F00A40C04F0E5FB401BCC
:102100008442FAD804F096FB96E8030003F02EFD13
:1021100004F092FB04F0D8FB8346334804F0CCFB78
:10212000A9FB0034A40C04F0CFFBA0EB0B0084420D
:10213000F9D82C46B8F10108BCD1DDE903231344DA
:10214000029A9A42B0D104F0BFFB059B0122D860ED
:1021500036E004F0B1FBA9FB0035AD0C04F0B4FB94
:10216000001B8542FAD804F065FB04F0ADFB834602
:1021700096E8030003F0FAFC1B4804F09DFBA9FB62
:102180000035AD0C04F0A0FBA0EB0B008542F9D8A4
:1021900096E8030003F0EAFC04F04EFB019BABEB76
:1021A0000404A34202D97F005C46C3E7002296E8FC
:1021B000030003F0F7FC04F087FB059B0022D860C6
:1021C0000A48019202F0AAFB019A18EE101A08B010
:1021D000BDEC028BBDE8F04BFEF754BE991F010821
:1021E000D012130010EB0900400D030074720108B7
:1021F00083DE1B4330B50C4983B004462C220078A3
:10220000FEF77CFA6D4603466168A26828461C46C4
:1022100003F008FD95E80300044A04F1240383E871
:102220000300626003B030BDF521010831220108CE
:1022300070B58369044600F1240292E8030003F0BC
:102240000105A66803F016FD854203D0A369E66187
:102250000133A3616069314604F032FB28B9D4E947
:10226000023213440120A36070BD94F8202023693A
:102270000748334442F0010284F82020636100F0F3
:10228000E3F9D4E9023213440120A36070BD00BF1A
:102290009800002038B50A4905460078FEF70EFA86
:1022A000044600F045F96B68A360AA68E260EA683A
:1022B0002046C4E904233821BDE8384000F044BA80
:1022C000F521010870B51C4886B000F0C5F980B34F
:1022D000FF231A4D1A4E8DF8173029460DF11700BD
:1022E000FEF738FA044620B394F82030DB07F4D523
:1022F00004F0A0FA94F82010A268A369039221F0D8
:10230000010184F820100293E46904F095FA304644
:1023100002F004FBDDE902329DF817100094FEF78D
:10232000B1FD29460DF11700FEF714FA0446002806
:10233000DAD106B070BD00BF98000020F521010879
:102340009872010838B5027B81680446007903F071
:102350009DFC0949054620222078FEF7CFF9D4E9F3
:102360000412064BC560818243600261BDE83840BB
:102370000C211830FEF764B94523010881230108B8
:10238000F8B500F1180604463046FEF74FF9078904
:1023900005463946E06803F05BFD2846FEF70EF976
:1023A0003046FEF72DF960B1A38ABB4224D02069E4
:1023B00000B9F8BDA368114A1844C4E901200120FE
:1023C000F8BD3046FEF722F9A38A4568BB4201D02A
:1023D000236913B9A5600120F8BDA06829461844F7
:1023E00004F06EFA0028F5D0054B064818221A6052
:1023F00002F062F800F078F90020F8BD0924010825
:1024000018010020D472010808B5044B04481722B3
:102410001A6002F051F800F067F900BF18010020BF
:102420000473010870B51C4905460078FEF746F9AB
:102430000646FEF7CBF86B684360AB680381044641
:1024400004F0F8F906F118012046FEF7E1F8054618
:1024500004F0F2F905B970BD304600F069F80F4B91
:1024600072689A4209D063680D4A3046C6E9012372
:102470002D21BDE8704000F067B96168B06804F0D4
:102480001FFA0028EFD0074B074819221A6002F004
:1024900013F800F029F900BF4523010809240108B9
:1024A0008123010818010020D472010870B582B0A0
:1024B000FF230C4D0C4E8DF8073008E0E068A18A30
:1024C00003F0C6FC666004F11800FEF7B5F8294673
:1024D0000DF10700FEF73EF904460028EED102B0E8
:1024E00070BD00BF4523010881230108027A4168BD
:1024F000007803F0CBBB00BF00207047084B0948B1
:1025000010B500221A7204F0D7F9074A07499468F7
:102510000346234403F10044012093608C6010BD06
:1025200004000020A08601001C00002028000020DC
:1025300010B5044604F082F90E490B68A34202D19B
:1025400011E0A3420CD01A461B68002BF9D14B684E
:10255000A34204BF084B4B60BDE8104004F072B9C1
:1025600023681360F3E7054BA2689A6022681A603B
:102570000B60ECE7040000201C000020100000208D
:102580002DE9F8431C4F3E68736830463BBB01F0B1
:10259000A3F9B568336838B39968284604F090F910
:1025A00010B12846BDE8F8837C683368A168D3F889
:1025B00008903B60284604F083F900B13C68A046CF
:1025C00024682846A16804F07BF90028F7D04D461E
:1025D00034607E60C8F800602846BDE8F8839847FC
:1025E000B56833680028D7D17A689D683B60B242ED
:1025F000D7D17B60D5E700BF04000020074B084A15
:102600000849094810B49C6894605DF8044B0A605E
:102610004B601360186004F05DB900BF1C0000201F
:10262000100000200400002028000020014B0022A0
:102630001A72704704000020024B187AC043C0F39E
:10264000C010704704000020024B00221A720123C0
:10265000037070470400002003780246D8B210B11E
:102660000023137001207047024B587A003818BFBE
:10267000012070470400002010B5064802F04EF912
:10268000054B064A06491B6812680978BDE81040E8
:10269000FEF7F8BB30730108A00000209C0000206A
:1026A0000001002008B50A4802F038F9094B0A4A2F
:1026B0000A491B6809781268FEF7E4FB084802F033
:1026C0002DF9084B997ABDE80840FEF7DBBB00BF47
:1026D00030730108A00000209C00002000010020B1
:1026E000647301080400002000B583B0019004F079
:1026F000A1F801990148FDF7C1FD00BFA400002029
:1027000008B5024801F0D8FEFFF7EEFF8873010814
:1027100008B5064A537A23B1022B1CBF002353721B
:1027200008BD034801F0C8FEFFF7DEFF04000020EB
:10273000A073010808B5034B5B7A03B108BDFFF72E
:10274000D3FF00BF040000202DE9F04BDFF8949088
:1027500085680E46074604F071F8D9F800408046B7
:10276000A168284604F0ACF870B9264624682846CB
:10277000A16804F0A5F80028F7D03C603760404617
:10278000BDE8F04B04F05EB804F09EF883460146C5
:10279000284604F095F858B90D4BC9F800309C4212
:1027A00008BF24683C609D601F6004F093F8E6E772
:1027B000084B09481D60094BC3F800B0084B1E7058
:1027C00001F07AFE99F80930002BE5D1FFF78CFF74
:1027D00010000020A0000020C47301089C0000200D
:1027E0000001002004000020F0B583B001F0FAFDE4
:1027F00002F0D6F92C4802F091F8FEF743FB04F002
:1028000019F82A48FDF734FD044670BB04F014F8AB
:1028100004F05AF8264E0446FF2704F01BF896F9F8
:10282000083003B304F050F8241A04F003F896F9C2
:10283000083083B904F000F804F046F825180123A5
:10284000337201F0FBFD04F03FF8044601462846D0
:10285000FEF760F8E1E7377203F0F8FF96F9083009
:10286000002BF9D1E6E72546E9E703F0E3FF04F0A2
:102870002BF80F4B5A7A014602B99C720C4C01910D
:1028800002236372FFF7BAFE01F0BAFD01236372FF
:1028900003F0D2FFFFF7F0FE064802F03FF8A27AFD
:1028A0000199FEF7EFFAB1E7D4730108A400002004
:1028B00004000020E073010838B50749054650229E
:1028C0000078FDF71BFF0446044B2879636000F095
:1028D000AFFD206138BD00BFB9280108E12801081B
:1028E00008B5034604481A7D42F001021A75FFF745
:1028F000ABFE002008BD00BF0401002070B51049E8
:1029000005460078FDF7DAFE04460026FFF710FEC4
:1029100026756B6803B970BDE36004F1160002F020
:1029200085FF03F087FF03F0CFFFE3681844A06042
:1029300031462046FFF708FFBDE8704003F07CBF3A
:10294000B9280108F0B5134985B006460078FDF7AF
:10295000B5FEB9230546ADF80C3003F0B5FF0121F3
:1029600003AB02220746286900F0B8FD03F0ACFF74
:102970009DF80D1021F08001202909D801EB810478
:10298000C31B317800943A4605F1160002F06CFF43
:1029900005B0F0BDB92801082DE9F043534885B0D2
:1029A000FFF75AFE88B1FF23514D524E4F4F8DF81D
:1029B000033002E0237DDB070AD429460DF1030032
:1029C000FDF7C8FE04460028F4D105B0BDE8F08349
:1029D00096E807000DF1040C6346ACE803008CF8A0
:1029E000002020699DF803800922012100F076FD76
:1029F000A27E9DF8061002F11B0311F0F0002344A3
:102A000025D0F02823D0A118FF221A71DA709A700D
:102A10005A70CA76A37E0533DBB22E2BA37604D977
:102A2000414604F1160002F007FF237D23F0010365
:102A3000237503F0FFFE03F047FFE3681844A0602E
:102A400000212046FFF780FE03F0F6FEB5E79DF873
:102A500008C01CF0F00001D0F028D4D19DF80A0085
:102A600010F0F00E34D19DF80BE0BEF1900FCAD1FA
:102A70009DF80C9029F08009B9F1200FC3D801F01E
:102A80001F0141EA40118000224400F060000CF078
:102A90001F0C9DF805E082F81BE040EA0C0C9DF845
:102AA000070058709DF809209A70D97083F804C007
:102AB000A37E0533DBB22E2BA3760DD8B9F11E0F02
:102AC00010D9238B013323833846FFF7BDFD74E70C
:102AD000BEF1F00F97D1C6E7414604F1160002F0AF
:102AE000ABFEEBE7B9F1010F9FD9EDE70401002040
:102AF000B9280108306E010870B5067A032E044625
:102B000010D8104900785022FDF7F8FD05460E4B0D
:102B100020796B6000F08CFC286100F0D3FC48B198
:102B20006E7570BD094B0A4814221A6001F0C4FC8E
:102B3000FFF7DAFD054B074815221A6001F0BCFCCF
:102B4000FFF7D2FDF92A0108592B010818010020CE
:102B5000087401082474010810B5037D5A0704465F
:102B60000BD5C37D0133C3750648FFF76DFDD4E96E
:102B7000023213440120A36010BD43F00403037527
:102B8000F2E700BF0801002010B4847D521A34B16E
:102B900004F1FF3C012101FA0CF10A44E240FE2A53
:102BA0000AD8017F4418033162771A0AA377E277C3
:102BB0005DF8044B01777047037FC21801219177BC
:102BC000FF2400215477D17703335DF8044B03775A
:102BD000704700BF38B50E4904460078FDF76EFD1A
:102BE0000546FFF7A5FC00232B75A36803B938BD84
:102BF0006368AB60A368EB6005F1180002F016FE95
:102C0000E368AB7528464A21BDE83840FFF79CBD14
:102C1000F92A01082DE9F04390F800803249054671
:102C200085B04046FDF74AFD0446A8682F79FEF7B7
:102C300037F894F81590B9F1020F054623D003F048
:102C400043FE03463A46206901211C462B4600F00C
:102C500045FC03F039FE0646322003F02DFE331BFF
:102C6000834288BF0027B9F1010F18BF26461F48CD
:102C700001F054FE00953B4632464146FEF702F90C
:102C800005B0BDE8F0830DF108092169484600F060
:102C90001DFC99E80300002202F084FF03F014FEFB
:102CA0000646012003F008FE064401E003F0D2FDD1
:102CB00003F00AFE0146304603F002FE0028F5D07C
:102CC00003F0B8FD99E80300012202F06BFF03F066
:102CD000FBFD064603F0B0FD20692B463A46012174
:102CE00000F0FCFBC3E700BFF92A010844740108A7
:102CF0002DE9F04BC44888B0FFF7AEFC002856D051
:102D0000FF23C24E8DF80B30002531460DF10B002C
:102D1000FDF720FD0446002849D0237D5F07F4D548
:102D200003F088FD94F817B02575E575D4F8088090
:102D300003F082FDE768A8EB07030193BBF1000FE6
:102D400019D04FF0FF0902E0BBF1010B13D0237F34
:102D5000E1180333DBB2302B81F81D908D77CD77EE
:102D60002377F1D99DF80B1004F1180002F064FDEF
:102D7000BBF1010BEBD194F815B0BBF1000F19D0EA
:102D8000BBF1010F57D0BBF1020F76D0237F302B60
:102D9000BBD904F118009DF80B1002F04DFD31462F
:102DA0000DF10B00FDF7D6FC04460028B5D108B0A4
:102DB000BDE8F08B4FF03208ADF8148003F084FDCD
:102DC00005AB022201210746206900F087FB03F0D2
:102DD0007BFD03464046A3EB070803F06DFD8045ED
:102DE0000BD9237FE218FF2103335177DBB2022195
:102DF00082F81FB091772377C9E79DF914209DF8D9
:102E00001430002A0BDA237FE218FF2103335177B5
:102E1000DBB2032182F81FB091772377B7E79DF8E3
:102E2000150001995B0243EA40033A462046FFF74A
:102E3000ABFE237FABE74FF67F63ADF8143003F0B2
:102E400043FD05AB022200218046206900F046FBCD
:102E500003F03AFDA0EB08080746322003F02CFDF2
:102E6000804573D9237FE218FF2103335177DBB20A
:102E70000221D5779177237789E70DF10C0B216932
:102E8000584600F023FB9BE80300002202F08AFE74
:102E900003F01AFD8146012003F00EFD814401E09C
:102EA00003F0D8FC03F010FD0146484603F008FD8E
:102EB0000028F5D003F0BEFC9BE80300012202F0DD
:102EC00071FE03F001FD814603F0B6FC42F284334B
:102ED0000593ADF81C50069520690A22012105AB27
:102EE00000F0FCFA0DF115010DF11B00052211F89F
:102EF000013F4FF0080B5A40530012F0800F08BFFB
:102F0000520083F01D0314BFDAB2D2B2BBF1010B41
:102F1000F2D18842EBD1D3439DF81D20DBB29A4217
:102F20007FF471AF9DF81C30DB0641D59DF916305A
:102F3000002B53DB237FE218FF2103335177DBB2F1
:102F4000042182F81FB09177237720E7C0228DF803
:102F500014208DF8155005AB59460222206900F067
:102F6000BDFA9DF814309DF8151083EA010282EA3B
:102F7000121282EA920282EA520212F001020CD18B
:102F8000580621D5237FE1180333CA77FF20DBB22F
:102F9000052248778A772377F9E6237FE218FF2115
:102FA00003335177DBB20321D57791772377EEE6B0
:102FB000237FE218FF2103335177DBB2052182F82A
:102FC0001FB091772377E2E6890041EA83233A46EE
:102FD00001992046FFF7D8FD237FD8E640F25550EF
:102FE00003F06AFCA7EB0807B944814510D9237F99
:102FF000E218FF2103335177DBB2012182F81FB0C1
:1030000091772377C3E600BF08010020F92A010861
:103010009DF817209DF816309DF81A00520042EADC
:103020004322237FE11803338A77C0F34500DBB2E4
:10303000120A4877CA772377A9E600BF38B507494F
:10304000054654220078FDF759FB0446044B2879C5
:103050006360FEF75DFB206138BD00BF3D300108B5
:103060006530010808B5034604481A7E42F00102A3
:103070001A76FFF7E9FA002008BD00BF0C01002016
:1030800070B5114905460078FDF718FB0446002687
:10309000FFF74EFA26766B6803B970BDE36004F162
:1030A0001A0002F0C3FB666103F0C4FB03F00CFCE2
:1030B000E3681844A06031462046FFF745FBBDE8B1
:1030C000704003F0B9BB00BF3D30010870B5214925
:1030D00086B006460078FDF7F1FA3A238DF80C30F9
:1030E00001220DF113030169CDE90023044603AB6E
:1030F00003C902F0C5FF9DF81330DB0602D5A38B90
:103100000133A38372238DF8103003F0DDFB05AB90
:103110002269019302230093054604AB92E8030061
:10312000012202F0ADFF03F0CFFB9DF814C031780F
:10313000431B4FEA0C2C04F11A009DF815400CF4C7
:10314000F85C44EA0C042A46009402F08DFB06B0B9
:1031500070BD00BF3D3001082DE9F041364884B014
:10316000FFF77AFA80B1FF23344D334E8DF80B30E0
:1031700002E0237EDB070AD429460DF10B00FDF7A0
:10318000E9FA04460028F4D104B0BDE8F081E38AEE
:103190009DF80B802F2B1FD903AF74228DF80C20C4
:1031A00022693B4604F11F0130270097019192E804
:1031B0000300012202F064FFE38AA777303BE38239
:1031C000414604F11A0002F037FBE38A2F2B21D984
:1031D0003046FFF739FACFE7722223698DF80820CD
:1031E00003AF02220092019793E80300012202AB91
:1031F00002F046FF9DF80C309DF80D20A08A1B02BE
:1032000003F4F85342EA0301884238BFA1822F2910
:10321000E182C2DC237E23F00103237603F00AFB64
:1032200003F052FBE3681844A06000212046FFF73A
:103230008BFA03F001FB9FE70C0100203D300108F1
:103240002DE9F04190F81080B8F1030F84B00546E5
:1032500031D8007800F0ECF807461C20FDF78AF919
:1032600002AE044669683046012202F0DBFC96E8B3
:10327000030084E803006E46A9683046002202F08D
:1032800045FC96E8030004F1080383E803000022EC
:10329000E968304602F03AFC96E8030004F11003B6
:1032A00083E803002146384684F8188004B0BDE85E
:1032B000F04100F0F1B8044B044813221A6001F009
:1032C000FBF8FFF711FA00BF180100208074010815
:1032D000027E00F1100393E8030002F0020202F004
:1032E00061BC00BF2DE9F04B82B0541E074600912F
:1032F000E4B2002A4DD003F1FF392344019300F1D9
:10330000100600F1080819F8015F4FF0080B0024BF
:103310001AE096E8030002F033FC05F0800298E81A
:10332000030002F03FFC96E8030002F029FC97E856
:10333000030002F09FFC6400E4B26D000443BBF1A3
:10334000010BEDB2E4B21DD03B7EDB0705F080023D
:10335000DFD498E8030002F025FC96E8030002F0B1
:103360000FFC97E8030002F085FC6400E4B204431C
:1033700096E8030002F004FC6D00BBF1010BEDB216
:10338000E4B2E1D1009B0BB189F80040019B4B45B1
:10339000B9D102B0BDE8F08B70B5044682B00F49D8
:1033A00000781422FDF7AAF9A66861686D46B6FA9E
:1033B00086F252090446284602F0A8FB95E803006D
:1033C00004F1080383E80300002E94F9103014BFC1
:1033D000092201221343237402B070BD99330108FE
:1033E000F8B50D4904460079FDF768F9267A0B49CE
:1033F00006F1080207462078FDF780F905460671B8
:10340000E0682F60FDF74CFC32460146681DBDE8C0
:10341000F84003F0D1BC00BF99330108E133010843
:10342000024900781422FDF769B900BF99330108F9
:103430000149FDF743B900BF9933010870B505464E
:103440001249007882B0FDF739F92A7A032A044636
:1034500013D8037C13F0060F0FD16E46EB68696832
:10346000304602F06FFE96E80300237C43F004032D
:1034700084E80300237402B070BD054B0548112297
:103480001A6001F019F8FFF72FF900BF993301080E
:10349000180100208074010808B5037C13F0060FA2
:1034A00004D143F002030374016008BD034B0448D8
:1034B00012221A6001F000F8FFF716F91801002037
:1034C00080740108007C00F0010070470831034659
:1034D00003C983E803001846704700BF2DE9F04395
:1034E000057C15F0060F83B004460E461746994634
:1034F0001DD0A9070DD50068FFF7EAFEEA0735D40D
:1035000020684B463A46314603B0BDE8F043FFF72A
:10351000E9BED0E9000102F067FEEB070AD494E8A7
:1035200003003B46CDF80090324602F06FFE03B038
:10353000BDE8F08304F10808C5F3C00298E8030071
:1035400002F030FBCDF8009094E803003B46324691
:10355000ED0802F05BFE98E8030085F0010202F03E
:10356000010203B0BDE8F04302F01CBB04F10808FF
:1035700098E80300C5F3C00202F014FB20684B4634
:103580003A463146ED08FFF7ADFEE4E770B5067840
:103590000F4982B004463046FDF790F80346D4E95F
:1035A00001501C46FDF77CFBEAB203460121204690
:1035B000CDE90023FFF792FF064801F0AFF9DDE9FE
:1035C0000023314602B0BDE87040FDF75BBC00BF90
:1035D000993301089474010830B50A4983B0044650
:1035E0000078FDF76BF8227901920546A068FDF797
:1035F00057FB019A03460021284603B0BDE830403E
:10360000FFF76CBF9933010810B582B0FF23154C4A
:103610008DF8073002E0027CD3071AD421460DF161
:103620000700FDF797F80028F5D1FF230E4C8DF821
:10363000073003E002790068FFF750FF21460DF1E3
:103640000700FDF787F80021431D0028F2D102B0E2
:1036500010BD82F00802083003C8C2F3C00202F0B5
:10366000A1FADBE799330108E133010838B500F12D
:10367000340504462846FCF7C3FF10B10020606102
:1036800038BD2846FCF7D2FFB0F9083042682382E3
:103690001344E36094F84430D90605460FD5A16879
:1036A000438963610A44A2602A7BD20711D4226B4A
:1036B000134423632846FCF781FF012038BDA1692C
:1036C00043890A44A261A2605A0062612A7BD20740
:1036D000EDD5216B04F128025B1A236392E8030005
:1036E00002F044FAE6E700BF70B500F1200304469B
:1036F00093E8030002F03AFA03F0E6F86369E1693F
:10370000013BDA07636100EB010503D5A5600126E3
:10371000304670BD83B1E268A069B4F9103010443E
:103720001344A061E360294603F0CAF80028EDD1F4
:10373000A369A3600126EBE72046FFF797FF064643
:103740000028E5D0A068294603F0BAF80028DFD0A9
:10375000A3684FF47A705E1B03F0AEF84042B042AB
:10376000D4DD044B04480E221A6000F0A5FEFEF7DB
:10377000BBFF00BF18010020C07401082DE9F04113
:1037800005463249007882B04822FCF7B7FFEF685F
:10379000002F044627DD04226E4680F84420696825
:1037A000304602F0B3F996E8030004F1200383E801
:1037B00003000022A968304602F0A8F996E8030049
:1037C00004F1280383E803004FF0404323632B698F
:1037D000E361102104F13400FCF732FF1C4B6360FD
:1037E00002B0BDE8F0814FF000086E4680F84480DA
:1037F00069684246304602F089F996E8030004F110
:10380000200383E803004246A968304602F07EF9AF
:1038100096E8030004F1280383E803004FF04043D7
:1038200023632B69E361102104F13400FCF708FFE6
:10383000E369002BD2D1002FD0D094F8443043F06C
:10384000100384F8443002B0BDE8F0817D370108F0
:10385000E936010838B50446A0F13C052846FEF7D4
:1038600067FE237A54F80C1C002244F8342C44F8E8
:10387000242C54F8282CD8064CBF891AA1EB5201ED
:1038800003F01403002943F00803C8BF4942002293
:10389000237205F1280344F80C1C44F8282C93E803
:1038A000030002F07FF9227AD3060DD5083C03E02D
:1038B000FCF7BCFEFCF782FE2046FCF7A1FE0346A7
:1038C0002046002BF4D038BD203595E8030002F0E7
:1038D000040202F067F9E9E700F1200310B504469D
:1038E00093E8030002F042F96369013B0AD0D4E98E
:1038F0000210B4F91020636101440244C4E90212C9
:10390000012010BD2046BDE81040FFF7AFBE00BF4C
:1039100070B5294905460078FCF7D0FE0646FCF74D
:1039200055FE6B6843602B8943810446002B3BD0D6
:10393000EA6802810023037302F07CFF96F84430AA
:1039400003F00101C3F34002914205D0227B42F013
:10395000010283F0010322737269D2B91A0711D4EC
:1039600006F1340186F844302046FCF751FE30461B
:10397000FFF77CFE30461621FEF7E6FEBDE87040FC
:1039800002F05ABF2046FCF719FEBDE8704002F075
:1039900053BF86F8443006F134012046FCF738FE68
:1039A000BDE8704002F048BF044B05480F221A6082
:1039B00000F082FDFEF798FE7D3701081801002017
:1039C000D874010838B50C4904460078FCF776FE37
:1039D00063680446002B14BF0225002502F02AFF6D
:1039E00094F8443023F002031D4384F84450BDE8AA
:1039F000384002F021BF00BF7D37010838B50F49BC
:103A000005460078FCF75AFE04466D6802F012FF86
:103A100063695BB994F84430A56023F00803A5619D
:103A200084F84430BDE8384002F006BF044B054836
:103A300010221A6000F040FDFEF756FE7D370108A7
:103A400018010020F074010870B506780F4930465F
:103A5000FCF734FE054602F0EDFE95F844302C6B81
:103A60006A69DB064CBFA41AA4EB520402F0E4FE20
:103A7000002CB8BF6442064800F050FF04F14042F9
:103A80003146BDE87040FDF7FDB900BF7D37010844
:103A90001875010838B5084904460078FCF70EFE91
:103AA0000546207900F07CFB05F13C01034ABDE8A6
:103AB000384000F07BBB00BF7D3701085538010856
:103AC00030B583B0FF230B4D8DF8073006E0FCF7CF
:103AD000B3FD002104F13C00FFF7BCFE29460DF1C7
:103AE0000700FCF737FE04463430002CEFD103B05A
:103AF00030BD00BF7D37010810B504460648FEF70B
:103B0000A3FDD4E90231627F42F001020B446277E7
:103B1000A360012010BD00BF1001002010B5047A81
:103B2000032C08D8084900782022FCF7E7FD074B52
:103B30000477436010BD064B064803221A6000F06C
:103B4000BBFCFEF7D1FD00BF1D3B0108F93A01089F
:103B5000180100203875010838B50D490446007871
:103B6000FCF7ACFD0B4B054600221A70FEF7E0FC9B
:103B70006368AB60A368EB6003B938BDE3682B6191
:103B800023696B6128464421BDE83840FEF7DCBD5F
:103B90001D3B01080D0100202DE9F04B3D4886B08A
:103BA000FEF75AFD002849D0FF233B4D3B4FDFF87D
:103BB000F0808DF81330002629460DF11300FCF734
:103BC000C9FD0446002839D0637FDA07F4D502F036
:103BD00031FE637FD4F8089023F00103637702F08D
:103BE0002BFE237F032BE7D8DFE803F046392B02B7
:103BF000A0699DF813B0ADF8146005AB0222012155
:103C0000FFF76CFCBDF8144064BAA4B2384600F06B
:103C100085FE23464A4659460096FDF733F9630769
:103C2000CAD5404600F048FCFEF784FD29460DF158
:103C30001300FCF78FFD04460028C5D106B0BDE88F
:103C4000F08B9DF813100391384600F067FE03993E
:103C500000964A4644F22C03FDF714F9ACE79DF8B0
:103C600013100391384600F059FE039900964A4616
:103C70000023FDF707F99FE79DF8131003913846DD
:103C800000F04CFE039900964A464FF0A073FDF7F2
:103C9000F9F891E7100100201D3B01085875010853
:103CA000947501082DE9F043044685B01A4900785F
:103CB0003422FCF723FD94F80890D4F80480E768D8
:103CC000B9F1000202AE054618BF01224146304656
:103CD00001F0A8FF96E8030005F114036E4683E89F
:103CE000030001223946304601F010FF96E8030038
:103CF00005F10C0383E80300B9F1000F08BF0123AD
:103D000022692A6218BF1123B84508BF43F0200377
:103D10002B7705B0BDE8F083A53C010838B5044613
:103D200000F10C0393E8030001F020FF637F94F897
:103D30001CC094F81FE0656A0133DBB28CF0010C03
:103D4000734584F81CC00CF0010C29D204EBD3029B
:103D500003F0070192F828200A4102F0010294457D
:103D6000294607D016E092F82820024102F001020D
:103D700094450FD10133DBB2734504EBD30203F05A
:103D800007002944EFD3A368064A0B44C4E9012382
:103D9000012038BDA26863770A44A260012038BDC3
:103DA0002946F0E7113E010800F10C0310B5044666
:103DB00093E8030001F0DAFE02F086FD637F227FC4
:103DC0000133DBB282F00102012B2277637719D035
:103DD000042B05D8A268236A1344A360012010BDF8
:103DE000A368626A1A44801A811C226A48BF411D76
:103DF00002EBA1011844054A61620844C4E90120AC
:103E0000012010BDA268801A6062E4E71D3D010830
:103E100010B5837F0446B3B1027F93060AD4A3682A
:103E2000606A164A002103EB80036177C4E901232D
:103E3000012010BD00F1140393E8030002F010020A
:103E400001F0BCFEEBE7037F13F0200F00F10C0341
:103E500093E803004FF001020CD101F0A3FE237F91
:103E6000074803F0300343F009032377FEF7ECFB28
:103E7000002010BD01F012FEF1E700BF093F01086C
:103E80001401002000F1140310B5044693E8030068
:103E900001F0F0FE637F04EBD30C012203F0070175
:103EA00002FA01F19CF8282078B10A43D2B28CF8CA
:103EB0002820A27F0133DBB29A4209D9A268616A45
:103EC00063770A44A260012010BD22EA0102EEE7F6
:103ED000237F13F0200F04F10C0393E803004FF04D
:103EE00001020CD101F05EFE237F064803F030038F
:103EF00043F009032377FEF7A7FB002010BD01F074
:103F0000CDFDF1E71401002000F1140310B50446C3
:103F100093E8030001F0AEFE237F68B143F0040391
:103F20002377637F5A1C3F2B62770FD8A368626A9E
:103F300013440120A36010BD5B07F2D56077114BDD
:103F400063602046BDE81040FFF79CBF237F00223E
:103F5000A27713F0200F04F10C0393E803004FF055
:103F600001020CD001F09AFD237F074803F03003D3
:103F700043F009032377FEF767FB002010BD01F033
:103F800011FEF1E7853E010814010020F8B526492D
:103F900005460078FCF792FB037F13F00206044607
:103FA00000D0F8BDA8682F79FCF77AFE0A2F2D7B88
:103FB000014631D80A2D2FD83A4604F1280002F0E4
:103FC000FBFE237F667703F0310343F00203ED002D
:103FD0002377FB00E377A5772FB194F8283003F01F
:103FE0003F032A2B15D0226A104B6262636002F0F5
:103FF00021FC02F069FC0546C82002F05DFC284463
:10400000A06033212046FEF79FFBBDE8F84002F098
:1040100013BC074B6360EAE7064B074802221A60AD
:1040200000F04AFAFEF760FBA53C01081D3D0108BF
:10403000A93D010818010020B075010870B51848A5
:1040400082B0FEF709FB48B3FF23164D164E8DF8DC
:10405000073029460DF10700FCF77CFB0446E8B168
:10406000237F1B07F5D502F0E5FB237F23F0080330
:10407000237702F0E1FB304600F050FCA27F9DF870
:10408000071004F12803D208FCF7FCFE29460DF1C5
:104090000700FCF75FFB04460028E1D102B070BDC9
:1040A00014010020A53C0108C875010830B583B093
:1040B000FF23114D8DF8073008E003C901F0EEFC35
:1040C000237F03F0300343F00103237729460DF1EA
:1040D0000700FCF73FFB00F10C01012204460B46F0
:1040E00040B1207F8006E8D493E80300012201F06C
:1040F00059FDE5E703B030BDA53C010810B5044605
:10410000074894F8203043F0040384F82030FEF789
:104110009BFAA368A26913440120A36010BD00BFED
:104120001C01002008B5242204490078FCF7E6FAB7
:10413000034A044B4260036108BD00BF25410108EA
:10414000FD4001089141010870B590F82030DA0770
:1041500004460E4619D5C06984F8211023F00503E2
:1041600043F0040384F8203050B10025D0E9002347
:104170003146E261C0E900559847E0690028F5D171
:10418000BDE870400148FEF75FBA70BD1C01002019
:1041900008B503460C38997DFFF7D6FF002008BD0F
:1041A0000149FCF78BBA00BF2541010870B50C46E8
:1041B0000546164602F042FB636843B93EB1EB691F
:1041C000C4E90036EC61BDE8704002F03BBB044B33
:1041D000044801221A6000F06FF9FEF785FA00BF6B
:1041E00018010020EC75010838B51A490546007819
:1041F000FCF764FA044602F01DFB2046FEF798F92E
:1042000004F10C00FEF794F9E36933B100211A467A
:104210001B68C2E90011002BF9D10022012323847D
:1042200084F822206B68A360AB68C4E9063233B916
:10423000EB6884F82230BDE8384002F0FDBA204631
:104240001D21FEF781FAEB6884F82230BDE8384082
:1042500002F0F2BA2541010830B5114983B0054694
:104260000078FCF72BFA044602F0E4FA94F82030C8
:10427000DB0704D403B0BDE8304002F0DDBA04F13E
:104280000C000190FEF754F96B68019863611C21E2
:10429000FEF75AFA03B0BDE8304002F0CDBA00BFD5
:1042A0002541010870B50678134984B005463046AB
:1042B000FCF704FA044602F0BDFA29792046FFF71C
:1042C00043FF2046FEF734F9002504F10C00FEF709
:1042D0002FF994F8213084F82050039302F0ACFABF
:1042E000064800F01BFB039B00952A463146FCF76D
:1042F000C9FD04B070BD00BF254101081476010856
:104300002DE9F0411E4886B0FEF7A6F9A0B3FF23C1
:104310001C4E1D4F8DF8173031460DF11700FCF77C
:1043200019FA044640B394F820305B07F4D502F044
:10433000CBFA054602F07EFA94F8208094F82130FA
:10434000039328F0040284F8202002F075FA9DF807
:1043500017100291384600F0E1FA039B029900958C
:1043600008F00102FCF78EFD31460DF11700FCF755
:10437000F1F904460028D6D106B0BDE8F08100BFAF
:104380001C010020254101081476010870B5144E67
:1043900082B0FF2331460DF107008DF80730FCF79E
:1043A000D9F900240546C8B1FEF7C2F805F10C00A2
:1043B000FEF7BEF8EB692BB11A461B68C2E9004450
:1043C000002BF9D1EC612C8485F8224031460DF1A7
:1043D0000700FCF7BFF905460028E5D102B070BD23
:1043E0002541010808B5FCF7B9F8FDF797FA01F087
:1043F00037FF02F09DFABDE8084002F011B900BF96
:1044000008B5FCF755FDFCF731F9FDF743F9FFF767
:1044100057FBFFF7BBFFFCF769F8FFF7F5F8FEF76E
:1044200045F8FFF743FEFDF797FDFDF72FFC02F07F
:1044300013FABDE8084002F079BA00BF08B502F0EF
:1044400009FAFFF75DFF02F005FAFCF701F802F048
:1044500001FAFCF7E9FB02F0FDF9FFF7EFFD02F0CE
:10446000F9F9FDF72FFF02F0F5F9FFF795FB02F0E0
:10447000F1F9FEF791FA02F0EDF9FEF739FC02F0DE
:10448000E9F9FEF769FE02F0E5F900F093FF02F0AA
:10449000E1F901F01DF902F0DDF901F0D9FE02F0B9
:1044A000D9F902F0C9FA02F0D5F902F013F9BDE822
:1044B000084002F0CFB900BF10B5C9490446FBF768
:1044C000E5FE002800F06281C6492046FBF7DEFECB
:1044D000002800F05981C4492046FBF7D7FE002888
:1044E00000F05881C1492046FBF7D0FE002800F0BB
:1044F0004F81BF492046FBF7C9FE002800F04C81E0
:10450000BC492046FBF7C2FE002800F04981BA49A9
:104510002046FBF7BBFE002800F04481B749204647
:10452000FBF7B4FE002800F03981B5492046FBF7BF
:10453000ADFE002800F03881B2492046FBF7A6FE08
:10454000002800F03381B0492046FBF79FFE002889
:1045500000F02E81AD492046FBF798FE002800F0C0
:104560002981AB492046FBF791FE002800F0248109
:10457000A8492046FBF78AFE002800F01F81A649C3
:104580002046FBF783FE002800F01A81A34920464D
:10459000FBF77CFE002800F01581A1492046FBF7BF
:1045A00075FE002800F010819E492046FBF76EFE44
:1045B000002800F00B819C492046FBF767FE00288D
:1045C00000F0068199492046FBF760FE002800F0C4
:1045D000018197492046FBF759FE002800F0FE8034
:1045E00094492046FBF752FE002800F0F5809249DE
:1045F0002046FBF74BFE002800F08E818F492046B5
:10460000FBF744FE002800F085818D492046FBF72A
:104610003DFE002800F07C818A492046FBF736FEEB
:10462000002800F0738188492046FBF72FFE002800
:1046300000F06A8185492046FBF728FE002800F03B
:10464000618183492046FBF721FE002800F0588154
:1046500080492046FBF71AFE002800F04F817E4972
:104660002046FBF713FE002800F046817B492046D8
:10467000FBF70CFE002800F03D8179492046FBF74E
:1046800005FE002800F0348176492046FBF7FEFD48
:10469000002800F02B8174492046FBF7F7FD002825
:1046A00000F0228171492046FBF7F0FD002800F060
:1046B00019816F492046FBF7E9FD002800F01081C1
:1046C0006C492046FBF7E2FD002800F007816A49AB
:1046D0002046FBF7DBFD002800F0FE8067492046FE
:1046E000FBF7D4FD002800F0F58065492046FBF774
:1046F000CDFD002800F0EC8062492046FBF7C6FDA6
:10470000002800F0E38060492046FBF7BFFD002849
:1047100000F0DA805D492046FBF7B8FD002800F084
:10472000D1805B492046FBF7B1FD002800F0C8802E
:1047300058492046FBF7AAFD002800F0BF805649E3
:104740002046FBF7A3FD002800F0B6805349204621
:10475000FBF79CFD002800F0AD8051492046FBF797
:1047600095FD002800F0A4804E492046FBF78EFD01
:10477000002800F09B804C492046FBF787FD00286D
:1047800014BFFF20342010BD032010BD022010BD37
:10479000052010BD042010BD062010BD092010BD4D
:1047A000072010BD082010BD0A2010BD0B2010BD31
:1047B0000C2010BD0D2010BD0E2010BD0F2010BD0F
:1047C000102010BD112010BD122010BD132010BDEF
:1047D000142010BD152010BD172010BD162010BDCF
:1047E000A0730108C473010888730108A47001084C
:1047F0008C70010874700108B06F010854760108CC
:10480000EC6E0108D86E0108C46E0108406F010803
:10481000806E0108B06E0108546F01089C6E01089B
:10482000B871010848710108807101081C71010804
:10483000F0740108D8740108C0740108EC7501080F
:104840003C6E01088074010810720108D4720108DE
:104850000473010824700108FC6F0108E86F010867
:10486000B075010854720108387201088076010899
:10487000947501083875010824740108087401084A
:1048800090760108A8760108BC760108D076010868
:10489000F0760108087701081477010828770108E5
:1048A000387701084C77010878770108332010BD6C
:1048B000322010BD312010BD302010BD2F2010BD82
:1048C0002E2010BD2D2010BD2C2010BD2B2010BD82
:1048D0002A2010BD292010BD282010BD272010BD82
:1048E000262010BD252010BD242010BD232010BD82
:1048F000222010BD212010BD202010BD1F2010BD82
:104900001E2010BD1D2010BD1C2010BD1B2010BD81
:104910001A2010BD192010BD182010BD10B56C490B
:104920000446FBF7B3FC002800F0A280694920464A
:10493000FBF7ACFC002800F0998067492046FBF7A4
:10494000A5FC002800F0988064492046FBF79EFCF7
:10495000002800F08F8062492046FBF797FC002872
:1049600000F08C805F492046FBF790FC002800F0A7
:1049700089805D492046FBF789FC002800F084808F
:104980005A492046FBF782FC002879D05849204636
:10499000FBF77CFC002879D056492046FBF776FCD3
:1049A000002875D054492046FBF770FC002871D0D0
:1049B00052492046FBF76AFC00286DD0504920463A
:1049C000FBF764FC002869D04E492046FBF75EFCEB
:1049D000002865D04C492046FBF758FC002861D0E0
:1049E0004A492046FBF752FC00285DD04849204642
:1049F000FBF74CFC002859D046492046FBF746FC03
:104A0000002855D044492046FBF740FC002851D0EF
:104A100042492046FBF73AFC00284DD04049204649
:104A2000FBF734FC00284BD03E492046FBF72EFC18
:104A3000002843D03C492046FBF728FC002845D0FD
:104A40003A492046FBF722FC00283DD03849204651
:104A5000FBF71CFC002835D036492046FBF716FC36
:104A6000354B00280CBF1846002010BD334810BD40
:104A7000334810BD334810BD334810BD334810BD16
:104A8000334810BD334810BD334810BD334810BD06
:104A9000334810BD334810BD334810BD334810BDF6
:104AA000334810BD334810BD334810BD334810BDE6
:104AB000334810BD334810BD334810BD334810BDD6
:104AC000334810BD334810BD334810BD334810BDC6
:104AD000D473010864730108E0730108307301089E
:104AE000C06F0108906F0108786F0108686F0108B6
:104AF000046F0108D0700108BC7001081875010826
:104B0000E070010814760108506E010894740108E1
:104B1000E871010848700108C8750108747201083D
:104B20009872010858750108447401088C770108CF
:104B3000C47701082C780108CC780108DC780108DA
:104B4000D4780108EC780108E47801085C78010861
:104B500004790108F4780108FC7801080C7901084F
:104B6000147901081C790108247901086478010886
:104B70006C780108747801087C7801088478010851
:104B80008C780108947801089C780108AC780108B9
:104B9000A4780108C4780108BC780108B478010839
:104BA00010B50D4C82B00121082001F0FFFF8222D8
:104BB00041F2030301A92046ADF80420ADF8063008
:104BC00001F092FF2046802101F0EEFF02212046F5
:104BD00001F0EAFF02B010BD000C01404348444A16
:104BE000D0F88810434B41F4700110B4C0F888101D
:104BF000116841F00101116054682340536013684B
:104C000023F0847323F480331360136823F4802328
:104C10001360536823F00F6300204FF41F0123F447
:104C200070235360D06210639160D3693249334876
:104C300043F08053D361CB6843F00103CB60D36969
:104C400023F08053D361016841F090010160116845
:104C500041F480314FF6FF73116001E0013B02D057
:104C600011688803FAD5224B1A68910339D5234A73
:104C7000116821F003011160116841F00401116015
:104C80005A685A605A6842F400525A605A6842F4AC
:104C9000A0625A605A6822F0036222F470225A60BD
:104CA0005A6842F0016242F470225A601A6842F077
:104CB00080721A601A689201FCD559680C4A21F07A
:104CC00003015960596841F002015960536803F0CB
:104CD0000C03082BFAD1054B094A5DF8044B9A6086
:104CE0007047084B084A1A60F5E700BF00ED00E086
:104CF0000010024000C0FFF8007000400020024099
:104D0000000001083400002000127A0008B54FF4BA
:104D1000006001F0E3FF00B908BD4FF4006001F04E
:104D2000EBFF024B01221A7008BD00BF1D010020DD
:104D30000A4B1B783BB10A4A0A49136801338B427C
:104D400088BF094B1360094B09491A6801321A6080
:104D50001A688A4284BF00221A607047300100201E
:104D60002C0100207F8D5B00808D5B0020010020E6
:104D70003F420F0008B51248012101F0C3FF00B9FE
:104D800008BD01210E4801F0C9FF0E4A0E49136803
:104D900001338B4204D81360BDE80840FFF7C8BF59
:104DA0000A490B780133DBB23B2B4FF0000094BF74
:104DB0000B700870BDE808401060FFF7B9BF00BF76
:104DC00000080040280100209F86010024010020E7
:104DD000704700BFFEE700BFFEE700BFFEE700BF71
:104DE000FEE700BF704700BF704700BF70B500F11D
:104DF00008030646002293E8030000F04FFE756AA0
:104E000001F062FD04464FF47A7005FB00F001F0FA
:104E100053FD2546154CA4FB003405EB944401F0EA
:104E200053FD8442FBD806F1100393E803000122EE
:104E300000F0C4FE756A01F047FD04464FF47A7035
:104E400005FB00F001F038FD2546084CA4FB0034BA
:104E500005EB944401F038FD8442FBD8183696E8FF
:104E600003000122BDE8704000F0A8BE83DE1B43B2
:104E70002DE9F04B84B000F118030827029300F1EC
:104E800010030193DFF824B1C31906460D460393BE
:104E90004FF47A792B067DD4039B002293E803001C
:104EA00000F0FCFDD6F8248001F00EFD044609FB5D
:104EB00008F001F001FD6D00ABFB0023EDB204EB47
:104EC000934401F001FD8442FBD8019B012293E849
:104ED000030000F073FED6F8248001F0F5FC0446D0
:104EE00009FB08F001F0E8FCABFB002304EB934462
:104EF00001F0EAFC8442FBD896E80300002200F0AF
:104F0000CDFD013FC6D1029B012293E8030000F0D2
:104F100055FE756A01F0D8FC04464FF47A7005FB23
:104F200000F001F0C9FC214BA3FB002304EB9344E8
:104F300001F0CAFC8442FBD8019B012293E80300E4
:104F400000F03CFE029B93E8030000F093FE776ABA
:104F5000054601F0B9FC04464FF47A7007FB00F0F7
:104F600001F0AAFC114BA3FB002304EB934401F0D6
:104F7000ABFC8442FBD896E80300002200F08EFDD3
:104F8000029B012293E8030000F018FE4DB904B023
:104F9000BDE8F08B029B012293E8030000F00EFEB7
:104FA00080E70348FFF788FAFDF79EFB83DE1B438B
:104FB00080760108F8B5456A0F46064601F084FC84
:104FC00004464FF47A7005FB00F001F075FC2546AD
:104FD000284CA4FB003405EB944401F075FC84429A
:104FE000FBD806F1180393E80300012200F0E6FD68
:104FF00006F1100393E80300012200F0DFFD756A5B
:1050000001F062FC04464FF47A7005FB00F001F0F9
:1050100053FC2546174CA4FB003405EB944401F0E7
:1050200053FC8442FBD806F1080393E803000022F6
:1050300000F034FD756A01F047FC04464FF47A70C5
:1050400005FB00F001F038FC25460A4CA4FB0034B7
:1050500005EB944401F038FC8442FBD896E8030049
:10506000002200F01BFD39463046BDE8F840FFF74E
:10507000FFBE00BF83DE1B432DE9F041054684B02F
:105080000078FCF745FB80462C20FBF773FA2B6970
:105090005B0080F8203041F288321C4B426202AF44
:1050A0006A6969681A6004460122384600F0BAFD50
:1050B00097E8030004F1100383E803006E46696873
:1050C0003046012200F022FD96E8030084E8030048
:1050D0000122A968384600F0A5FD97E8030004F115
:1050E000180383E803000122A968304600F00EFD92
:1050F00096E8030004F1080383E8030021464046D4
:1051000004B0BDE8F041FCF729BB00BF340100202A
:10511000704700BF704700BF70B50D4690F8201073
:1051200006461446FFF746FF3DB1254414F8011B1F
:105130003046FFF79DFEAC42F8D13046BDE87040E6
:10514000FFF754BE2DE9F04B84B00D4690F82010C7
:105150001F460C9B03930646144641F00108002DA0
:1051600040F0AA8041463046FFF724FF7B1EDBB2A9
:105170000293002F00F0928006F118030093DFF8ED
:10518000509106F110030193009B012293E8030064
:1051900000F014FD082700254FF47A7BD6F8248010
:1051A00001F092FB04460BFB08F001F085FBA9FB24
:1051B000002304EB934401F087FB8442FBD8019B5E
:1051C000012293E8030000F0F9FCD6F8248001F0F6
:1051D0007BFB04460BFB08F001F06EFBA9FB0023F0
:1051E00004EB934401F070FB8442FBD8009B93E8EE
:1051F000030000F03FFD6D00EDB20543002296E88C
:10520000030000F04BFC013FEDB2C7D1009C01222E
:1052100094E8030000F0D2FC029B002B44D194E8F8
:105220000300012200F0CAFC776A01F04DFB04463E
:105230004FF47A7007FB00F001F03EFBA9FB00235E
:1052400004EB934701F040FB8742FBD8019B01220E
:1052500093E8030000F0B2FC776A01F035FB0446E6
:105260004FF47A7007FB00F001F026FBA9FB002346
:1052700004EB934701F028FB8742FBD8002296E815
:10528000030000F00BFC029B039A013BDBB202F827
:10529000015BFF2B029303927FF476AF304604B09C
:1052A000BDE8F04BFFF7A2BD06F1080393E8030049
:1052B0003A4600F0F3FBB7E7FFF77CFE254414F80D
:1052C000011B3046FFF7D4FDA542F8D14AE700BFE5
:1052D00083DE1B4338B50749054650220078FBF7AB
:1052E0000DFA0446044B28796360FEF7A1F82061AB
:1052F00038BD00BFD5520108FD52010808B503466C
:1053000004481A7D42F001021A75FDF79DF900204C
:1053100008BD00BF3801002070B51049054600786F
:10532000FBF7CCF904460026FDF702F926756B68F9
:1053300003B970BDE36004F1160000F077FA01F0E4
:1053400079FA01F0C1FAE3681844A06031462046BA
:10535000FDF7FAF9BDE8704001F06EBAD5520108C8
:1053600070B5134984B004460078FBF7A7F9AF2362
:105370000546ADF80C3001F0A7FA03AB0646022251
:1053800028690121FEF7AAF801F09EFA9DF80DC0E8
:1053900021780CF01F0C0CEB4C0C4FEA4C04831BD7
:1053A0000094324605F1160000F05EFA04B070BDBC
:1053B000D55201082DE9F0433E4885B0FDF74CF980
:1053C00080B1FF233C4D3B4F8DF8033002E0237D3D
:1053D000DB070AD429460DF10300FBF7BBF90446AD
:1053E0000028F4D105B0BDE8F083AF22002394F883
:1053F0001A90ADF80420A822029320698DF80E308F
:10540000ADF80C308DF8082002AB0722012109F11C
:105410001B069DF80380A144FEF760F801AB022251
:1054200020690121FEF75AF826449DF8093089F8D1
:105430001B309DF80A309DF8052073709DF80B30E5
:10544000B3709DF80C30F3709DF80D3033719DF8FA
:105450000E307371A37E0633DBB22D2BA37602F0E0
:105460003F0902F040061CD8384616B1238B0133A1
:105470002383B9F1000F02D1FDF7E6F8AAE7237DF7
:1054800023F00103237501F0D5F901F01DFAE3685B
:1054900018440021A0602046FDF756F901F0CCF930
:1054A00098E704F11600414600F0C6F93846002E90
:1054B000DFD0DBE738010020D552010838B50749B5
:1054C000054668220078FBF719F90446044B287951
:1054D0006360FCF71DF9206138BD00BFBD540108B1
:1054E000E554010810B5037DD907044602D5028BA7
:1054F000013202839A0707D504F1500393E80300B1
:1055000000F0B8FB30B9237D054843F00103237553
:10551000FDF79AF8D4E9023213440120A36010BDCC
:105520003C01002030B5682283B004460F49007862
:10553000FBF7E4F805460E4B20796B60FCF7E8F8C2
:105540000A4928612078FBF7B9F86D46A168012265
:105550000446284600F066FB95E8030004F150037A
:10556000022283E80300227503B030BDBD54010858
:10557000E554010838B50E4905460078FBF79EF85A
:10558000AB68036604461BB980F85C30836538BDA0
:105590006B684366287BFEF703FE2B6984F85D3059
:1055A0006A6984F85E20062384F85C30A06538BD03
:1055B000BD54010870B5094904460078FBF77EF830
:1055C00005460748FFF7AAF995F85C206B6E21683D
:1055D000C2F38002BDE87040FBF754BCBD54010823
:1055E0008C77010838B5114905460078FBF766F855
:1055F0000446FCF79DFF237D23F0010323756B68B0
:1056000003B938BDE36004F1160000F00FF901F0B2
:1056100011F901F059F9E3681844A06053212046BC
:10562000FDF792F8BDE8384001F006B9BD54010815
:10563000F0B5264987B006460078FBF73FF8037DB2
:105640009B07054624D401F03FF918238DF8133049
:1056500005AB2A6901930223009307460DF113035A
:1056600092E80300012200F00BFDBDF8144064BA7B
:1056700001F02AF9A4B2641004F004043178009413
:10568000C31B3A4605F1160000F0EEF807B0F0BD76
:1056900001F0D0F801F018F905F15003024693E843
:1056A0000300039200F0E6FA044601F0C5F8002C6E
:1056B0000CBF042300233178039A009305F11600F0
:1056C000002300F0D1F807B0F0BD00BFBD540108C1
:1056D0002DE9F04B534884B0FCF7BEFF00287FD083
:1056E000FF23DFF844818DF80A3041460DF10A00AE
:1056F000FBF730F80446002872D0237DD807F4D594
:1057000003AF022623699DF80AB0CDE900674FF088
:1057100018028DF80B2093E8030001220DF10B0312
:1057200000F0AEFCBDF80C5001F084F8237D6DBA9A
:1057300023F00103ADB2237501F07EF82907D4D51B
:1057400094F81A902369009609F11B0525444FF03F
:1057500000028DF80C20019593E8030001223B46DE
:1057600000F08EFC216900960122A8198DF80C200A
:1057700001903B4603C900F083FCA37E94F85C6073
:105780000433DBB27207A3761BD5A144EB7899F8FA
:105790001B2043EA02636A78AD7843EA024343EA96
:1057A0000525B5F1805F1ED201F08EF8B3070746DC
:1057B00027D4236E9D422CD806F0FD0684F85C6049
:1057C000A37E2F2B91D904F11600594600F034F82E
:1057D00041460DF10A00FAF7BDFF044600288CD1BE
:1057E00004B0BDE8F08B4FF0000384F85C3094F80F
:1057F0005E10A06DFEF7A8FCA37E2F2B7FF675AF81
:10580000E1E7616E01F05CF80028D9D1236E9D427A
:10581000D2D994F85D10A06D6766FEF795FC00265E
:10582000CCE700BF3C010020BD54010800230380E9
:1058300043800371704700BF10B584B00446094827
:105840000391FFF76BF82346039933F8052B009378
:105850002379FBF717FB2388002201332271238071
:1058600004B010BD2C78010870B5044688B00A4811
:105870000593CDE90621FFF751F825790C9E07998C
:10588000354401956588029524880094DDE9053248
:10589000FBF7F8FA08B070BDC47701082DE9F041B4
:1058A0002E4A86B006460D460423002401E012F875
:1058B000013FAB4207D001340F2CF8D12848FEF746
:1058C000FBFDFCF711FF274A274F536943F4704350
:1058D0005361D36A23F4FF7323F0010343F00703FA
:1058E000D3624FF0010800234FF460226946384626
:1058F000CDE90033CDE9023204938DF8148001F034
:105900006DF9C7F80880BB6D9B06FCD5BB6D23F015
:105910008003BB650A2000F0E9FF0523BB60124B42
:105920009A6812F00402FBD1FE2D11D19A680F493A
:1059300042F400029A60D1F8203843F48063C1F841
:105940002038094B3046C6E9003406B0BDE8F08186
:105950000321284600F0EEFCF3E700BF608B01084E
:10596000BC76010800100240000802400010004010
:1059700010B582B002AB03E903000368DA060446FF
:105980000AD59B0702D5436B8B4218D0142002B076
:10599000BDE8104000F090BF04230122C9B201F01D
:1059A00043F9A36843F00103A360A368142043F400
:1059B000A003A36002B0BDE8104000F07DBF00204E
:1059C00002B010BD026822F002020260026822F0FA
:1059D00010020260826882B002AB22F4A00203E9E6
:1059E00003008260034619B1034AC06C22F811001B
:1059F000D86C80B202B070474001002010B5044658
:105A000082B002AB03E9030000F018FF2368DB0655
:105A100004D402B0BDE8104000F014BF2368019A1E
:105A200023F002032360236823F010032360A3689C
:105A300023F4A003A3601AB1044BE16C23F8121005
:105A4000E36C02B0BDE8104000F0FCBE4001002055
:105A500070B584B0014601AC01A800F013FC70CC15
:105A600000F0ECFE236833432360236815B1002364
:105A70002E602B6004B0BDE8704000F0E3BE00BFB4
:105A800000B585B0014601A800F0FCFB019A039B1C
:105A90001068184005B05DF804FB00BF2DE9F04127
:105AA00082B002AB03E9030005461649019E164B7E
:105AB0001746002001E051F8043B9D4214D001300C
:105AC0000728F8D1002400F0B9FE804607B9360453
:105AD00020462E610022012100F02CFC404602B03D
:105AE000BDE8F04100F0AEBE04010023012202E057
:105AF0000133102BE7D002FA03F13142F8D01C44F5
:105B0000E1E700BF748B010800080140F0B56F2980
:105B100083B00C460546164619D8114B0A0953F8AE
:105B20002270A7B1384600F0F5FB04F00F04012104
:105B300001FA04F4CDE9007402AB13E90300324624
:105B4000FFF7ACFF2846C5E9007403B0F0BD054B74
:105B500005480B221A60FEF7AFFCFCF7C5FD00BF3D
:105B6000708B010818010020A876010882B002ABF2
:105B700003E90300C3684B40C36002B0704700BF35
:105B800000B583B002AB03E9030000F057FEDDE986
:105B90000021D3684B40D36003B05DF804EB00F004
:105BA00051BE00BF82B002AB03E903000B460146C1
:105BB00002B91B040B6102B0704700BF30B585B05D
:105BC00004AB03E9030004461449039D144B002071
:105BD00001E051F8043B9C4212D001300728F8D173
:105BE0000024019200F02AFE019A05460021204679
:105BF00000F0A0FB284605B0BDE8304000F022BE12
:105C000004010023012002E00133102BE9D000FA47
:105C100003F12942F8D01C44E3E700BF748B01086C
:105C20000008014070B56F2982B0044614D80E4BAD
:105C3000080953F820607EB101F00F0101258D4065
:105C4000CDE9006502AB13E90300FFF7B7FF20467B
:105C5000C4E9006502B070BD044B05480C221A600F
:105C6000FEF72AFCFCF740FD708B010818010020AC
:105C700090760108826882B00A4202AB03E9030011
:105C800014BF0120002002B0704700BF70B56A4CFD
:105C90000E461546002304F1C00C03E008346445A9
:105CA00037D023799842F9D1206800F02FFB634B5D
:105CB000B3FBF0F0012888BF4008C0EBC0104000E3
:105CC000B042B6FBF0F322D94FF6FF769E4228BFD2
:105CD0001E462079A179002200F02CFB2068FFF7F6
:105CE000CFFE002800F0938023681A68D20718D5E9
:105CF0001A8DB6B292B2B24240F08D806279013A0A
:105D0000032A00F29080DFE802F0674C31165E1E35
:105D1000DFE74B4B4B4808221A60FEF7CDFBFCF740
:105D2000E3FCFE22B6B21E859A859A8A92B242F0B0
:105D300001029A82E2E71A6A22F480521A629A8B6E
:105D400022F4E6421204120C9A839A8B92B242F425
:105D5000D8429A831D641A6A42F480521A621A6801
:105D600042F0010203F140001A6070BD1A6A22F489
:105D700080721A629A8B22F073021204120C9A83B8
:105D80009A8B92B242F06C029A83DD631A6A42F4F3
:105D900080721A621A6842F0010203F13C001A6034
:105DA00070BD1A6A22F010021A621A8B22F4E642BF
:105DB0001204120C1A831A8B92B242F4D8421A833C
:105DC0009D631A6A42F010021A621A6842F00102D8
:105DD00003F138001A6070BD1A6A22F001021A62DB
:105DE0001A8B22F073021204120C1A831A8B92B2CD
:105DF00042F06C021A835D631A6A42F001021A6271
:105E00001A6842F0010203F134001A6070BD206884
:105E1000FFF71EFE68E70A4B0B4809221A60FEF7DF
:105E20004BFBFCF761FC064B08480A221A60FEF7A0
:105E300043FBFCF759FC00BF8C8B0108004495081C
:105E400018010020787701084C770108387701089D
:105E500001607047F8B505460C4617461E4605E03A
:105E600000F032FD314600F02BFD50B1B5F814C002
:105E70001FFA8CFC34EA0C03F2D11CEA070FEFD1B5
:105E8000F8BD044B044806221A60FEF715FBFCF728
:105E90002BFC00BF1801002008770108F8B5164652
:105EA00040F201120D4604460280012100221F46E5
:105EB000FFF7D0FFABB215F00102238219D0218881
:105EC00089B241F480613B460022218020460221B4
:105ED000FFF7C0FF00F0B2FC258B012E08BF40F297
:105EE0000123ADB208BF238000F0ACFCEB070AD55C
:105EF000F8BD3B4602212046FFF7ACFF00F09EFCB8
:105F0000258BADB2F0E7044B044807221A60FEF778
:105F1000D3FAFCF7E9FB00BF18010020F076010876
:105F200002292DE9F8430F4604461D4665D8DFF8DF
:105F3000EC9059F831603046FFF7A2FD804628B159
:105F40006D00257126602046BDE8F88309EBC70780
:105F50003046FFF77DFD97F804907F79484601228F
:105F600040F2011100F0E6F93846012240F2011139
:105F700000F0E0F938464FF0FF3240F2011100F036
:105F8000D9F948464FF0FF3240F2011100F0D2F942
:105F90004846012240F2011100F0CCF938460122B6
:105FA00040F2011100F0C6F9484601224FF4A171F8
:105FB00000F0C0F9012238464FF4A17100F0BAF99F
:105FC0004FF4004333803046A6F8008000F09EF97D
:105FD0000E4B2660A3FB00230D4A80099B0CA2FBFD
:105FE00000206D00B3808009013301222571B08348
:105FF000338420463280BDE8F883064B06480522EC
:106000001A60FEF759FAFCF76FFB00BF83DE1B43F3
:10601000632D3E0518010020147701084C8C0108FF
:10602000F0B583B002AC04E9030017461C460546F0
:1060300000F04AFC064641F2883000F03DFC064480
:106040009DF8041033463A462846FFF727FF5FB114
:10605000274414F8011B2982334600228021284658
:10606000FFF7F8FEBC42F4D140F201232B808022DE
:1060700033460021284603B0BDE8F040FFF7EABEF2
:106080002DE9F04B84B004AC04E903000D999DF8B0
:106090000C90019115461C469DF83070064600F0A4
:1060A00013FC804641F2883000F006FC49F0010BF9
:1060B0008044A5BB594643463A4630467D1EFFF70D
:1060C000EDFEEDB217B3019B03F1010909E000F009
:1060D000B9FB6A1E09F8014CD2B2BDB109F1010940
:1060E00015460022434640213046FFF7B3FE00F03C
:1060F000A5FB328A012DD4B2E9D140F201233380CD
:1061000000F0A0FB09F8014C0022E7E743464022DB
:106110000021304604B0BDE8F04BFFF79BBE2A4695
:106120004946434630466519FFF7B8FE14F8013B6F
:1061300033820022434680213046FFF78BFEAC427B
:10614000F4D1B7E72DE9F04B042982B08846064622
:1061500015461C463AD8DFF88CB05BF831703846EB
:10616000FFF78EFC8146A8B1384600F0CFF8002139
:106170000B46013120FA01FCA44525D90829F7D1A5
:1061800038232B4343F451733046C6E9007302B001
:10619000BDE8F08B0BEBC8083846FFF759FC98F8C0
:1061A000071098F804000191012200F0C3F801994A
:1061B00098F805004A4600F0BDF8019998F80600E5
:1061C0004A4600F0B7F8CFE7DB00DAE7034B0448B4
:1061D00004221A60FEF770F9FCF786FA1801002015
:1061E00028770108648C010882B002AB03E9030040
:1061F00003889BB2994206D023F040039BB20380F0
:1062000089B20388018002B0704700BF10B483B028
:1062100002AC04E90300581E049C00995FFA80FC5C
:106220006BB1601EA44410F8013F0B730B89DB07B0
:10623000FCD50B7BDBB202B103706045F3D10B8957
:1062400003F08203022BFAD103B05DF8044B7047D0
:10625000024B4AF6AA221A60704700BF0030004085
:10626000074B10B4002045F2555440F6FF714CF630
:10627000CC421C6058605DF8044B99601A6070470E
:10628000003000401A4B994210B420D2194B994269
:106290000DD801F14041184C184A890A012303FA2C
:1062A00001F1C0E9004281605DF8044B704701F1E3
:1062B0003F4101F57F01124C124A890A012303FA7A
:1062C00001F1C0E9004281605DF8044B704701F1C3
:1062D0004041A1F5C0310C4A890A0123002403FA88
:1062E00001F1C0E9002481605DF8044B704700BFF4
:1062F00000800140FFFF00401C10024010100240CF
:10630000181002400C100240141002400048704760
:1063100000A24A04064A00F13F4000F57F0091695F
:106320000123800A03FA00F00843906193697047E3
:106330000010024070B58E4B8E4D0409AE6953F8C3
:10634000244004F13F4303F57F034FEA932C0123DC
:1063500003FA0CF33343AB61AB6900F007039B0016
:106360000F2500F00F0C05FA03FE002959D12AB3BE
:10637000082505FA03F3050725D5656825EA0E0506
:106380002B43002A636025DD012303FA0CF323610C
:10639000A0F10D03012B29D9C1F3031101294ED01E
:1063A000022900F08280042974D0052953D00729DE
:1063B00000F0A080092900F0B18070BD042505FA25
:1063C00003F30507D9D4256825EA0E052B43002AD7
:1063D0002360D9DCDCD00CF110034FF0010C0CFA77
:1063E00003F32361A0F10D03012BD5D8624A634C5E
:1063F0001368C1F3031123F0E06343F080630129C4
:1064000013606360D9D00229CDD1A0F12603032BFC
:1064100064D8594A5949136843F4406313604B6088
:1064200070BD012933D040F20115A9424BD0032998
:106430002BD0CE054BD50D2505FA03F39BE70F288E
:1064400014D14D4A4D49136823F4407343F48073CB
:1064500013604B6070BD13380228AED8464A4749D6
:10646000136843F0010313604B6070BD1328E8D03C
:106470001A380128A1D8404A4049136823F44073D0
:1064800043F4007313604B6070BD002373E701FA9F
:1064900003F370E7183801288FD8374A3749136853
:1064A00043F0020313604B6070BDA0F11403012B95
:1064B000ABD8314A3149136823F4406343F4006395
:1064C00013604B6070BD052505FA03F353E7002AFE
:1064D0003FF74EAF092505FA03F34CE73C38032894
:1064E0003FF66BAF244A2549136843F48053136089
:1064F0004B6070BDA0F11603012B1FD9A0F135032D
:10650000012B2DD9383801283FF657AF1A4A1B49BD
:10651000136843F0300313604B6070BDA0F11803A3
:10652000012B13D9303801283FF647AF124A1349DF
:10653000136843F4C04313604B6070BD0E4A0F49AB
:10654000136843F0040313604B6070BD0A4A0B49A3
:10655000136823F4C04343F4804313604B6070BD61
:10656000054A0649136843F0080313604B6070BD89
:10657000708B010800100240600100200000014003
:10658000704700BF10B5FEF729FB002383F3108886
:1065900062B6094C094B0A4A9A602046FFF758FA3E
:1065A000084A136823F0E06343F0007313606360EC
:1065B000BDE81040FCF718B90000014000ED00E014
:1065C000000001086001002010B5104A138803F094
:1065D000280182B09CB239B9220603D50B4CA3899D
:1065E0001B0606D402B010BD908880B200F042F8BD
:1065F000F2E70DF1070000F051F818B142F22C0358
:10660000A381EFE79DF80730A380EBE70038014056
:10661000024B42F2AC029A81704700BF0038014041
:1066200038B5114C2046FFF713FA2046FFF76EFEEF
:106630000E4A0F4B00F5E130A2FB0020400C42F265
:106640002C0220810025A281202283F8255372216B
:106650005A600A200122FFF76DFE2A467221BDE82A
:1066600038400920FFF766BE00380140C5B3A2914B
:1066700000E100E07E2838B5054608D0054A1378C9
:10668000BF2B03D8044C591CE554117038BDFBF7DF
:10669000CDFFF3E7240200206401002010B40A4B70
:1066A0000A4993F800C00A789445034608D9084C73
:1066B000501CA25C087000201A705DF8044B7047F3
:1066C0004FF0FF30F9E700BF880200208902002068
:1066D000280200202DE9F04B294E317882B0C9B252
:1066E000284F01AA3846FAF7E9FB051E03DC35D12D
:1066F00002B0BDE8F08B01993846FAF74FFCDDF89F
:1067000004804FF0000B3478E4B2B4EB080910D1E8
:1067100000F094F83378DBB29C421CD186F80090EC
:1067200000F090F8002DE3DDFAF790FC02B0BDE830
:10673000F08B08EB0B01A9EB0B02394407EB0B00C4
:1067400000F048FBFBF772FF00F078F83378CB4697
:10675000DBB29C42E2D000F075F8D4E7DDF80480AB
:10676000B8F1200FCDD108494246384600F014FB5D
:106770000028C6D1FFF704FFDDF80480C1E700BFA1
:1067800024020020640100208C8C01082DE9F04BCC
:10679000214F3B7805460E46DBB2DFF8808098F843
:1067A0000040E4B2A34204D3002488F800403C70C7
:1067B000234695F802C0A444BCF1600F28D9ACEB85
:1067C0000303602B01D9BDE8F08B4FF0000B88F874
:1067D00000B03978C9B2DFF84890641A22464944BB
:1067E000484600F0F7FA87F800B0E7B288F8007082
:1067F000FFF70EFF09EB040032462946FAF794FA38
:106800003844C0B288F80000BDE8F04BFFF700BF85
:10681000DFF80C90E7B2EDE7890200208802002043
:10682000280200200048704790020020004870476E
:1068300000F8012072B6704762B67047EFF310801F
:1068400072B6704780F31088704700BF62B600BF11
:1068500072B67047704700BFEFF30383C3F30803BA
:1068600043B14FF080736FF0060208B401A102B487
:106870001FB51047704700BF08B501214FF0C05049
:1068800000F0A0F9012000F04FFA41F23421042079
:1068900000F050FABFF34F8F0549064BCA6802F467
:1068A000E0621343CB60BFF34F8F00BFFDE700BF33
:1068B00000ED00E00400FA0500EBC00000017047A5
:1068C000401AC00F704700BF014B5868704700BFA7
:1068D000001000E04FF0E023034900224FF08060F9
:1068E0005A619A614860704700ED00E00D4BD3F8A3
:1068F000FC20D2010AD4D3F8FC200B4942F080726C
:10690000C3F8FC200B6843F001030B6006494A689A
:1069100000EBC00002EB00124B689B1A002BFBDB64
:10692000704700BF00ED00E0001000E0704700BFBE
:1069300038B5104C104BD4F8FC2042F08072C4F8EB
:10694000FC201A68002542F001021A605D60FFF722
:1069500075FF4FF0E023202284F8232007221A61DC
:106960004FF080625D619D616260BDE83840FFF775
:1069700069BF00BF00ED00E0001000E00000000073
:106980002DE9F04BDFF8A480274FDFF8A490DFF863
:10699000A4B082B0FFF74EFFD8F8006005E0FFF723
:1069A0004BFF002D1EDCFFF745FFFBF7E9FD7B6881
:1069B000C51AB5F5907F04462A4622DCF21A002A51
:1069C000EDDA4D4528DB0193FBF736FE019B90B9CC
:1069D00003F58C3606F5A076C8F80060FFF72CFFAB
:1069E000002DE0DD7B68E31A002BDCDD7B68E31A19
:1069F000002BD8DDF6E703F56153C8F800304FF4FB
:106A000034724FF0E02300215A619961596102B05C
:106A1000BDE8F04BFFF710BF58460193FDF74CFD62
:106A2000FBF788FE019BCEE7001000E08C020020FF
:106A300080CDFDFFD0760108074B10B55C68FFF7ED
:106A4000F9FE064A13681B1B002BB8BF1460BDE893
:106A50001040FFF7F1BE00BF001000E08C020020E4
:106A600000B58446A9B100EB010E4FF6FF701CF88B
:106A7000013B434083EA0313DBB2010ADA0041EA37
:106A80000321F44582EA131381EA0300EFD15DF894
:106A900004FB4FF6FF705DF804FB00BF002103E02C
:106AA0000B4B5B58435004310A480B4B42189A4237
:106AB000F6D30A4A02E0002342F8043B084B9A420C
:106AC000F9D3FEF78BF800F043F9FFF75BFD704751
:106AD000B88C010800000020380000203800002099
:106AE00090020020FEE700002DE9F04191F803C07C
:106AF0001CF0100F18BF8B7809880CF00F0418BF1A
:106B00001C43CBB21BB30568002301264FF00F08CE
:106B100002E00133082B19D006FA03F232EA01072A
:106B2000F7D14FEA830E08FA0EF725EA070504FAB3
:106B30000EFEBCF1280F4EEA050531D0BCF1480F1E
:106B400003F1010308BF0261082BE5D10560FF29AD
:106B500024D94568002301260F2702E00133082BC2
:106B60001BD003F1080206FA02F232EA010EF5D157
:106B70004FEA830E07FA0EF825EA080504FA0EFE1E
:106B8000BCF1280F4EEA05050CD0BCF1480F03F10B
:106B9000010308BF0261082BE3D14560BDE8F08125
:106BA0004261B6E74261D9E701617047044A9369DF
:106BB00011B118439061704723EA0000906170475B
:106BC00000100240044AD36911B11843D0617047E4
:106BD00023EA0000D061704700100240426810B400
:106BE000D1E9003422F4702222F4807243EA0423B3
:106BF00013434360D1E9032313438A68846843EA5B
:106C00004203084A2240134383600A7DC36A5DF849
:106C1000044B013A23F47003D2B243EA0253C36235
:106C2000704700BFFDF7F1FF122910B541D00929C7
:106C30001ED8046901EB410E4FF0070C0CFA0EFC54
:106C400003FA0EF324EA0C0423430361062A21D835
:106C5000013A436B02EB82024FF01F0C0CFA02FC6C
:106C600023EA0C0C01FA02F343EA0C03436310BD60
:106C7000A1F10A0CC4680CEB4C0C4FF0070E03FAA0
:106C80000CF30EFA0CFC24EA0C0C43EA0C03062A63
:106C9000C360DDD90C2A13D8073A036B02EB8202DA
:106CA0001F24944023EA040401FA02F323430363FC
:106CB00010BDC46D24F0070C43EA0C03C365C5E79F
:106CC0000D3AC36A02EB82021F24944023EA0404B3
:106CD00001FA02F32343C36210BD00BF054B1A68DB
:106CE0005B69034004D0024214BF012000207047BA
:106CF0001846704700040140014B5861704700BFBF
:106D0000000401400369828913EA010092B203D0B2
:106D10000A4214BF01200020704700BF036923EA24
:106D200001010161704700BF014B1862704700BF4D
:106D300000000E4282B0054B002201920193019B9C
:106D400018440190019B196002B07047006C00402C
:106D500070B50D4D0D4C641BA4100026A64209D140
:106D60000B4D0C4C00F058F8641BA4100026A642F2
:106D700005D170BD55F8043B98470136EEE755F84C
:106D8000043B98470136F2E7B08C0108B08C01084B
:106D9000B08C0108B48C010810B50139024490424E
:106DA00001D1002005E0037811F8014FA34201D082
:106DB000181B10BD0130F2E70A44914200F1FF3385
:106DC00000D1704710B511F8014B03F8014F914203
:106DD000F9D110BD884210B501EB020402D98442FA
:106DE000234607D8431EA14208D011F8012B03F80F
:106DF000012FF8E7024401468A4200D110BD13F882
:106E0000014D02F8014DF7E702440346934200D1D9
:106E1000704703F8011BF9E7F8B500BFF8BC08BCE0
:106E20009E467047F8B500BFF8BC08BC9E46704748
:106E3000F200000000000000000000004144432078
:106E40006F7574206F662072616E676500000000C8
:106E5000616E616C6F675F696E5F737461746520EA
:106E60006F69643D2563206E6578745F636C6F6342
:106E70006B3D25752076616C75653D256875000054
:106E8000496E76616C6964206D6F766520726571FC
:106E9000756573742073697A65000000616C6C6FAE
:106EA000635F6368756E6B206661696C6564000082
:106EB0004D6F7665207175657565206F76657266B4
:106EC0006C6F7700496E76616C6964206F6964202D
:106ED000747970650000000043616E27742061734F
:106EE0007369676E206F6964000000006F696473E6
:106EF00020616C726561647920616C6C6F63617490
:106F000065640000636F6E6669672069735F636F15
:106F10006E6669673D2563206372633D2575206950
:106F2000735F73687574646F776E3D2563206D6F52
:106F300076655F636F756E743D25687500000000AF
:106F4000416C72656164792066696E616C697A650D
:106F500064000000616C6C6F635F6368756E6B73D7
:106F6000206661696C656400636C6F636B20636CA1
:106F70006F636B3D25750000757074696D652068E1
:106F80006967683D257520636C6F636B3D257500EF
:106F9000737461747320636F756E743D257520730F
:106FA000756D3D25752073756D73713D25750000F8
:106FB000436F6D6D616E64207265717565737400E9
:106FC0006964656E746966795F726573706F6E73FC
:106FD00065206F66667365743D2575206461746114
:106FE0003D252E2A730000004D6178206F66203801
:106FF00020627574746F6E73000000005365742016
:10700000627574746F6E2070617374206D6178693D
:107010006D756D20627574746F6E20636F756E741C
:1070200000000000496E76616C69642062757474BA
:107030006F6E732072657472616E736D6974206314
:107040006F756E7400000000627574746F6E735F0C
:107050007374617465206F69643D25632061636B9F
:107060005F636F756E743D25632073746174653D55
:10707000252A7300436F6D6D616E642070617273B9
:107080006572206572726F72000000004D65737347
:1070900061676520656E636F6465206572726F72EB
:1070A00000000000496E76616C696420636F6D6D4D
:1070B000616E6400000005000000000064656275F8
:1070C000675F726573756C742076616C3D25750021
:1070D000706F6E6720646174613D252A7300000043
:1070E000656E6473746F705F7374617465206F692B
:1070F000643D256320686F6D696E673D2563206E72
:107100006578745F636C6F636B3D25752070696E85
:107110005F76616C75653D25630000004D69737392
:107120006564207363686564756C696E67206F665B
:10713000206E657874206469676974616C206F756E
:1071400074206576656E74005363686564756C655C
:1071500064206469676974616C206F75742065765A
:10716000656E742077696C6C206578636565642052
:107170006D61785F6475726174696F6E0000000004
:1071800043616E206E6F742073657420736F667434
:107190002070776D206379636C65207469636B730D
:1071A000207768696C652075706461746573207000
:1071B000656E64696E6700007570646174655F6414
:1071C00069676974616C5F6F7574206E6F74207687
:1071D000616C69642077697468206163746976659D
:1071E00020717565756500006932635F7265616461
:1071F0005F726573706F6E7365206F69643D2563A0
:1072000020726573706F6E73653D252A73000000F0
:107210006932635F6D6F646966795F626974733A3E
:10722000204F6464206E756D626572206F66206207
:107230006974732100000000496E76616C696420F6
:107240006E656F706978656C20646174615F7369E5
:107250007A650000496E76616C6964206E656F70B6
:107260006978656C2075706461746520636F6D6DFD
:10727000616E64006E656F706978656C5F726573CE
:10728000756C74206F69643D256320737563636555
:1072900073733D2563000000636F756E7465725FE4
:1072A0007374617465206F69643D2563206E657831
:1072B000745F636C6F636B3D257520636F756E74CF
:1072C0003D257520636F756E745F636C6F636B3DF6
:1072D000257500005363686564756C65642070777C
:1072E0006D206576656E742077696C6C20657863B7
:1072F000656564206D61785F6475726174696F6E35
:10730000000000004D6973736564207363686564F1
:10731000756C696E67206F66206E65787420686191
:1073200072642070776D206576656E7400000000D1
:107330004578626F61726420636C6F73653D256888
:107340007520436C6F73655F6E756D3D25687520A4
:1073500054656D705F77616B6574696D653D256817
:107360007500000069735F73687574646F776E20D1
:107370007374617469635F737472696E675F696463
:107380003D2568750000000073656E74696E656C5C
:107390002074696D65722063616C6C656400000027
:1073A00053687574646F776E20636C656172656491
:1073B000207768656E206E6F742073687574646FD3
:1073C000776E000054696D657220746F6F20636C76
:1073D0006F7365007374617274696E6700000000FA
:1073E00073687574646F776E20636C6F636B3D2593
:1073F00075207374617469635F737472696E675F1B
:1074000069643D2568750000496E76616C69642089
:107410007370695F616E676C652063686970207462
:1074200079706500616E676C652073656E736F724D
:107430002072657175697265732063732070696E5F
:10744000000000007370695F616E676C655F747245
:10745000616E736665725F726573706F6E736520BF
:107460006F69643D256320636C6F636B3D257520F8
:10747000726573706F6E73653D252A73000000009E
:10748000496E76616C69642073706920636F6E6603
:10749000696700007370695F7472616E736665720C
:1074A0005F726573706F6E7365206F69643D2563ED
:1074B00020726573706F6E73653D252A730000003E
:1074C0005374657070657220746F6F2066617220EE
:1074D000696E207061737400496E76616C69642016
:1074E000636F756E7420706172616D657465720092
:1074F00043616E27742072657365742074696D65CD
:10750000207768656E2073746570706572206163A2
:107510007469766500000000737465707065725F51
:10752000706F736974696F6E206F69643D256320A5
:10753000706F733D25690000496E76616C69642047
:10754000746865726D6F636F75706C6520636869D0
:107550007020747970650000746865726D6F636F78
:1075600075706C655F726573756C74206F69643DCE
:107570002563206E6578745F636C6F636B3D257562
:107580002076616C75653D2575206661756C743D6E
:1075900025630000546865726D6F636F75706C656C
:1075A00020726561646572206661756C740000000C
:1075B000746D6375617274206461746120746F6F9F
:1075C000206C617267650000746D63756172745F31
:1075D000726573706F6E7365206F69643D256320FB
:1075E000726561643D252A730000000043616E27C7
:1075F0007420616464207369676E616C20746861D3
:107600007420697320616C726561647920616374B0
:1076100069766500747273796E635F737461746503
:10762000206F69643D25632063616E5F74726967D2
:107630006765723D256320747269676765725F7262
:107640006561736F6E3D256320636C6F636B3D25D1
:1076500075000000636F6E6669675F7265736574BD
:10766000206F6E6C7920617661696C61626C652057
:107670007768656E2073687574646F776E000000BC
:10768000736F66745F693263204E41434B000000A4
:107690004E6F7420612076616C696420696E70752C
:1076A000742070696E0000004E6F7420616E206F50
:1076B00075747075742070696E0000004E6F7420D0
:1076C000612076616C6964204144432070696E00DA
:1076D00052657363686564756C65642074696D6573
:1076E0007220696E207468652070617374000000F8
:1076F0004661696C656420746F2073656E642069EF
:1077000032632061646472006932632074696D655C
:107710006F757400556E737570706F727465642048
:107720006932632062757300496E76616C6964200A
:107730007370692062757300496E76616C696420AC
:1077400050574D206368616E6E656C0050574D2038
:10775000616C72656164792070726F6772616D6DC2
:10776000656420617420646966666572656E742064
:1077700073706565640000004E6F7420612076614F
:107780006C69642050574D2070696E006C646331E1
:107790003631325F686F6D655F7374617465206F39
:1077A00069643D256320686F6D696E673D256320C0
:1077B000747269676765725F636C6F636B3D257593
:1077C0000000000073656E736F725F62756C6B5FB3
:1077D000737461747573206F69643D256320636CF5
:1077E0006F636B3D25752071756572795F74696390
:1077F0006B733D2575206E6578745F736571756573
:107800006E63653D256875206275666665726564A0
:107810003D257520706F737369626C655F6F766567
:1078200072666C6F77733D256875000073656E73C3
:107830006F725F62756C6B5F64617461206F696405
:107840003D25632073657175656E63653D256875BB
:1078500020646174613D252A73000000000040022D
:10786000E08A0108640011047C8A010865001104A3
:10787000808A010866001003848A010867004002BC
:10788000888A010868004002888A0108690040036C
:107890008C8A01086A004002888A01086B000A028B
:1078A000908A01086C001704948A01086D00140482
:1078B000988A01086E0040039C8A01086F000F033C
:1078C000A08A010870001D06A88A01087100400303
:1078D000B08A010859000600000000005A000901A2
:1078E000748A01085B000E02788A01085C000F03AD
:1078F000A48A01085D0015031C8B01085E001002BC
:10790000488B01085F000B014C8B010860001204DA
:10791000508B010861004001548B010862000B018B
:107920004C8B010863000D02588B010878DA9D59D1
:10793000098FDCB615FE2BEC00419376C71D497309
:107940002E1014E3F5C63592B5377B34058240D04E
:107950004A9C1962754594F668E0FFDE779014A59D
:10796000193B4003382B928F8FE43BBFF7E68F49DA
:1079700052D793F3C98FB9AA6BD94CCE260F9DCAA3
:10798000B3F849365A55A586A57D9A9E8B6F83C557
:10799000F9661ACE82CDF4F7F974D63D7465DB052D
:1079A000DF89CD9BF04D20703E98850BF16D2373E0
:1079B0009968F99DF8757B73F58FA429A69BE94317
:1079C0009394E94134F249214F11AE568BCDE637FD
:1079D000F1A0CAAE55B906EEE19B683E9D1BAE7F95
:1079E0000F22C71F17E0526955144999C175FE98B7
:1079F00024795EA5492BE34A655AA415507EFF4DB4
:107A00003A395FE3DDDB162E1D27E9A3805598F692
:107A1000D6E72B8F20CB2C415D69FAA3CAEFBFE9D3
:107A200044DDE579DCD5BC61D36FF8BD93CDABE324
:107A300009177844EA46EA366E55FAA879D4C24B5B
:107A400075A1DAD89E2A54099234E7C30553904EA3
:107A500013EB43D766D57339390FF169E54EEDE184
:107A6000462F79345FD82374AD62FE9C9CAF3CAA4C
:107A700032C9AB7DAC4A777BBAF6E43CEA69CC9577
:107A80002D050FE35E0E8B9923A549D90C990D6442
:107A9000B05839E24CED559BE471D5B5A30D4F4973
:107AA000DE491C67729774791BBB89227989B3AE52
:107AB000495AD03BDD33E8F949D0675BD5035EE92D
:107AC000E0F070E9880FD97CBE5ACF2C71A36373A4
:107AD000B6B41FD9DC7D2DDCD7D27DADDC97CC933D
:107AE00057A7B4C9F9327287A8301556E8F37E3A21
:107AF000CFD2601984F66CA072AA59AFC654F1B304
:107B00006A0FA0A0F6E1985EE034DF03F7F6AFCB92
:107B1000950EB3E753BA5F078EA8A8BB4DB8989DE2
:107B2000BAC66AEDA84A59D5EA45E6231565499BC8
:107B3000C45AFD17B472E8C0F3DA1855E399AE964B
:107B400030A54A4F308B85635A3F1727D49EBE829B
:107B500039F73C8CD20FDDD80C60E6C80EE6FDE3A9
:107B6000E1B963C6E8C1AD7A92F141ED0FF4C268A4
:107B7000EDD3831FEC73792C2FE1D6E2F6B5962C6A
:107B80009BC560A7F5BD539BCD525CE8FDF7DFFCBC
:107B90000D824D140DF6A26A410C71AA9D9944BD47
:107BA00001E876B5099D7A5267A13ACD1FDDB7CAC3
:107BB000DCE76B99C64363146991C547F639F34E08
:107BC0009018A4DDD56168AC4964AAB19F1C728885
:107BD000B8A7EA722D3DA661FFB0F6209BA28248AD
:107BE000509F94A8BFDC0B75B9E9F717699734CE9D
:107BF000369A97F8288C88D64DA2E5B5AA906C6184
:107C00007DD06A1B94472F567874261F3AB0E70A36
:107C1000D2D3C68E80CB9E6C99F51338B24626100F
:107C2000D19B4C36781E84F786C34D68099E1BD5C0
:107C3000CA230A345A26043F93856CF6B24C5F631C
:107C40008C4B700998E218151FAA421E457F9D149F
:107C5000B5EF0066EC62FF303BC0D5FBB8C8CF750E
:107C6000326ED47E2F1B7C84AE3838848BFE70CA73
:107C70003D70A7A4954E40E1FC6CB253900DC0A599
:107C80006396A1489B942DE66CB2076FA67B829009
:107C9000CD8868C01D78D8D5A805F0C3B38909ADD3
:107CA000B186F362B0409739F09BE5BC0C4764A8FD
:107CB000024BD6AB630942C4B0545499DABDC6A096
:107CC0006BC7AB91E452C22440B801AE1A2FDBF06F
:107CD00036D6E1901EE7E25C9AA0316342DADE69B3
:107CE0003F12C290E218C808FFA27AA5665B9F8780
:107CF000FD2E5DEDDAE7A491FE76F04FE793596231
:107D00003F8F39C1540677579831ADD92C57CCDB0A
:107D100058D7582073144826CB16C421AADD0EAEBE
:107D2000406EEE7231ACDBBC016BDD170CAD3DC0BB
:107D3000150E559ED1E0EBA62364D35403535A830A
:107D400005D8AC40DA7346B488BC95AECE7A0363EE
:107D50005474E8BCB72CC054D81247506560E66034
:107D600060C1888E2CB7EB43E66AE608C668E6FF7A
:107D700074ADA2772D936BFA1120B23D6C3CC8F420
:107D8000D1C34091BBE40802B91BD41544AFF1F94B
:107D90005E725C5A0623743092C63A1AD1918647B5
:107DA000CEBC76A21D028131AFD990EC48B01BBB8E
:107DB0003E820A630DAD4674478CDCE38E72ED178C
:107DC000A02F061348AD6AC7E25DB90731E791906D
:107DD000E029A12538957EBE7088A7E681967900B6
:107DE000690FA261E62979B9A6433A790ABABA338A
:107DF0002A1FF3040BBB6504791CB9B32CF06E4742
:107E00008C3956F418CFC607EBE8070A23F0574120
:107E1000E0869713DA0221ACCD27EDE7783D3E0FDF
:107E20003680D691C67FC30877C3BDA323227A01CB
:107E30004134C77380D760D3923795F2C55C015047
:107E4000840B62AAE14413309195C79F603F90CAAA
:107E50009C370CA3A533C5133174E96FA0E04670BD
:107E6000C58522C22E69D91A500183E17E508387CD
:107E7000FBB004DBF50EDD07B055C4745E08F456A4
:107E8000A3B95D1DE4169C32B905B29AF432036CB5
:107E900059F65B4E259642E9CAA693A2D2EA14206F
:107EA0003C62BA34F7F8F23B227C2F61CDAFA5ECEF
:107EB000C56648753A632FD64845A83246580061D2
:107EC0005F2146778E1A6C7A020223E82E9C738417
:107ED0004B415E42821DC0D260C281A82945BA9C36
:107EE000CEF9076CCBEC4619621039E1726083EB76
:107EF0009EAEF5B1A6ACABC6001D0E173476562962
:107F00005F6A052AF161D5C6711ABDC22782F8C819
:107F1000D9F054E0F09C6EFED9E257EC4B6CDF5D7B
:107F2000C457DBFF204CD9808ADEDEDFC6D71F3E78
:107F3000DE6255194CCE27D76F9767D76F5793D10D
:107F40004A424B6B58DA8C96425A01880BFF0BFC65
:107F500035300F62B80586DB15FC5B8C5799E91C40
:107F6000762EE05F345A368C7139C0F5604C101DA6
:107F70006DBFF8E9D3C58FF10F37973FE3B3E73310
:107F8000FAEF6C7275710FA4BA2DA27017CCA217FC
:107F900009A4D7BF5CB118422C206F2E2F2E3FFCB6
:107FA000FB32FEE5C3C7779F7E417B0A71F2F6F292
:107FB0000626F93CD9A824A7F7E05BB7280658FEA7
:107FC000B0FD297EBBBD7F87B5CA6C8E87DDDE6DB7
:107FD000EF6EE3DBFBABDB9F61E5F6124F58E2F49B
:107FE000E5F5F5E54DFCF6D3DDBFE2CB77EF613E7D
:107FF000F88CE0B903384F0527758D0C48349F2065
:108000003FC692282A46AD209510F6815F5A65DE5C
:108010005D5E01E3EDDDFD0D9D058E79BD9D4DCECF
:108020007F9D9D05CBDF60F016071044797481A316
:108030002834A377389AAFCDE81247E0D93CFA014B
:10804000476BCBE53D8E36C4E5F3209041AD45ED61
:10805000AE208A22BA6EA217B3F92AA30BB7B95C75
:10806000CC82F0812F6DA21492B3710434878F0BF0
:10807000E92B2406AC5AB45A4CCB0ABDA981822AFA
:10808000569979B2203BDF3168E2FECB3647777DE7
:1080900015B6D8C838D95C24A528AB5680DF0A8C21
:1080A0007D02F203270541EE279E0F0ABED98DB44B
:1080B000A82110C0499CCD60EF5F5BCC88500EEFCB
:1080C000812BE0DBA4154A8BC49CC5C53F174186B4
:1080D000582329BA20976A3C4BC993B0071C274BF9
:1080E00061EB63B71F1E7FC19D4351270D581AA333
:1080F00063AA82EC42232187EB96FA873F2470E93A
:108100004CB495A0C885FD20C4FFDCAEF8C0004388
:1081100080818BF49094A5CCB99966176CE3ADEF90
:1081200003320060B869A94C2B930AB37E0EC8F0E5
:108130008A492121B3717D6E178BEA49DA5B0A6C9B
:10814000E1A00BF6CBAEE1E35A3C9C998ED60DC074
:1081500077E747DE0540B0820D0E2B663B8B9D19FD
:10816000322BEC84FA9336E861A4F4E60D544C0FFC
:10817000AA36DCE6DEC30748CFA3C1F2EF2A794175
:10818000BB5B5B1972EBE50A0AAF642F05D4E49080
:1081900026ADEEE06D574A6BD09306589F7539F6C1
:1081A000046033C21861023619B27C92287C4430D4
:1081B0005FDE70489A8C8CD75063E7E10A254EC881
:1081C0004EC057B3CBAB6786861FC1E213C1CF4108
:1081D00077A1608180C75F40FBA0056C6FF80BAA98
:1081E000AC1940714D4A4B25DEB49F8E287E3A472C
:1081F000A89B6A0F3651C0D5137CDB0E0001DC1240
:10820000642DD111317FDE48F328B45BF084068EF3
:1082100041518335A1512346BD750447D211CF2A60
:10822000CF214FA6C06FD0A4E3CCDFEF7412FACAFF
:108230000E4CAEB7E090AC43BA0052A8A22BEC9C17
:10824000F50778FEAD6DC4514B0098910B534CF17E
:10825000DBE3B7C6A7DBAA12BB845EC72FC30EC879
:108260009D6F52283220A4D623370CEF481EB81336
:10827000208296D4D1B92F7557234C90ECDF6CDF58
:10828000404C3F2B40A1D8958FC003E30077ABBD96
:1082900079DD2F8011B2B143A0D05543FE09584378
:1082A0008B541B55F66D3B0E53559943647B020668
:1082B000C9436E03967B29B740848140FC63C5A8FF
:1082C00095722E3E41C884B4F680A86587AD34FD12
:1082D000170647F44B888B9EE6F7918CFB631ADBFD
:1082E0000F10AB8C75A4B08C4B0833216E53CFFBB1
:1082F000E3F6E2476E65DA661EA145145C9E34988B
:1083000009101D9F8044A82DB66D6C8D9AB8CB9E28
:1083100083401012CD51FB10330DC08328582F1607
:108320009494CC6049498B07CB05A91E06CBE50A7E
:10833000BEA3CFC0295729881AF64FDE7FBC17EF9E
:10834000AF7F7A426002B2AD215E48CA7D972F0F9F
:1083500015BA33699BCAAE0BFC8A416634BA9345A1
:108360001D3F278F923B9058AD201C716D8841595D
:108370004EE1213E55F74D312FDA1F86065B12AFD5
:10838000C920688561F694FAAD54DFF5A876E31A42
:10839000D390FB4C7F8E702FB5F170CE9A071513DA
:1083A000108962574F024BFEC5879A175FBBB7D93A
:1083B000623EE2FEF869E8354F35F88CEB854E31C8
:1083C00006DAE6E380F5A1821A7C7F7C88DFDB4455
:1083D000CEEBBEA1175B0D79CD081A5BC9CCFB169D
:1083E0009947EB7A655CABBC415A446CBD50C418EC
:1083F000C31885CEFA96DA51ABC57B806D9C7902A5
:10840000416F77ED3023135B0676694A5D407A1E33
:10841000182A5CD36F444F232A933114001083F23F
:10842000CE2FB734E6EE3295A386DA14338ABF67CF
:10843000D085E93B0EA64F628B1AAED67D960F1DF6
:10844000E5858CDB56809420BEC4367169632E545A
:10845000ECF721D7F6D94ECB303855511F69D26F82
:10846000D3F82AC50AD02F61FFD404A8A085B04351
:108470000871BD6178AA7BD3D5E8BFF447FFCEAEC3
:1084800013F555E9A864E5CEA542B69B51F819AAA3
:10849000F4A47B779C3E58CF98016D257BFC04ACFF
:1084A00061F9FAA15F9DF6B69626AE543EDDA9F5B8
:1084B0007D914A4E42B2FC9357E7070A44ECE60727
:1084C00079087FFF04CF0DE74110867110CD57F377
:1084D00060CABF964F3EFF0F4799988EB00B0000C1
:1084E000000000000000000000000000000000008C
:1084F0000100020102000000B48A0108F10901082C
:10850000020000010000000000000000ED09010869
:10851000030000010000000000000000D109010874
:10852000040000010000000000000000D90801085C
:10853000050000010000000000000000B90801086B
:1085400006000100010000004C8B01081908010819
:10855000070000010000000000000000D50701082E
:108560000800010001000000B88A0108990701080D
:1085700009000001000000000000000009110108CE
:108580000A00020101000000548B0108E1100108FB
:108590000B00030103000000BC8A0108A1100108C0
:1085A0000C00020102000000C08A010859100108F5
:1085B0000D00020002000000B48A0108E91601085B
:1085C0000E00020002000000908A0108F115010867
:1085D0000F00030003000000BC8A0108B515010864
:1085E0001000020002000000C08A0108D114010836
:1085F0001100050005000000C48A0108A912010845
:108600001200020002000000908A0108953A010859
:108610001300010001000000B88A0108493A01086E
:108620001400020002000000C08A0108FD390108A0
:108630001500020002000000908A0108C5390108F7
:108640001600040004000000CC8A0108113901085A
:108650001700050005000000D08A01087D370108D9
:108660001800010001000000B88A01085912010831
:108670001900080008000000D88A0108F11101085B
:108680001A00030003000000E48A01080D1101082C
:108690001B00020002000000908A0108A5420108A8
:1086A0001C00020002000000C08A010859420108B3
:1086B0001D00040004000000988A0108E941010837
:1086C0001E00010001000000B88A010825410108D0
:1086D0001F00080008000000E88A0108F5030108EF
:1086E0002000020002000000C08A0108A102010867
:1086F00021000400030000008C8A0108E133010816
:108700002200030002000000888A0108D935010810
:108710002300030002000000888A01088D3501084B
:108720002400040004000000948A01083D3401087C
:108730002500010001000000B88A01082134010869
:108740002600030003000000F08A010899330108A5
:108750002700050003000000F48A01082118010821
:108760002800040003000000F88A0108A917010886
:108770002900030002000000888A01086917010827
:108780002A00040004000000948A01081D17010853
:108790002B00010001000000B88A01080117010840
:1087A0002C00030003000000FC8A0108ED240108EE
:1087B0002D00030003000000848A0108252401081D
:1087C0002E00060006000000008B0108452301086A
:1087D0002F00020002000000908A0108CD0B010862
:1087E0003000050005000000088B01086D0B010832
:1087F00031000400040000007C8A0108190B010804
:108800003200020002000000908A0108DD0A01081F
:108810003300040003000000108B01088D3F0108A5
:108820003400050005000000148B0108A53C010878
:108830003500010001000000B88A01084920010844
:108840003600040003000000B08A0108F51F01088B
:108850003700050005000000208B0108991F010862
:108860003800040004000000948A010895220108E1
:108870003900030003000000F08A0108F521010817
:108880003A00030002000000888A0108251F010841
:108890003B00030002000000888A0108F11E010865
:1088A0003C00060006000000288B0108C91D0108D5
:1088B0003D00030002000000888A0108251C010811
:1088C0003E00030002000000888A0108BD1B010869
:1088D0003F00080008000000308B0108F11A010871
:1088E0004000060006000000288B01084132010804
:1088F0004100030003000000BC8A01081551010873
:108900004200020002000000C08A01081151010863
:108910004300060006000000288B0108795001087A
:108920004400060006000000388B0108593B01088E
:108930004500030003000000E48A01081D3B010814
:108940004600010001000000B88A0108452901081D
:108950004700020002000000C08A0108FD2801084B
:108960004800020002000000908A0108B9280108AE
:108970004900030002000000888A0108152C010844
:108980004A00040004000000988A0108D52B010861
:108990004B00030003000000E48A0108F92A0108E3
:1089A0004C00010001000000B88A0108CD30010828
:1089B0004D00020002000000C08A01088130010859
:1089C0004E00020002000000908A01083D300108BC
:1089D0004F00010001000000B88A0108615301083E
:1089E0005000020002000000C08A0108195301086B
:1089F0005100020002000000908A0108D5520108CF
:108A00005200010001000000B88A01083156010837
:108A10005300020002000000C08A0108E555010869
:108A20005400010001000000B88A0108B555010892
:108A30005500060006000000408B0108755501082E
:108A40005600030003000000E48A010825550108D0
:108A50005700020002000000908A0108BD5401087E
:108A600058000001000000000000000079680108C3
:108A7000590000000200000000020000040400048D
:108A800004040400040002000407000004040700BA
:108A900004040000040000000400000404000700B7
:108AA00004040000020202000400000200020000B0
:108AB000040207000004000004000000040000009D
:108AC000040000000400040400000000040002038D
:108AD0000404040400000000040000040004040472
:108AE0000006000004040400040000040002020464
:108AF000040004000407070004070000000002004F
:108B00000400000202000000040000040400000051
:108B1000040704000400040000000000000000003E
:108B2000040002000000000004000000000000003B
:108B30000400000000000000040000000004000029
:108B40000400000404040000000000000000000015
:108B500004000402070000000401000000000000FF
:108B60000400010603542021222352022512FE0094
:108B700000080140000C01400010014000140140B9
:108B800000180140001C014000200140000000408E
:108B9000000122000000004001022200000000400D
:108BA00002032200000000400304220000000040F5
:108BB0000F011200000000401302120000000040EC
:108BC0001A031200000000401B04120000040040C1
:108BD00006011200000400400702120000040040D9
:108BE00010031200000400401104120000040040B1
:108BF0002601220000040040270222000004004059
:108C0000280322000004004029042200000800403C
:108C10003C012200000800403D0222000008004004
:108C20003E032200000800403F04220000080040EC
:108C30001601220000080040170222000008004030
:108C400018032200000800401904220000540040CC
:108C5000161700000054004018190000005800408A
:108C60001A1B0000003800401E1F1D52003001403A
:108C70000607055200300140141513520038004019
:108C800022231A52003C004014151362201C20526B
:108C90006571756573742053657269616C20426FEC
:108CA0006F746C6F616465722121207E000000008A
:048CB000B501010801
:048CB4009101010821
:108CB800100000001C0000201C0000200000000024
:108CC80000000000F924010800000000280000202E
:108CD800FD24010800000000000000000127010831
:088CE800000000800044950823
:0400000508016A9DE7
:00000001FF
