:020000040801F1
:1000000098740020AD0101084F1D0108451B01082F
:10001000251D0108E91101081D2D0108000000003F
:1000200000000000000000000000000005200108A2
:100030004D14010800000000C3010108B3210108AC
:10004000C7010108C7010108C7010108C70101086C
:10005000C7010108C7010108C7010108C70101085C
:10006000C7010108C7010108C7010108C70101084C
:10007000C7010108C7010108ED110108C701010806
:10008000C7010108C7010108C7010108C70101082C
:10009000C7010108C7010108C7010108C70101081C
:1000A000C7010108C7010108C7010108C70101080C
:1000B000C7010108C7010108C7010108C7010108FC
:1000C000C7010108C7010108C7010108C7010108EC
:1000D000C701010825280108A9280108FD290108F0
:1000E00051140108C7010108C7010108C70101082F
:1000F000C7010108C7010108C7010108C7010108BC
:10010000C7010108C7010108D9240108C701010876
:10011000C7010108C7010108F9240108C701010846
:10012000C7010108C7010108C7010108C70101088B
:10013000C7010108C7010108C7010108C70101087B
:10014000C7010108C7010108C7010108C70101086B
:10015000C7010108C7010108C7010108C70101085B
:10016000C7010108C7010108C7010108D12601081C
:10017000C7010108C7010108C7010108C70101083B
:10018000C7010108C7010108C7010108C70101082B
:10019000C7010108C7010108DFF80CD000F0E4FC3A
:1001A00000480047715E01089874002006488047A7
:1001B00006480047FEE7FEE7FEE7FEE7FEE7FEE74C
:1001C000FEE7FEE7FEE7FEE72924010899010108A2
:1001D00040EA01039B0703D009E008C9121F08C0C9
:1001E000042AFAD203E011F8013B00F8013B521E49
:1001F000F9D27047D2B201E000F8012B491EFBD2C0
:1002000070470022F6E710B513460A460446194621
:10021000FFF7F0FF204610BDCAB2401E10F8011FC4
:100220008A4202D00029F9D100207047421C10F800
:10023000011B0029FBD1801A70472DE9FE4F804633
:1002400081EA0300C00F0C46009021F0004123F02A
:100250000045B8EB0200A94105D240462146904630
:100260001C460B46024623F00040104347D0270DA2
:10027000C7F30A00C3F30A510290401A01904028C4
:100280006BDAC3F3130040F4801B0098924620B150
:100290000023D2EB030A63EB0B0B01985946C0F124
:1002A0004002504600F03DFA06460D46504659467B
:1002B000019A00F055FA10EB08006141002487EA2A
:1002C000115284EAE7731A4340D0009A62B3019A4C
:1002D000012A4FEA075215DC001B61EB02014FF0C7
:1002E000004202EA0752CDE90042001C41F58011AC
:1002F00032462B4600F0E8FA03B0BDE8F08F4046E6
:100300002146F9E7001B61EB0201001C41F5801357
:1003100000185B412018A2F5001747EB030140EAE3
:10032000D570B6196D4111E06D084FEA360645EA01
:10033000C0754FEA0752001B61EB0201001C41F53A
:10034000801149084FEA30000019514132462B46CE
:1003500003B0BDE8F04F00F0A8BA009801224000B9
:100360000023D0EB020263EBE073009821464FEAD2
:10037000E074B8EB000061EB0401E9E783F00043AF
:100380005BE781F0004158E72DE9FE4F81EA030465
:1003900004F0004421F0004100944FF0000B23F0E2
:1003A000004350EA01045ED052EA03045BD0C3F379
:1003B0000A54C1F30A552C44A4F2F3340194A0FB6F
:1003C0000254C1F3130141F48011C3F3130343F446
:1003D000801301FB024400FB034E840A970A44EA9F
:1003E000815447EA8357A4FB076802958D0A05FBF1
:1003F00007854FEA932C04FB0C542705029D4FEA16
:10040000065847EA1637B5EB08056EEB070C870E62
:10041000920E47EA811742EA8312A7FB0201B6EB6C
:100420000B0164EB00042B0D43EA0C335E1844EB24
:100430001C50DA465146E7FB0201C5F313044FEAAC
:100440000B3343EA14534FEA0432019C43EA060398
:10045000A4F10C040294009CCDE900B400F034FA3D
:1004600003B0BDE8F08F00200146F9E72DE9F04D1B
:1004700081EA030404F0004B21F0004514464FF0DC
:10048000000A23F0004150EA050220D054EA01029C
:100490001DD0C5F30A570246C5F31303C1F3130079
:1004A000C1F30A5640F4801543F48013A7EB060805
:1004B000101BD64608F2FD3873EB050002D308F195
:1004C000010801E092185B41B8F1000F03DA002047
:1004D0000146BDE8F08D00204FF4801106468446A9
:1004E0000EE0171B73EB050705D3121B63EB050327
:1004F00006434CEA010C49084FEA300092185B4170
:1005000050EA0107EDD152EA030012D082EA04005A
:1005100083EA0501084305D0101BAB4106D2012236
:10052000002306E000224FF0004302E06FF00102DA
:1005300053101AEB06004CEB085110EB0A0041EB8C
:100540000B01BDE8F04D00F0B0B90EB540F23341FB
:1005500002910021CDE900110A460B4600F0B4F9E2
:1005600003B000BD70B5C1F30A5201F0004500248C
:10057000C1F3130140F2FF3341F480119A4201DAD2
:10058000002070BD40F233439A42A2F2334203DCB2
:10059000524200F0D5F800E090402C43F1D04042A8
:1005A00070BDC1F30A5210B5C1F3130140F2FF331D
:1005B00041F480119A4201DA002010BD40F2334329
:1005C0009A42A2F2334203DC524200F0B9F810BD65
:1005D000904010BD00F0004230F000400AD0C10D44
:1005E00001F56071C0F3160042EA0151C2084007EC
:1005F00011437047002001467047000030B5041ECB
:1006000071F1000404DB4FF00044404264EB01014F
:10061000141E73F1000405DB1C464FF000435242E8
:1006200063EB04038B4208BF824230BD30B5041E29
:1006300071F1000404DB4FF00044404264EB01011F
:10064000141E73F1000405DB1C464FF000435242B8
:1006500063EB0403994208BF904230BD01F00043B0
:1006600030B421F0004150EA010206D00A0DA2F593
:100670006072C1F31301002A02DC30BC0020704715
:10068000440F44EAC104C100E01830BC00EBC25082
:1006900000F0D4B830B50B460146002020220124DA
:1006A00009E021FA02F59D4205D303FA02F5491B40
:1006B00004FA02F52844151EA2F10102F1DC30BD56
:1006C0002DE9F05F0546002092469B468846064687
:1006D000814640241BE0284641464746224600F01A
:1006E0002FF853465A46C01A914110D31146184666
:1006F000224600F016F82D1A67EB01084F462246F5
:100700000120002100F00DF817EB00094E41201EDA
:10071000A4F10104DFDC484631462A464346BDE8E1
:10072000F09F202A04DB203A00FA02F100207047F3
:100730009140C2F1200320FA03F31943904070471F
:10074000202A04DB203A21FA02F00021704721FA26
:1007500002F3D040C2F1200291400843194670478D
:10076000202A06DBCB17203A41FA02F043EAE07375
:1007700006E041FA02F3D040C2F120029140084362
:100780001946704700487047389F010810B5044665
:10079000FFF7F8FF0068005D00F0010010BD0000E9
:1007A0000FB4002300B589B00CA900910B996FF02C
:1007B0000042CB601E4B06931E4B07930423CDE9EA
:1007C00001321D4A089202466B46002000F072FA80
:1007D00009B05DF814FB70B586B006464FF0FF30E7
:1007E0000091CDE90101002015460C4604903246E7
:1007F000694604A8FFF7D4FF02460498211825B1E2
:1008000008B1084600E020462860049800280DD072
:10081000002A02DD0098884208D0081B0094CDE928
:1008200001043246694604A8FFF7BAFF06B070BD5E
:10083000ED0E01080B0F01088D0701080029A8BF64
:100840007047401C490008BF20F00100704710B4F9
:10085000B0FA80FC00FA0CF050EA010404BF10BCAE
:10086000704749B1CCF1200421FA04F411FA0CF1DB
:1008700018BF012121430843A3EB0C01CB1D4FEA14
:1008800000614FEA102042BF002010BC704700EB0F
:10089000C35010440029A4BF10BC7047401C49003D
:1008A00008BF20F0010010BC704710B5141E73F192
:1008B000000408DA401C41F1000192185B411A4320
:1008C00001D120F0010010BD2DE9F04D92469B466C
:1008D00011B1B1FA81F202E0B0FA80F22032904612
:1008E000FFF71FFF04460F4640EA0A0041EA0B01EA
:1008F00053465A46084313D0114653EA010019D013
:10090000C8F140025046FFF71BFF05460E46504611
:1009100059464246FFF705FF084305D0012004E091
:1009200020463946BDE8F08D0020054346EAE076D2
:100930002C4337430A986305E40AA0EB0800002221
:10094000FD0A44EA47540A3002D500200146E9E78F
:10095000010510196941DDE9084500196941BDE843
:10096000F04DA2E72DE9F04D00231A461B1A8A41EB
:1009700003DB00200146BDE8F08DC1F30A52C1F34C
:10098000130141F480154FF0000BD10702D100187C
:100990006D41521E0027044640F2FF11384601EB1C
:1009A000620A3E468046024600204FF48011FFF75F
:1009B000C7FEC2197141BB1846EB0100B4EB030C32
:1009C00075EB000C04D3E41A65EB000517460E46E0
:1009D000241908F101006D4180463428E3DDF9193E
:1009E00046EB0600091BA84103D24FF0FF32134625
:1009F00001E0002213461BEB070046EB0A51BDE85D
:100A0000F04DFFF752BF00002DE9F041054621F0FF
:100A100000400C46284309D0C4F30A5040F2334149
:100A2000884205DD28462146BDE8F0812846FBE7DF
:100A300040F2FE31884210DC0CDB4FEA043040EA21
:100A4000155050EA053105D0104804F0004101432B
:100A50000020E9E700200146E6E7A0F233404642E5
:100A6000C6F1400228462146FFF75BFE074688464E
:100A7000284621463246FFF763FE43463A46FFF7D3
:100A800014FF3246BDE8F041FFF74BBE0000F03FD7
:100A9000C1F30A52C1F3130140F2FF3341F4801154
:100AA0009A4202DA00200146704740F233439A42EC
:100AB000A2F2334202DC5242FFF742BEFFF731BEE0
:100AC0002DE9F047C1F30A5401F00048054600271C
:100AD000C1F3130140F2FF3041F4801684421ADA68
:100AE000B4F57F7F00DC841EA4F213446242924678
:100AF00028463146FFF724FE04465246FFF711FE12
:100B000045404E40354301D0012000E0002044EA3A
:100B1000000100201BE040F2334084421ADCA4F2C2
:100B2000F33228463146FFF7FCFD0A467840514033
:100B3000084301D0012000E0002040EA020AA4F2AC
:100B40003344624228463146FFF7FAFD5146FFF72B
:100B500075FE03E0A4F2334405FA04F057EA0807EF
:100B600000D04042BDE8F087064C074D06E0E06843
:100B700040F0010394E8070098471034AC42F6D3E4
:100B8000FFF70EFBD49F0108F49F01082DE9FF4FEA
:100B9000087883B09946FF2805D0491C2D2804D039
:100BA0000024002008E000200BE00124F9E700EB1E
:100BB000800003EB4000491C0B78FF2BF7D104B1F8
:100BC000404200230293147819461D462D2C01D073
:100BD0002B2C04D1521C2D2C13D000240294AA4695
:100BE0001478FF2C0FD00A25A3FB057801FB0581A3
:100BF0004FF0000C03FB0C11521CE3194AEB0101EE
:100C0000EEE70124EAE7814453EA010002D019F536
:100C1000C87F06DA03980021C0E9001107B0BDE8DB
:100C2000F08F0025AE4E2F46DFF8B882184600F050
:100C30007DF9CDE90001B9F1000002DAC9F1000443
:100C400000E004460023A74A1AEB030B42EB045AC8
:100C500012E0E00707D02A46334638464146FFF700
:100C600093FB074688462A46334610461946FFF747
:100C70008BFB05460E466410002CEAD1DDE900012D
:100C8000B9F1000F5A46534606DAFFF7EFFB3A4632
:100C90004346FFF7EBFB05E0FFF776FB3A4643469A
:100CA000FFF772FB029A0AB181F00041039AC2E990
:100CB0000001B3E72DE9FF4F1F468DB0D7E901468C
:100CC0004FF0FF382E2045464FF000090B90B969D0
:100CD0006D1C0E988847396A824688470028F6D1ED
:100CE000BAF1FF3F0AD024F4D064002E11DDBAF12E
:100CF0002B0F08D0BAF12D0F0BD102E0404611B0F6
:100D00008DE744F48064B9696D1C0E98884782466B
:100D1000761E6946600501D52D2000E02B208DF858
:100D2000000001F1010B0DF1200809E0B9696D1C0B
:100D30000E98884782460F9844F40074761E05602A
:100D4000002E02DDBAF1300FF0D00B998A453ED16A
:100D500044F0800406E00F99681CA9F1010944F4ED
:100D600000740860B9696D1C761E0E98884782462B
:100D70003028F0D02BE00B998A4505D1200603D40A
:100D800044F08004761E18E0504603F0CFFE08B30E
:100D90000DF11301761E44F400748B4508D2AAF1BC
:100DA00030000BF8010B200607D5A9F1010003E084
:100DB000200602D409F101008146A00502D50F9951
:100DC000681C0860B9696D1C0E9888478246002E21
:100DD000D1DC53E0002E51DDBAF1650F02D0BAF13B
:100DE000450F4BD1A00549D5B9696D1C24F4407459
:100DF000761E0E9888478246002E0CDD2B2804D0E4
:100E0000BAF12D0F07D144F48074B9696D1C0E98A6
:100E100088478246761EE00501D52D2100E02B2172
:100E200008F8011BCDF82C8021E00DF12901761E78
:100E300044F4007488450CD2AAF1300010F0FF0091
:100E400088F8000002D10B99884509D908F10108FA
:100E500006E0E00501D5244801E042F20F7081462A
:100E6000B9696D1C0E98884782460F980560002E60
:100E700004DD504603F05AFE0028D6D1F9690E98D9
:100E80008847FF208BF8000088F8000000200690BB
:100E900007904B466A4608A906A8FFF777FEA0050B
:100EA00002D46FF001002AE714F0240F0AD0E00703
:100EB00014D1DDE906123868031D3B600068C0E903
:100EC00000120BE0DDE90601FFF7C8FB0146E00771
:100ED00004D13868021D3A600068016028460EE7B8
:100EE000000014400000F03FF1D8FFFF426842B11B
:100EF000016811F8013B23B1521EC0E900121846E7
:100F000070470121C160881E704742685AB1C368AA
:100F1000016843B983688B4205D0491E521CC0E961
:100F20000012002070474FF0FF3070470EB540F2BE
:100F3000334202920022CDE900221346FFF7C4FC9F
:100F400003B000BD70B58C1810F8015B15F00703F5
:100F500001D110F8013B2A1106D110F8012B03E052
:100F600010F8016B01F8016B5B1EF9D12B0705D45A
:100F70000023521E0DD401F8013BFAE710F8013BA3
:100F8000CB1A921C03E013F8015B01F8015B521EBF
:100F9000F9D5A142D8D3002070BD02688A4302600F
:100FA000704770B505460C4645B900214FF4807076
:100FB00000F04AFF204600F03BFF06E001212046FA
:100FC00000F042FF002000F033FF70BDF0B5044692
:100FD000154600200022122905D1E06D20F00700FF
:100FE0001843E06520E0092911DDE068A1F10A0657
:100FF00006EB4607072606FA07F29043A1F10A0618
:1010000006EB460603FA06F21043E0600CE02069A6
:1010100001EB4107072606FA07F2904301EB410670
:1010200003FA06F210432061072D0FDA606B6E1E83
:1010300006EB86071F2606FA07F290436E1E06EBA4
:10104000860601FA06F21043606322E00D2D0FDAE6
:10105000206BEE1F06EB86071F2606FA07F2904369
:10106000EE1F06EB860601FA06F21043206310E03D
:10107000E06AA5F10D0606EB86071F2606FA07F2C1
:101080009043A5F10D0606EB860601FA06F2104321
:10109000E062F0BD21B1826842F00102826003E0AB
:1010A000826822F001028260704721B1826842F4B6
:1010B000A002826003E0826822F4A002826070478E
:1010C000014600208A6802F004020AB1012000E013
:1010D000002070470146C86C80B2704770B5044666
:1010E0000D460723012229462046FFF76FFF012105
:1010F0002046FFF7DAFF00BF0221204600F010F87B
:101100000028F9D002212046FFF747FF1021204692
:10111000FFF743FF2046FFF7DDFF0646304670BD70
:101120000246002013680B400BB1012000E00020B4
:10113000704702460020936D0B400BB1012000E088
:101140000020704730B502460020002350680F4C45
:1011500020400D790C6844EA0524204350609068D3
:101160000B4C2040D1E902542C434D7944EA45040C
:1011700020439060D06A20F470000C7C641EE4B2BE
:10118000234340EA0350D06230BD0000FFFEF0FF71
:10119000FDF7F1FF816841F00401816070470000B4
:1011A00010B500244FF4E06000F02AFE03F066F86A
:1011B00006F0A6FC00F03AFC03F0FEF801F012FD88
:1011C000064800F001FD064800F0FEFC00F0BCFC03
:1011D00000200449086004F02BFE10BD00440040CC
:1011E000005401400001002000BFFEE710B509498E
:1011F0004FF4005000F014F800210648443000F08D
:10120000F5F80020044908704FF40061034800F02D
:10121000B7FB10BD0000024006010020000801409D
:10122000486070471AB103680B43036002E003682B
:101230008B4303607047000001684FF6FE72114057
:1012400001600021016041608160C16065498842A0
:1012500008D164490839496841F00F01614A083AE8
:101260005160BEE05F491431884208D15D490839B8
:10127000496841F0F0015B4A083A5160B1E05949D0
:101280002831884208D157490839496841F47061CA
:10129000544A083A5160A4E052493C31884208D18E
:1012A00050490839496841F470414E4A083A516042
:1012B00097E04C495031884208D14A490839496879
:1012C00041F47021474A083A51608AE04549643147
:1012D000884208D143490839496841F47001414ABC
:1012E000083A51607DE03F497831884208D13D4954
:1012F0000839496841F070613A4A083A516070E033
:1013000038498C31884208D136490839496841F05A
:101310007041344A083A516063E03349884206D14B
:10132000011F096841F00F01021F116059E02E49A9
:101330001431884208D12C49091F096841F0F00195
:10134000294A121F11604CE027492831884208D1F0
:101350002549091F096841F47061234A121F116071
:101360003FE021493C31884208D11F49091F0968E3
:1013700041F470411C4A121F116032E01A49503189
:10138000884208D11849091F096841F47021164A9A
:10139000121F116025E014496431884208D11249B6
:1013A000091F096841F470010F4A121F116018E00B
:1013B0000D497831884208D10B49091F096841F06D
:1013C0007061094A121F11600BE007498C31884295
:1013D00007D10549091F096841F07041024A121FEF
:1013E00011607047080002400804024021B1026801
:1013F00042F00102026004E002684FF6FE731A40F8
:10140000026070470146486880B2704710B50022FC
:10141000026847F6F0739A430C6A8B6823430C69A1
:1014200023434C6923438C692343CC6923434C6A8F
:1014300023438C6A23431A430260CB6843600B68E2
:1014400083604B68C36010BD416070477047000007
:1014500010B54FF4006000F011F830B14FF40060A7
:1014600000F006F801200149087010BDFC000020C2
:101470000149086070470000140401400146002043
:101480000022074B1B6803EA0102054B14331B685B
:101490000B4013B10AB1012000E0002070470000AA
:1014A000000401400249C9680143014AD160704704
:1014B0000020024030B5044606257C20FFF7F2FFED
:1014C0004FF4302000F08CF80546062D17D10D485A
:1014D000006940F002000B49086108464461006958
:1014E00040F0400008614FF4302000F079F80546E4
:1014F0000448006943F6FD71084002490861284626
:1015000030BD00000020024006201249C96801F0E9
:10151000010109B101201CE00E49C96801F0040174
:1015200009B1032015E00B49C96801F0080109B1B0
:1015300004200EE00749C96801F0100109B1052037
:1015400007E00449C96801F0400109B1072000E043
:1015500006207047002002400348006940F08000E8
:1015600001490861704700000020024078B5044638
:101570000D4606260020009004F0030010B1092655
:10158000304678BD7C20FFF78DFF4FF4005000F00F
:1015900027F80646062E12D10A48006940F00100DD
:1015A0000849086125604FF4005000F019F806461C
:1015B0000448006943F6FE7108400249086130465C
:1015C000DFE700000020024002480349486003486A
:1015D000486070472301674500200240AB89EFCD8A
:1015E00000B502460623FFF78FFF034603E0FFF72F
:1015F0008BFF0346521E012B01D1002AF7D102B9FD
:101600000A23184600BD0000F0B50C460023002652
:1016100000220025002100F00047B7F1004F02D161
:101620008B4FFA6919E000F08047B7F1804F02D183
:10163000874F3A6A11E000F00057B7F1005F02D11E
:10164000834F7A6A09E000F08057B7F1805F02D1DA
:101650007F4FBA6A01E07E4F7A68C0F3034583B2D8
:101660007C4F0740B7F5401F0AD122F07062784FD7
:101670007F6827F07067DFF8D8C1CCF80470BDE050
:1016800000F48017B7F5801F13D100F40017B7F5E9
:10169000001F03D10327AF403E0402E0032707FAEF
:1016A00005F6B24300F0E047002FE8D142F0706247
:1016B000A4E000F08077B7F1807F47D100F0040705
:1016C000042F29D100F00077B7F1007F16D1C0F3C5
:1016D00040573F0103FA07F7BA433CB15C4F7968C2
:1016E00041F0010141F07061796087E0584F7968FD
:1016F00021F0010141F0706179607FE0C0F3405753
:101700003F0103FA07F7BA43514F796821F001010D
:1017100041F07061796071E043F00407C0F3405C10
:101720004FEA0C1C07FA0CF7BA433CB1484F7968F2
:1017300041F0010141F0706179605FE0444F7968E8
:1017400021F0010141F07061796057E000F080679D
:10175000B7F1806F47D100F00807082F29D100F0BA
:101760000077B7F1007F16D1C0F340573F0103FA6D
:1017700007F7BA433CB1364F796841F0080141F0B0
:10178000706179603AE0324F796821F0080141F0E8
:101790007061796032E0C0F340573F0103FA07F708
:1017A000BA432B4F796821F0080141F070617960EC
:1017B00024E043F00807C0F3405C4FEA0C1C07FA32
:1017C0000CF7BA433CB1224F796841F0080141F06F
:1017D0007061796012E01E4F796821F0080141F0D4
:1017E000706179600AE0C0F340573F0103FA07F7E0
:1017F000BA4300F0E0470FB942F070622CB1C0F379
:1018000040573F0103FA07F73A4300F00047B7F1AA
:10181000004F02D10E4FFA6119E000F08047B7F196
:10182000804F02D10A4F3A6211E000F00057B7F141
:10183000005F02D1064F7A6209E000F08057B7F1ED
:10184000805F02D1024FBA6201E0014F7A60F0BDC1
:1018500000000140000030702DE9F04102460025F3
:101860000026002000230024002791F803C00CF07C
:101870000F0591F803C00CF0100CBCF1000F03D061
:1018800091F802C04CEA050591F800C0BCF1000FC8
:1018900031D0146800202BE04FF0010C0CFA00F35B
:1018A000B1F800C00CEA03069E4220D183004FF03D
:1018B0000F0C0CFA03F7BC4305FA03FC4CEA0404D2
:1018C00091F803C0BCF1280F06D14FF0010C0CFABF
:1018D00000FCC2F814C00AE091F803C0BCF1480F44
:1018E00005D14FF0010C0CFA00FCC2F810C0401CEE
:1018F0000828D1D31460B1F800C0BCF1FF0F34DD6B
:10190000546800202EE000F1080C4FF0010808FA9E
:101910000CF3B1F800C00CEA03069E4221D183000B
:101920004FF00F0C0CFA03F7BC4305FA03FC4CEA2A
:10193000040491F803C0BCF1280F05D100F1080C94
:1019400008FA0CF8C2F8148091F803C0BCF1480FF3
:1019500007D100F1080C4FF0010808FA0CF8C2F8A2
:101960001080401C0828CED35460BDE8F0810246A8
:10197000002093680B400BB1012000E0002070476D
:10198000416170470161704770B505460C46A1B2D0
:10199000284600F09BFE284600F0D8FDA04203D95F
:1019A0000121284600F0D0FD70BD000008B50121DE
:1019B000042000F07BFA2020ADF8000010208DF804
:1019C000030003208DF8020069461748FFF744FF23
:1019D00020211548FFF7D6FF0121042000F066FA08
:1019E0000220ADF8000010208DF8030003208DF8D0
:1019F000020069460C48FFF72FFF02210A48FFF753
:101A0000BFFF0121042000F051FA0120ADF80000D1
:101A100010208DF8030003208DF80200694602486B
:101A2000FFF71AFF08BD00000008014000B587B0AD
:101A30000121182000F03AFA01214FF4604000F033
:101A400015FA07210020FFF7ACFA4FF460514FF46C
:101A5000003000F0DFF94FF47040ADF818000020BE
:101A60008DF81B0006A93248FFF7F6FE0F20ADF8EF
:101A7000180000208DF81B0006A92E48FFF7ECFE89
:101A8000002001908DF808008DF809004FF46020C7
:101A900003900020049001208DF8140001A926482D
:101AA000FFF750FB01A92548FFF74CFB01A924488B
:101AB000FFF748FB01212048FFF7ECFA00BF202187
:101AC0001D48FFF736FB0028F9D01B48FFF762FBE3
:101AD00000BF1948FFF7F4FA0028FAD1012117488E
:101AE000FFF7D8FA00BF20211448FFF722FB002897
:101AF000F9D01248FFF74EFB00BF1048FFF7E0FA9D
:101B00000028FAD101210E48FFF7C4FA00BF2021B6
:101B10000B48FFF70EFB0028F9D00948FFF73AFB06
:101B200000BF0748FFF7CCFA0028FAD107B000BD84
:101B3000000C014000100140000C0240001802405F
:101B4000001C024000BFFEE708B50121082000F09C
:101B5000ADF92020ADF8000010208DF8030003201F
:101B60008DF8020069460E48FFF776FE0121082035
:101B700000F09CF94020ADF8000010208DF8030023
:101B800003208DF8020069460548FFF765FE202115
:101B90000348FFF7F7FE40210148FFF7F1FE08BDBB
:101BA000000C014000B54FF48031C80200F002F88B
:101BB00000BD0000024A0A400243024B1A6070470F
:101BC00080FFFF1F08ED00E010B504461F48844267
:101BD00006D14FF4EE720021204608F088F808E0A4
:101BE0001B48844205D14FF4EE720021204608F0D4
:101BF0007EF81648844205D1164A1021204608F086
:101C000076F807E01248844204D1124A1021204697
:101C100008F06DF880221121204608F068F80B4882
:101C2000844205D10C4A6C21204608F060F807E098
:101C30000748844204D1084A6C21204608F057F82E
:101C4000064A7021204608F052F810BD00440040BA
:101C50000054014000090A00C38200154B170DC84B
:101C600010B504F00FFC03F023FF4FF4F0610248BD
:101C7000FEF7C7FA10BD00009004002000203CE0F1
:101C80000021244A1154244A1154032801DB012263
:101C900000E0002200EB4001204B03EB011181F832
:101CA0002020002200EB400103EB01114A620122D7
:101CB00000EB400103EB011181F82120002200EB31
:101CC000400103EB011181F82220002100EB4002CA
:101CD00003EB02121176002200EB400103EB01112D
:101CE000CA6100EB400103EB01118A6200EB400185
:101CF00003EB0111CA62411CC8B20528C0DB0020F9
:101D000005E00021064A22F81010411CC8B2022842
:101D1000F7DB7047280400202D040020A45C00207D
:101D20003204002000BFFEE710B500F0DFF9FFF736
:101D30003DFE10BD30B50246A2FB01304FF4000558
:101D40005B1940F10000040244EA136030BD7047A3
:101D500008B532208DF8000000208DF80100042025
:101D60008DF8020001208DF80300684600F010F89D
:101D700036208DF8000000208DF8010005208DF838
:101D8000020001208DF80300684600F001F808BD4C
:101D900070B5002100230F22C47804B3154C2468C9
:101DA00004F4E064C4F5E064210AC1F10403CA400C
:101DB000447804FA03F184781440214309010E4C5D
:101DC0000678A155047804F01F050124AC4005787D
:101DD0006D11AD0005F1E025C5F8004109E004787A
:101DE00004F01F050124AC40044D0678761145F837
:101DF000264070BD0CED00E000E400E080E100E072
:101E000002490143024A1160704700000000FA05D0
:101E10000CED00E002460020044BD86A20F48060FC
:101E200020F4784010430843D86270470010024005
:101E300001460020034AD06A20F00F000843D06218
:101E4000704700000010024002460020064BD86A8E
:101E500020F4F87009B1104302E0104320F48070C0
:101E6000014BD862704700000010024029B1064AB9
:101E700052690243044B5A6104E0034A52698243A7
:101E8000014B5A61704700000010024029B1064A18
:101E9000D2690243044BDA6104E0034AD269824307
:101EA000014BDA61704700000010024029B1064A78
:101EB00092690243044B9A6104E0034A92698243A7
:101EC000014B9A617047000000100240F0B50021FC
:101ED00000BF002200250024384E7668384F06EAFD
:101EE0000702364E766806F4803502F000661EB9A9
:101EF000022606EB924204E04FF4F876C6EB9246D7
:101F0000721C1DB92F4E02FB06F30BE02B4E7668B8
:101F100006F400361EB12C4E02FB06F302E02B4EF7
:101F200002FB06F3254E766806F00C0121B1042968
:101F300005D0082908D105E0254E066007E0234EAC
:101F4000066004E0036002E0214E066000BF00BFAF
:101F50001A4E766806F0F00109091E4E745C066898
:101F6000E6404660154E766806F4E061090A194EAF
:101F7000745C4668E6408660104E766806F46051F0
:101F8000C90A144E745C4668E640C6600B4EF66A99
:101F900006F00F01104E745C4668B6FBF4F646611D
:101FA000064EF66A06F4F871090901F00F060B4FA8
:101FB00037F81640B3FBF4F60661F0BD001002409E
:101FC00000003C0800093D00808D5B00001BB7004D
:101FD00000127A00749E0108849E0108949E0108F4
:101FE00070B504460D46FFF7EFFA3520FFF75AFAB1
:101FF0002046FFF75FFA29462046FFF7B7FAFFF7BA
:10200000ABFA70BD7047000010B50020002100221F
:10201000304B1B6843F480332E4C236000BF2D4BA4
:102020001B68C3F34041521C19B94FF6FF739A4223
:10203000F5D1284B1B68C3F3404119B9264B274CF7
:10204000236010BD264B1B6823F00303244C236040
:1020500023461B6843F0040323601E4B5B681D4C42
:10206000636023465B6843F40053636023465B6808
:1020700043F4A063636023465B681A4C2340154C0D
:1020800063602346586840F4803040F40030164BBB
:102090001843234658601B6843F08073236000BFD9
:1020A0000C4B1B6803F00073002BF9D0094B5B68E5
:1020B00023F00303074C636023465B6843F002038D
:1020C000636000BF034B5B6803F00C03082BF9D17E
:1020D00000BFB6E70010024000127A00880400201A
:1020E00000200240FFFFC0F700001C0808B50121D6
:1020F0000820FFF7DBFE4FF40070ADF80000482029
:102100008DF8030003208DF8020069462148FFF78F
:10211000A3FB01210820FFF7C9FE0220ADF8000053
:1021200010208DF8030003208DF80200694619483D
:10213000FFF792FB01210420FFF7B8FE8020ADF8E5
:10214000000010208DF8030003208DF8020069467E
:102150001148FFF781FB01210420FFF7A7FE402073
:10216000ADF8000010208DF8030003208DF8020068
:1021700069460948FFF770FB02210648FFF702FC99
:1021800080210548FFF7FCFB40210348FFF7F8FBDF
:1021900008BD0000000C014000080140042807D1E0
:1021A0004FF0E021096941F004014FF0E022116194
:1021B000704710B500F002F810BD0000924800789A
:1021C000312841DC914800888F490978904A22F8EB
:1021D00011008D480078114631F810000988401A26
:1021E000002807DD88480078114631F8100009887A
:1021F000401A07E08648008883490978844A32F803
:102200001110401A0F2812DB012082490870824801
:102210000068401C804908600846006810F1100FF3
:1022200001D30020086031207749087006E0764825
:102230000078312802D10020764908707248007871
:10224000401C7149087002E000206F4908706E4818
:102250004078312841DC6D4840886B4949786F4AA5
:1022600022F8110068484078114631F810000988BA
:10227000401A002807DD64484078114631F8100004
:102280000988401A07E0654800885F494978634A31
:1022900032F81110401A0F2812DB01205D494870F6
:1022A0005D484068401C5C4948600846406810F141
:1022B000100F01D30020486031205349487006E0D8
:1022C00051484078312802D10020524948704E4888
:1022D0004078401C4C49487002E000204A49487050
:1022E00049488078312841DC4848808846498978C7
:1022F0004B4A22F8110044488078114631F810000A
:102300000988401A002807DD3F488078114631F8D7
:1023100010000988401A07E0414800883A49897846
:102320003F4A32F81110401A0F2812DB01203949B8
:10233000887039488068401C374988600846806842
:1023400010F1100F01D30020886031202E498870D1
:1023500006E02D488078312802D100202D49887070
:1023600029488078401C2849887002E000202649CE
:1023700088702548C078312841DC2448C08822492B
:10238000C978284A22F811001F48C078114631F850
:1023900010000988401A002807DD1B48C078114644
:1023A00031F810000988401A07E01E4800881649D5
:1023B000C9781C4A32F81110401A0F2812DB01208C
:1023C0001449C8701448C068401C1349C8600846C6
:1023D000C06810F1100F01D30020C86031200A49F5
:1023E000C87006E00848C078312802D100200949A9
:1023F000C8700548C078401C0349C87002E000203E
:102400000149C870704700001C02002044010020F0
:102410009C130020D90100202C150020001400205E
:1024200064140020C814002010B52448006840F44B
:102430007000224908602248006840F001002049ED
:102440000860084640681F4908401D494860084622
:1024500000681D4908401A4908600846006820F4D1
:1024600080200860084640681849084014494860C0
:102470000020C86208634FF41F0088600846C069E6
:1024800040F08050C8611248C06840F00100104917
:10249000C8600B48C06920F080500949C8610D48E8
:1024A000006840F090000B490860FFF7ADFD4FF069
:1024B000006002498039086010BD000088ED00E02E
:1024C0000010024000C0FFF8FFFFF6FEFFFF00F71C
:1024D000007000400020024010B50121054800F0C6
:1024E00038F828B10121034800F016F803F042FB48
:1024F00010BD0000000C004010B50121054800F09F
:1025000028F828B10121034800F006F806F066FD1E
:1025100010BD00000010004002698A43026170474C
:102520001AB183890B43838102E083898B438381C2
:10253000704721B1026842F00102026003E00268C4
:1025400022F0010202607047818270470146888C48
:10255000704730B50246002000230024156905EAC3
:102560000103958905EA010413B10CB1012000E0D3
:10257000002030BD0A46002101684D4B98420ED024
:102580004C4B98420BD0B0F1804F08D04A4B984248
:1025900005D04A4B984202D0494B984203D121F0D2
:1025A000700153881943474B984206D0464B9842D6
:1025B00003D021F44071D388194301609388838547
:1025C000138803853A4B984202D03A4B984201D186
:1025D000137A0386012383820168354B98420ED01B
:1025E000344B98420BD0B0F1804F08D0324B984218
:1025F00005D0324B984202D0314B984206D1537AE3
:1026000013B141F4006101E021F40061B0F1804FA9
:1026100008D0294B984205D0284B984202D0284B2D
:1026200098420DD1937A13B141F4805101E021F425
:102630008051D37A13B141F4005101E021F40051EB
:10264000B0F1804F05D01C4B984202D01B4B9842F2
:1026500006D1137B13B141F4804101E021F48041A4
:10266000134B98420BD0134B984208D0B0F1804FD7
:1026700005D0114B984202D0104B984206D1537BA3
:1026800013B141F4004101E021F4004101604168CF
:10269000B0F1804F02D0094B984206D1937B13B121
:1026A00041F4807101E021F48071416070470000C5
:1026B000002C0140003401400004004000080040AC
:1026C000000C00400010004000140040818570475D
:1026D00070B50025002440F22441484800F0F4F988
:1026E00000287DD000214648FEF780FE4448FEF7D2
:1026F00089FEC0F11400C5B2002D6FDDFF204149F5
:10270000887100BF05E04048005D3E490855601CE7
:10271000C4B2AC42F7DB3B488079A0B93948C079F4
:102720003A4908703748007A48703648407A8870CD
:102730003448807AC8700846C078DC284AD0012026
:102740003349087046E02F48807901280DD12D4883
:10275000C079304908702B48007A48702948407A7F
:1027600088702848807AC87034E0264880796C28C0
:102770000DD12448C079284908702248007A487051
:102780002048407A88701F48807AC87022E01D482F
:10279000807970280DD11B48C079204908701948EC
:1027A000007A48701748407A88701648807AC87056
:1027B00010E0144880796F280CD11248C07918496C
:1027C00008701048007A48700E48407A88700D48AA
:1027D000807AC87014210C48FDF713FD142100E025
:1027E0000BE00748FEF730FE044800880348001D50
:1027F000008801210248FEF7F9FD70BD0054014038
:102800006C04024078150020641500203802002076
:10281000600200203C020020400200204402002010
:102820003402002070B500250024002640F2244127
:10283000194800F049F968B300211848FEF7D6FDA1
:102840001648FEF7DFFDC0F1C800C5B2022D10DD4D
:1028500000BF07E01248065D3146124802F090F8CA
:10286000601CC4B2AC42F5DBC8210D48FDF7C9FCC1
:1028700003E0C8210A48FDF7C4FCC8210748FEF759
:10288000E3FD054800880448001D00880121034835
:10289000FEF7ACFD70BD000000380140580002405A
:1028A000A40E0020E45D002070B50025002440F255
:1028B0002441484800F008F900287DD0002146480E
:1028C000FEF794FD4448FEF79DFDC0F11400C5B22B
:1028D000002D6FDDFF204149887100BF05E04048B1
:1028E000005D3E490855601CC4B2AC42F7DB3B4872
:1028F0008079A0B93948C0793A4908703748007AD8
:1029000048703648407A88703448807AC8700846E3
:10291000C078DC284AD001203349087046E02F48AF
:10292000807901280DD12D48C079304908702B4895
:10293000007A48702948407A88702848807AC870A0
:1029400034E0264880796C280DD12448C079284984
:1029500008702248007A48702048407A88701F48E2
:10296000807AC87022E01D48807970280DD11B48FC
:10297000C079204908701948007A48701748407A91
:1029800088701648807AC87010E0144880796F28E3
:102990000CD11248C079184908701048007A487064
:1029A0000E48407A88700D48807AC87014210C480F
:1029B000FDF727FC142100E00BE00748FEF744FD7B
:1029C000044800880348001D008801210248FEF7E2
:1029D0000DFD70BD004400406C0002405015002009
:1029E0003C15002024020020600200202802002064
:1029F0002C020020300200202002002010B540F2FE
:102A00002551064800F060F838B1044800F0E0F8BD
:102A10000349087001200349087010BD00480040B8
:102A2000820100208301002001F40072B2F5007FD2
:102A300000D100BFCA4302807047F0B503460024AE
:102A400000260025002040F66A17B94200D100BFD9
:102A50001846C1F3421401F01F06012707FA06F5D4
:102A6000012C01D10C3004E0022C01D1103000E027
:102A700014301AB107682F43076002E00768AF43BC
:102A80000760F0BD21B1828942F40052828104E0E6
:102A900082894DF6FF731A40828170471AB1838A8A
:102AA0000B43838202E0838A8B4383827047024612
:102AB0000020B1F5007F00D100BF13880B400BB19F
:102AC000012000E00020704770B50246002400237A
:102AD0000025002040F66A16B14200D100BFC1F3C4
:102AE000421501F01F03012606FA03F3012D02D15E
:102AF0009689334006E0022D02D1168A334001E068
:102B0000968A33400C12012606FA04F416883440E3
:102B100013B10CB1012000E0002070BD2DE9F04799
:102B200086B005460F460024A24600BF00BF00261F
:102B3000B88900B100BF2E462C8A4CF6FF700440C5
:102B4000F88804432C82AC894EF6F3100440B88810
:102B500039890843798908430443AC81AC8A4FF62C
:102B6000FF400440B8890443AC826846FFF7AEF9E1
:102B70001448864205D01448864202D01348864243
:102B800002D1DDF80CA001E0DDF808A00AEBCA00D4
:102B900000EB0A1039688900B0FBF1F86420B8FB3B
:102BA000F0F004012009642101FB1089322000EBC0
:102BB0000910B0FBF1F000F00F0004432C8106B0C7
:102BC000BDE8F0870038014000500140005401404A
:102BD00001468888C0F308007047C1F3080282806C
:102BE0007047000010B592B0002401218804FFF75F
:102BF0005DF901211020FFF759F901210846FFF77F
:102C000055F91020ADF8440018208DF84700032036
:102C10008DF8460011A93D48FEF71EFE2020ADF8B4
:102C2000440048208DF8470011A93848FEF714FEEB
:102C30004FF416500D900020ADF83800ADF83A0072
:102C4000ADF83C00ADF840000C20ADF83E000DA9F9
:102C50002F48FFF763FF002240F226612C48FFF760
:102C6000ECFE002240F225512948FFF7E6FE002243
:102C700040F227712648FFF7E0FE012240F224418E
:102C80002348FFF7DAFE01212148FFF7FBFE402130
:102C90001F48FFF7C9FE4B208DF8300000208DF84B
:102CA000310004208DF8320001208DF833000CA88B
:102CB000FFF76EF801210220FFF7D8F81548FEF75C
:102CC000BBFA1348001D01901348029000200390A6
:102CD000142004900020059080200690002007908A
:102CE00008902020099000020A9000200B9001A972
:102CF0000848FEF78BFB012240210548FFF7CEFE76
:102D000001210448FEF772FB12B010BD0010014013
:102D1000005401406C0402406415002000BFFEE72F
:102D200000B58BB001210846FFF7A0F82A48FEF74E
:102D300083FA2A4800902A48019010200290C82067
:102D400003900020049080200590002006900790BA
:102D500008904FF40050099000200A9069461E48E0
:102D6000FEF754FB012202211B48FEF75BFA012209
:102D700080211A48001FFFF791FE00211648FEF738
:102D800035FB15481430FEF757FA144800901548E3
:102D9000019000200290C820039000200490802021
:102DA00005900020069007902020089000020990CE
:102DB00000200A90694608481430FEF727FB0122DC
:102DC00040210648001FFFF769FE01210248143028
:102DD000FEF70CFB0BB000BD44000240043801407C
:102DE000DC0D0020A40E002000B5B3B04621FC4845
:102DF000FDF712FA002801F0CF814621F848FDF7CF
:102E00000BFAF849086008460068F549401A401C6A
:102E100008440021079001F05FFD8DED080B9DED4A
:102E2000080B51EC100BFDF79DFB28287ED024DC0D
:102E3000A0F10A001E2881F0AD81DFE810F04D00FE
:102E40000101B901DF0235034C03AB09AB09600393
:102E50006C0375037E03A003AB031604AB09AB0937
:102E6000AB09AB09AB097D04AB09AB09AB09AB09F5
:102E7000AB09AB09A604AB09E105352800F065876D
:102E800011DCA0F129000C28D5D2DFE810F03B06B8
:102E90005606CC06D706F2068309830983098309FF
:102EA0000D07280743073E2801F015810ADC362864
:102EB00000F066873C2800F07E873D2841F06A815B
:102EC00001F0EEB83F2801F02181402801F039815E
:102ED0007028F3D101F050B94C21C148FDF79CF99D
:102EE000C04908600846006898B108460068BC49B7
:102EF000401A401C08440021079001F0EDFC8DEDC4
:102F0000080B9DED080B51EC100BFDF7A7FBB64924
:102F100008605321B248FDF77FF9B24908600846BE
:102F20000068A8B108460068AD4900E0F2E3401A25
:102F3000401C08440021079001F0CEFC8DED080BE9
:102F40009DED080B51EC100BFDF788FBA7490860BD
:102F50004321A348FDF760F9A249086008460068CC
:102F6000002863D0084600689D49401A401C084468
:102F70000021079001F0B0FC8DED080B9DED080BD2
:102F800051EC100BFDF7EEFA99490870994800785A
:102F9000052843D10846007801280AD10A2095491E
:102FA000087095A10BA801F0A3FA0BA806F038FF52
:102FB00043E08F48007802280AD115208D49087017
:102FC00096A10BA801F094FA0BA806F029FF34E0B3
:102FD0008748007803280AD120208649087098A1E4
:102FE0000BA801F085FA0BA806F01AFF25E080482F
:102FF000007804280AD12B207E49087099A10BA8DB
:1030000001F076FA0BA806F00BFF16E09EA10BA8C4
:1030100001F06EFA0BA806F003FF0EE0A3A10BA8C7
:1030200001F066FA0BA806F0FBFE06E0A6A10BA8CD
:1030300001F05EFA0BA806F0F3FE012033B000BDEC
:103040004C216748FDF7E8F86649086008460068C3
:10305000D0B1084600686249401A401C084400216B
:10306000079001F039FC8DED080B9DED080B51EC3C
:10307000100BFDF7F3FA9C490860084690ED000A32
:10308000B1EE400A80ED000A53215548FDF7C4F81F
:10309000544908600846006898B1084600685049DD
:1030A000401A401C08440021079001F015FC8DEDEA
:1030B000080B9DED080B51EC100BFDF7CFFA8B4977
:1030C000086043214648FDF7A7F8464908600846CE
:1030D0000068002863D0084600684149401A401C37
:1030E00008440021079001F0F7FB8DED080B9DEDE2
:1030F000080B51EC100BFDF735FA3D4908703D48BF
:103100000078052843D10846007801280AD10E200E
:103110003849087076A10BA801F0EAF90BA806F06F
:103120007FFE43E03248007802280AD11920314955
:10313000087078A10BA801F0DBF90BA806F070FE6F
:1031400034E02B48007803280AD12420294908704C
:1031500079A10BA801F0CCF90BA806F061FE25E0DF
:103160002348007804280AD12F20224908707BA127
:103170000BA801F0BDF90BA806F052FE16E080A1E5
:103180000BA801F0B5F90BA806F04AFE0EE085A1E8
:103190000BA801F0ADF90BA806F042FE06E088A1ED
:1031A0000BA801F0A5F90BA806F03AFE012045E7AF
:1031B0008B48C0788A498978CDE9001088484078E2
:1031C0000A90874800780990024686A10BA80A9BBE
:1031D00001F08EF90BA806F023FE01202EE7000077
:1031E0001C0D0020CC000020E4000020EC0000209A
:1031F000F0000020B0010020463130206F6B2E20FF
:10320000464653206368616E6E656C2031206665AA
:103210006564696E672E200D0A000000463130207B
:103220006F6B2E20464653206368616E6E656C207E
:10323000322066656564696E672E200D0A00000005
:10324000463130206F6B2E20464653206368616EF6
:103250006E656C20332066656564696E672E200D8F
:103260000A000000463130206F6B2E204646532066
:103270006368616E6E656C20342066656564696E96
:10328000672E200D0A000000463130206F6B2E2083
:10329000464653206368616E6E656C206E6F7420C5
:1032A00065786973742E200D0A00000046313020C5
:1032B0006F6B2E20464653206E6F742072656164DA
:1032C000792E200D0A000000463130206F6B2E2031
:1032D0004E6F206368616E6E656C2073656C65630C
:1032E0007465642E200D0A00E0000020E800002034
:1032F000463131206F6B2E20464653206368616E45
:103300006E656C20312065786974696E672E200DBA
:103310000A000000463131206F6B2E2046465320B4
:103320006368616E6E656C20322065786974696EC1
:10333000672E200D0A000000463131206F6B2E20D1
:10334000464653206368616E6E656C203320657855
:103350006974696E672E200D0A0000004631312025
:103360006F6B2E20464653206368616E6E656C203D
:10337000342065786974696E672E200D0A0000009C
:10338000463131206F6B2E20464653206368616EB4
:103390006E656C206E6F742065786973742E200DD5
:1033A0000A000000463131206F6B2E204646532024
:1033B0006E6F742072656164792E200D0A00000022
:1033C000463131206F6B2E204E6F206368616E6E28
:1033D000656C2073656C65637465642E200D0A004E
:1033E000BF010020463132206F6B2E20256420253E
:1033F000642025642025640A200D00000021F74880
:1034000006F0F2FB0021F64806F0EEFBF548C07826
:10341000C000F449897840EA8100F249497840EADD
:103420004100F04909780843EF490870EF48C07837
:10343000C000EE49897840EA8100EC49497840EAC9
:103440004100EA4909780843E9490870E948C07829
:10345000E8498978E74A5278E64B1B78CDE907328C
:10346000CDE90910E448C078E3498978E24A527806
:10347000E14B1B78CDE90332CDE90510DC4800783B
:10348000DE490978DE4A1278CDE900210290D6485B
:103490000378DC480278DC490BA801F029F80BA876
:1034A00006F0BEFC0120C9E5D048C078CF49897834
:1034B000CDE90010CD4840780A90CC4800780990BA
:1034C0000246D2A10BA80A9B01F012F80BA806F045
:1034D000A7FC0120B2E52021D448FEF753FA402191
:1034E000D248FEF74DFA0520C6490870D0A10BA8B6
:1034F00000F0FEFF0BA806F093FC01209EE50120E2
:10350000C0490870CDA10BA800F0F2FF0BA806F08F
:1035100087FC012092E5CCA10BA800F0E9FF0BA8E5
:1035200006F07EFC012089E5D1A10BA800F0E0FFA8
:103530000BA806F075FC012080E5D048C188808882
:10354000CE4A5288CD4B1B88CDE90232CDE9040129
:10355000CB48C088CA498988CDE90010C84840884E
:103560000A90C748008809900246C6A10BA80A9B8A
:1035700000F0BEFF0BA806F053FC01205EE59F485B
:103580000278CEA10BA800F0B3FF0BA806F048FC10
:10359000012053E54321D248FCF73EFED1490860A3
:1035A00008460068002857D008460068CC49401AF1
:1035B000401C08440021079001F08EF98DED080BA6
:1035C0009DED080B51EC100BFCF7CCFF8C490870FB
:1035D0000846007801280AD18848007800F0FE00EB
:1035E00086490870C0A10BA800F082FF30E0844833
:1035F000007802280AD18148007800F0FD007F4958
:103600000870BEA10BA800F073FF21E07C48007891
:1036100003280AD17948007800F0FB007749087048
:10362000BBA10BA800F064FF12E0754800780428E5
:103630000AD17248007800F0F70070490870B9A10B
:103640000BA800F055FF03E0BBA10BA800F050FF52
:103650000BA806F0E5FB06E0B7A10BA800F048FFB9
:103660000BA806F0DDFB0120E8E443219C48FCF7B1
:10367000D3FD9C49086008460068002853D00846DE
:1036800000689749401A401C08440021079001F047
:1036900023F98DED080B9DED080B51EC100BFCF799
:1036A00061FF5749087008460078012808D1A749EA
:1036B000087054490870A6A10BA800F019FF2EE06D
:1036C0004F480078022809D1A049087001204D49CF
:1036D0000870A4A10BA800F00BFF20E04848007878
:1036E000032809D199490870012046490870A2A110
:1036F0000BA800F0FDFE12E04148007804280AD132
:103700009249087001203F490870A0A10BA800F061
:10371000EFFE04E0DFE1A2A10BA800F0E9FE0BA898
:1037200006F07EFB06E0A7A10BA800F0E1FE0BA8C7
:1037300006F076FB012081E444216948FCF76CFD2A
:103740006849086008460068B0B1084600686449E6
:10375000401A401C08440021079001F0BDF88DED8F
:10376000080B9DED080B51EC100BFCF7FBFE9D497F
:1037700008608020234908709BA10BA800F0B8FEC8
:103780000BA806F04DFB012058E44FF0FF3199489B
:10379000FEF726FC01200A900A9880F3138800BFE8
:1037A00000BF00BF00BF00BF00BFBFF34F8F00BF0F
:1037B00000BF00BF9048006800F4E0608F490843F4
:1037C000001D8D49086000BF00BF00BFBFF34F8FD1
:1037D00000BF00BF00BF00BF00BFFDE700440040C6
:1037E00000540140BF010020D9000020D901002071
:1037F000DA0000203802002024020020D00100203E
:10380000F0000020B00100203C9F01084631342028
:103810006F6B2E207374616C6C3A202564202564D4
:10382000202564202564200D0A000000000C0140C2
:10383000463135206F6B2E200D0A000046313820AE
:103840006F6B200D0A000000463139206F6B2E206F
:10385000666F757220636F6C6F722E20766572735F
:10386000696F6E3A20332E302E36200D0A0000008C
:10387000463230206F6B2E200D0A000044010020DC
:1038800034010020463231206F6B2E200D0A207348
:10389000696C6B3A2025642025642025642025640A
:1038A000200D0A207374616C6C3A20256420256415
:1038B000202564202564200D0A00000046323220B5
:1038C0006F6B2E206666735F6368616E6E656C73E6
:1038D0005F696E736572743A202564200D0A0000DA
:1038E0001C0D0020CC000020463233206F6B2E20B0
:1038F0006368616E20312E200D0A000046323320AD
:103900006F6B2E206368616E20322E200D0A00003E
:10391000463233206F6B2E206368616E20332E2079
:103920000D0A0000463233206F6B2E206368616EF3
:1039300020342E200D0A0000463233206F6B2E20DB
:103940006E6F206368616E2E200D0A001B0200203E
:10395000463234206F6B2E206368616E20312E203A
:103960000D0A0000463234206F6B2E206368616EB2
:1039700020322E200D0A0000463234206F6B2E209C
:103980006368616E20332E200D0A00004632342019
:103990006F6B2E206368616E20342E200D0A0000AC
:1039A000463234206F6B2E20464653206368616E8A
:1039B0006E656C206E6F742065786973742E200DAF
:1039C0000A000000463234206F6B2E204E6F2063B9
:1039D00068616E6E656C2073656C65637465642EDA
:1039E000200D0A00DC000020463330206F6B2E20B3
:1039F0000D0A000000D000080CED00E00000FA0500
:103A00004321F648FCF708FCF549086008460068C1
:103A1000002857D008460068F049401A401C084466
:103A20000021079000F058FF8DED080B9DED080B6D
:103A300051EC100BFCF796FDEA4908700846007837
:103A400001280AD10C20E8490870E8A10BA800F071
:103A50004FFD0BA806F0E4F93BE0E24800780228AD
:103A60000AD11720E0490870E9A10BA800F040FD39
:103A70000BA806F0D5F92CE0DA48007803280AD123
:103A80002220D9490870EBA10BA800F031FD0BA84A
:103A900006F0C6F91DE0D348007804280AD12D208D
:103AA000D1490870ECA10BA800F022FD0BA806F08C
:103AB000B7F90EE0F1A10BA800F01AFD0BA806F073
:103AC000AFF906E0F6A10BA800F012FD0BA806F076
:103AD000A7F90120E7E4FA48C068F9498968CDE907
:103AE0000010F74840680A90F548006809900246BF
:103AF000F4A10BA80A9B00F0FBFC0BA806F090F9C0
:103B00000120D0E40021FC4806F06EF8FB48C078A4
:103B1000FA498978CDE90010F84840780A90F748CA
:103B2000007809900246F6A10BA80A9B00F0E0FC81
:103B30000BA806F075F90120B5E45421A748FCF75D
:103B40006BFBA74908600846006898B10846006802
:103B5000A249401A401C08440021079000F0BCFE16
:103B60008DED080B9DED080B51EC100BFCF7FAFCEA
:103B7000EC49087049219948FCF74EFB98490860C8
:103B80000846006888B3084600689449401A401CFB
:103B900008440021079000F09FFE8DED080B9DED7D
:103BA000080B51EC100BFCF7DDFCDF4908700846F0
:103BB0000078002802DC0020087006E0DA4800786F
:103BC0001F2802DB1F20D8490870D648007801283A
:103BD0000CD1D54800784FF4202141EA002002465C
:103BE00010210A90C44806F082F80FE0CD48007812
:103BF00002280BD1CC4800784FF4202141EA002064
:103C0000024610210A90C94806F071F8C6480378A8
:103C1000C4480278C6A10BA800F06AFC0BA806F005
:103C2000FFF801203FE4B448FDF7CEFFBF48FDF7A1
:103C3000CBFFCCA006F0F4F8012034E46F21AE48AD
:103C400005F0D2FFCA48C078C9498978CDE900108B
:103C5000C74840780A90C648007809900246C5A136
:103C60000BA80A9B00F044FC0BA806F0D9F8012031
:103C700019E40121A04805F0B7FFC848C078C7493A
:103C80008978CDE90010C54840780A90C34800788B
:103C900009900246C2A10BA80A9B00F029FC0BA8C0
:103CA00006F0BEF8012015E40021934805F09CFFC2
:103CB0009248C07891498978CDE900108F484078C2
:103CC0000A908E48007809900246BEA10BA80A9B74
:103CD00000F00EFC0BA806F0A3F801200EE4012171
:103CE000854805F081FFAD48C078AC498978CDE9B9
:103CF0000010AA4840780A90A84800780990024627
:103D0000B9A10BA80A9B00F0F3FB0BA806F088F8FA
:103D1000012008E46C21784805F066FFBB48C078B4
:103D2000BA498978CDE90010B84840780A90B74878
:103D3000007809900246B6A10BA80A9B00F0D8FBB8
:103D40000BA806F06DF8012018E46F216A4805F011
:103D50004BFF8748C07886498978CDE900108448B0
:103D600040780A908248007809900246B2A10BA8D8
:103D70000A9B00F0BDFB0BA806F052F8012008E4F6
:103D800070215D4805F030FFB548C078B4498978A6
:103D9000CDE90010B24840780A90B1480078099007
:103DA0000246B0A10BA80A9B00F0A2FB0BA806F0EC
:103DB00037F8012058E400215C4805F015FFB248AF
:103DC000C078B1498978CDE90010AF4840780A90B1
:103DD000AD4800780990024658E100001C0D002013
:103DE000CC000020F0000020B00100204633392034
:103DF0006F6B2E20464653206368616E6E656C20A3
:103E0000312072656C656173652E200D0A0000001B
:103E1000463339206F6B2E20464653206368616E0F
:103E20006E656C20322072656C656173652E200DA5
:103E30000A000000463339206F6B2E20464653207F
:103E40006368616E6E656C20332072656C656173AA
:103E5000652E200D0A000000463339206F6B2E209E
:103E6000464653206368616E6E656C20342072652F
:103E70006C656173652E200D0A0000004633392001
:103E80006F6B2E20464653206368616E6E656C2012
:103E90006E6F742065786973742E200D0A0000001F
:103EA000463339206F6B2E204E6F206368616E6E33
:103EB000656C2073656C65637465642E200D0A0063
:103EC0002C150020463430206F6B2E7374616C6C9F
:103ED00020636F756E743A2043313A202564204385
:103EE000323A2025642043333A2025642043343A73
:103EF000202564200D0A0000004400402402002018
:103F0000463431206F6B2E47434F4E463A202530C2
:103F10003278253032782530327825303278200DCD
:103F20000A000000F1000020F200002000540140CF
:103F3000463432206F6B2E737465707065725F6DDE
:103F40006F746F723A2025642073746570706572A7
:103F50005F6D6F746F725F6972756E3A20256420B1
:103F60000D0A0000463433206F6B2E200D0A00002E
:103F700020020020463434206F6B2E4452565F538B
:103F800054415455533A2025303278253032782523
:103F900030327825303278200D0A000028020020C7
:103FA000463435206F6B2E47535441543A20253008
:103FB0003278253032782530327825303278200D2D
:103FC0000A000000463530206F6B2E47434F4E46A7
:103FD0003A20253032782530327825303278253035
:103FE0003278200D0A000000463531206F6B2E47D5
:103FF000535441543A2025303278253032782530D8
:10400000327825303278200D0A0000002C02002082
:10401000463532206F6B2E43484F50434F4E463A41
:1040200020253032782530327825303278253032EC
:1040300078200D0A00000000463533206F6B2E44B7
:1040400052565F5354415455533A20253032782507
:104050003032782530327825303278200D0A000051
:1040600030020020463534206F6B2E50574D434FA1
:104070004E463A2025303278253032782530327855
:1040800025303278200D0A003802002043A10BA809
:104090000A9B00F02DFA0BA805F0C2FE012019E5DD
:1040A0000121474805F0A0FD4648C0784549897878
:1040B000CDE90010434840780A90424800780990C2
:1040C000024641A10BA80A9B00F012FA0BA805F0CA
:1040D000A7FE0120FEE46C21394805F085FD434828
:1040E000C07842498978CDE90010404840780A906C
:1040F0003E480078099002463DA10BA80A9B00F0BB
:10410000F7F90BA805F08CFE0120E3E46F212C48A1
:1041100005F06AFD4048C0783F498978CDE9001034
:104120003D4840780A903C480078099002463BA1FF
:104130000BA80A9B00F0DCF90BA805F071FE01202A
:10414000C8E470211E4805F04FFD3E48C0783D4947
:104150008978CDE900103B4840780A9039480078CA
:104160000990024638A10BA80A9B00F0C1F90BA8E0
:1041700005F056FE0120ADE401F0BEFD05203B49EF
:1041800008703BA10BA800F0B3F90BA805F048FE9E
:1041900001209FE401209DE401209BE4463630206D
:1041A0006F6B2E47434F4E463A20253032782530EC
:1041B00032782530327825303278200D0A00000020
:1041C000005401403C020020463631206F6B2E47E0
:1041D000535441543A2025303278253032782530F6
:1041E000327825303278200D0A000000400200208D
:1041F000463632206F6B2E43484F50434F4E463A5F
:10420000202530327825303278253032782530320A
:1042100078200D0A000000003402002046363320CA
:104220006F6B2E4452565F5354415455533A2025D8
:104230003032782530327825303278253032782087
:104240000D0A000044020020463634206F6B2E50C9
:10425000574D434F4E463A2025303278253032783C
:104260002530327825303278200D0A00B001002048
:1042700046313132206F6B2E200D0A0010B500F050
:1042800003F8FEF74DFD10BD00B587B0012188038E
:10429000FDF70CFE01210420FDF708FE012104209A
:1042A000FDF704FE4FF48060ADF8180003208DF890
:1042B0001A0048208DF81B0006A93D48FDF7CCFAEE
:1042C0004FF40070ADF8180003208DF81A00182084
:1042D0008DF81B0006A93648FDF7BEFA012104201F
:1042E000FDF7E4FD4FF40060ADF8180003208DF8F1
:1042F0001A0010208DF81B0006A92D48FDF7ACFA16
:104300004FF400612A48FDF73BFB4FF4E130029087
:104310000020ADF80C00ADF80E00ADF81000ADF8BF
:1043200014000C20ADF8120002A92248FEF7F6FB9B
:10433000002240F226611F48FEF77FFB002240F278
:1043400025511C48FEF779FB002240F227711948DD
:10435000FEF773FB012240F224411648FEF76DFB85
:1043600001211448FEF78EFB40211248FEF75CFB4A
:1043700025208DF8040000208DF8050001208DF81F
:1043800006008DF8070001A8FDF702FD0E208DF84C
:10439000040000208DF8050002208DF806000120A1
:1043A0008DF8070001A8FDF7F3FC07B000BD000081
:1043B000000801400038014010B592B000240121EE
:1043C0004804FDF763FD01210420FDF76FFD012185
:1043D0000846FDF76BFD0420ADF8440018208DF869
:1043E000470003208DF8460011A93D48FDF734FA37
:1043F0000820ADF8440048208DF8470011A938483E
:10440000FDF72AFA4FF416500D900020ADF8380051
:10441000ADF83A00ADF83C00ADF840000C20ADF826
:104420003E000DA92F48FEF779FB002240F22661DD
:104430002C48FEF702FB002240F225512948FEF7E6
:10444000FCFA002240F227712648FEF7F6FA012214
:1044500040F224412348FEF7F0FA01212148FEF7FB
:1044600011FB40211F48FEF7DFFA26208DF83000AF
:1044700000208DF8310003208DF8320001208DF8E6
:1044800033000CA8FDF784FC01210846FDF7EEFC83
:104490001548FCF7D1FE1348001D01901348029007
:1044A00000200390142004900020059080200690A6
:1044B0000020079008902020099000020A90002018
:1044C0000B9001A90848FCF7A1FF012240210548F3
:1044D000FEF7E4FA01210448FCF788FF12B010BD92
:1044E00000080140004400406C0002403C150020E0
:1044F0000FB4084B10B504A902AA039800F01EFBE4
:10450000044602A9002000F0B0FE204610BC5DF871
:1045100014FB00006B5201082DE9F0412DED020B58
:104520009FED3D0B2DED028B9FED3D8BDDE90254A0
:10453000C4F30A50A0F2FF36142E37DA002E18DA30
:1045400053EC102B9DED020B51EC100BFBF775FE9D
:1045500053EC182BFCF76AF857D2002CBCBF4FF075
:104560000044002551DB54EA050018BF2E4C1BD136
:104570004BE02E4820FA06F704EA070028431FD034
:1045800053EC102B9DED020B51EC100BFBF755FE7D
:1045900053EC182BFCF74AF837D2002C03DD4FF40C
:1045A0008010F0400444BC4300252EE0332E07DC8D
:1045B000A6F114004FF0FF3121FA00F73D4206D179
:1045C0009DED020BBDEC028B02B0BDE8F08153EC17
:1045D000102B9DED020B51EC100BFBF7D2FE53ECB0
:1045E000182BFCF723F810D2002C0DDD142E08BF79
:1045F000641C09D0C6F13400012101FA00F02844FE
:10460000A84238BF641C0546BD43CDE902549DED68
:10461000020BD7E7000000009C7500883CE4377E61
:1046200000000000000000000000F03FFFFF0F004E
:1046300010EE100AC0F3C7517F391729A8BF704781
:10464000DFED140A002970EE200A0CDAF5EEC00A3C
:10465000F1EE10FA1ADD0028C8BF4FF07E50B8BF47
:104660004FF0004012E00C4A22FA01F2104208BF5B
:104670007047F5EEC00AF1EE10FA07DD002804DD00
:104680004FF4000323FA01F10844904300EE100AAE
:1046900070470000CAF24971FFFF7F002DED020B49
:1046A000019820F0004001909DED000B02B0704792
:1046B00010EE100AC0F3C7517F391729A8BF704701
:1046C000DFED140A002970EE200A0DDAF5EEC00ABB
:1046D000F1EE10FA1ADD0028A8BF002016DAB0F1BA
:1046E000004F18BF0C4811E00C4ACA40104208BFE6
:1046F0007047F5EEC00AF1EE10FA07DD002804DA83
:104700004FF4000323FA01F10844904300EE100A2D
:1047100070470000CAF24971000080BFFFFF7F00B0
:1047200010B52DED020B2DED088B9DED080B51EC16
:10473000100BFCF769F941EC180B9DED080B53ECDD
:10474000182B51EC100BFBF719FE41EC190B0998D3
:104750009FED2D0B10F0004F53EC102B51EC190B6B
:104760009FED25AB9FED26BB0DD0FBF747FF0DD985
:1047700053EC1B2B51EC190BFBF758FF1BD213E02A
:1047800041EC180B17E0FBF739FF06D253EC1A2B5C
:1047900051EC180BFBF7F2FDF2E753EC1B2B51EC3D
:1047A000190BFBF743FF06D853EC1A2B51EC180BEF
:1047B000FBF743FDE4E79FED160B51EC180B53ECB0
:1047C000102BFBF733FF08D351EC180B9FED120BA6
:1047D00053EC102BFBF712FF02D2012000F0A8F8D7
:1047E00051EC180BBDEC088B02B0BDE81040FCF793
:1047F00067B9000000000000000000000000F03F6A
:10480000000000000000E03F000000000000E0BFEA
:104810000000C0FFFFFFDF41000000000000E0C11A
:1048200000B52DED048BB0EE409AF0EE609A83B0A7
:1048300051EC190BFCF796F841EC180B18EE100A26
:1048400018EE901A8DED008B002818BF0120084348
:1048500020F00040C0F17F6000F1E040C00F14D0B4
:1048600019EE101A19EE900A8DED009B002918BF61
:104870000121084320F00040C0F17F6000F1E040DA
:10488000C00F04BF012000F053F8B0EE480A03B097
:10489000F0EE680ABDEC048B00BD10B52DED028B67
:1048A000B1EEC08A18EE100A20F00040C0F1FF40BF
:1048B000C00F0AD010EE100A20F00040C0F1FF40F7
:1048C000C00F04BF012000F033F8B0EE480ABDEC81
:1048D000028B10BD0000000000B583B09FED060BF9
:1048E0000A4601468DED000B6846FBF774FF9DED0F
:1048F000000B03B000BD000000000000000000003D
:1049000002E008C8121F08C1002AFAD17047704798
:10491000002001E001C1121F002AFBD1704780F383
:104920001088704780F31088704780F310887047B4
:1049300001490860704700008C0400200146888906
:104940000A6810444A68801A8A8990FBF2F302FBD5
:104950001300704730B5024610685468A04201D178
:10496000002030BD5068401C948990FBF4F504FB96
:104970001503D2E90140005D087053600120F0E7A3
:1049800030B502461068401C948990FBF4F504FB96
:1049900015035068984201D1002030BD146890681A
:1049A000015513600120F8E72DE9FF5F82B0002177
:1049B000DDE90430020DDDF840B0034318D044F6C1
:1049C0001050A2F2FF3242431514119801281FD053
:1049D000A5EB0B00401C5FEA000A4FF000064E4FAB
:1049E000DFF83891B046504615D5CAF1000413E0FF
:1049F000119801244AA3012801D16FEA0B01029802
:104A0000119AC0E90031C0E9024206B0BDE8F09F4A
:104A1000CBF10000DFE704460021404A491842EB91
:104A20000450CDE9001012E0E00707D032463B46C3
:104A300040464946FBF7A8FC8046894632463B463D
:104A400010461946FBF7A0FC06460F466410002CE2
:104A5000EAD1DDE90401DDE90023BAF1000F06DA4D
:104A6000FBF792FC42464B46FBF78EFC05E0FBF75A
:104A7000FDFC42464B46FBF7F9FC04460E4600227D
:104A8000284BFBF7D3FD03D84FF0FF30014607E07A
:104A90000022254B20463146FBF7CFFBFBF7F8FF02
:104AA000102409E0002C0ADB0A220023FBF708FE91
:104AB000039B30321A55641E50EA0102F2D1641C85
:104AC000039AC4F111031444119A012A03D001225C
:104AD00008430DD10AE0084304D000204FF0110B29
:104AE000119072E7A3EB0B056D1E0DE05B4504DD35
:104AF0004FF0000205F1010504E003DA4FF0000277
:104B0000A5F10105002AECD002981199C0E9023103
:104B1000C0E9004579E70000000014400000F03FC4
:104B2000300000000000F0430000E03F30380A2869
:104B300001D2012070470020704700002DE9FF4F8F
:104B400095B09B468946064600250FE2252877D179
:104B500000242746F84A0121059400E0044316F892
:104B6000013F203B01FA03F01042F7D130782A28A8
:104B700011D06FF02F033078A0F13002092A16D837
:104B8000059A44F0020402EB820203EB4202104455
:104B9000761C0590EFE759F8042B0592002A03DAFA
:104BA000504244F40054059044F00204761C3078DE
:104BB0002E2816D116F8010F44F004042A280DD02F
:104BC0006FF02F023078A0F13003092B09D807EBE2
:104BD000870302EB4303C718761CF3E759F8047BFD
:104BE000761C30786C280FD006DC4C2817D068284B
:104BF0000DD06A2814D104E0742810D07A280FD17F
:104C00000DE044F400140AE044F4801401E044F49C
:104C100040147278824202D104F58014761C761C0E
:104C2000307866280BD013DC582877D009DC0028B0
:104C300075D04528F6D04628F4D047281AD19DE1F2
:104C400018E0632835D0642879D0652812D195E121
:104C5000702873D008DC6728F1D069286FD06E28DF
:104C60000DD06F2806D1B5E073282CD0752875D0EB
:104C7000782874D05A46179990476D1C75E1C4F393
:104C80000250022809D003280DD0D9F800100428BA
:104C90000DD00D6009F1040967E1D9F80010EA1799
:104CA000C1E90052F6E7D9F800100D80F2E70D7067
:104CB000F0E719F8041B8DF8001000208DF80100B2
:104CC000EA46012003E059F804AB4FF0FF306107DA
:104CD0004FF0000102D40DE008F101018846B9420D
:104CE0000FDA8045F8DB1AF808100029F4D108E043
:104CF00008F1010188468142FADB1AF80810002900
:104D0000F6D105985B46A0EB080721463846179A6E
:104D100000F094FA284400EB080507E04DE029E193
:104D20000DE01AF8010B5A4617999047B8F101089F
:104D3000F7D25B4621463846179A13E142E00A2231
:104D40000092C4F302524FF0000A022A08D059F828
:104D500004CB032A4FEAEC710AD00DE029E02AE0E7
:104D600009F1070121F00702F2E802C1914609E0CA
:104D70000FFA8CFC4FEAEC71042A03D14FFA8CFC39
:104D80004FEAEC71002907DA0A460021DCF1000C39
:104D900061EB02012D2202E0220504D52B228DF8C1
:104DA0000420012203E0E20701D02022F7E7904629
:104DB00059E00A2102E010220DE010214FF0000A14
:104DC00000910BE010224FF0000A44F00404082781
:104DD000009203E008224FF0000A0092C4F302524E
:104DE000022A05D059F804CB0021032A08D009E093
:104DF00009F1070121F00702F2E802C1914605E03E
:104E00001FFA8CFC042A01D10CF0FF0C4FF00008B3
:104E1000220728D5702806D0009B83F0100353EAA0
:104E20000A0305D00EE040228DF80420012208E09C
:104E30005CEA010206D030228DF804208DF80500CE
:104E400002229046009B83F0080353EA0A030AD12A
:104E50005CEA010201D1620705D530228DF80420F9
:104E60004FF001087F1E582804D034A003900EA8EC
:104E700002900DE036A0F9E753466046009AFBF732
:104E80001FFC84460398825C0298401E02900270C8
:104E90005CEA0100F0D1029806A9081A00F1200A84
:104EA000600702D524F4803400E00127574502DD75
:104EB000A7EB0A0000E0002000EB0A010090059833
:104EC0004144401A0590E00306D45B462146179AF8
:104ED000059800F0B3F90544002706E001A85A46FA
:104EE000C05D179990476D1C7F1C4745F6DBE003BA
:104EF0000CD55B462146179A059800F09FF90544AA
:104F000004E030205A46179990476D1C0099481EBE
:104F100000900029F5DC08E0029802995A460078D2
:104F2000491C0291179990476D1CBAF10001AAF132
:104F3000010AF1DC65E1000009280100303132335B
:104F400034353637383961626364656600000000C5
:104F500030313233343536373839414243444546AF
:104F60000000000000F058F90544761C3078002855
:104F70007FF4ECAD19B02846BDE8F08F620700D48D
:104F8000062709F1070222F0070CFCE80223E1469C
:104F900003F000485FEA080C02D00FF2702C0DE01D
:104FA0005FEA045C02D50FF2682C07E05FEAC47C7C
:104FB00002D00FF2602C01E0AFF2700C4FF0FF381E
:104FC00023F00043CDF850C065280CD006DC4528FE
:104FD00009D046281DD047283DD13DE0662818D08D
:104FE00067287ED138E00021112F01DB112000E07D
:104FF000781CCDE9000106A90EA8FFF7D5FCDDE974
:105000000F010E9A03910021009207F1010A049109
:105010004DE04FF000400097CDE9011006A90EA821
:10502000FFF7C2FCDDE90F0203920E9B11990022EB
:10503000DDF80CA00093049211B9791C00EB010A71
:10504000B7EB0A0004D4C0F1FF3007F1010A049065
:10505000AAEB0700019044E0012F00DA01270021AC
:10506000112F01DD112000E03846CDE9000106A92D
:105070000EA8FFF799FCDDE90F010E9A03910021BC
:1050800004910092BA4621070CD40399514500DAE5
:105090008A46BAF1010F05DD009AAAF10101515CBF
:1050A000302908D0B84202DA10F1040F06DA0121E3
:1050B000CDE9011015E0AAF10101E9E7002805DCBE
:1050C000049901440491AAEB000102E0411C5145FE
:1050D00000DD8A460499401A401C01904FF00040C0
:1050E0000290200704D40198504501DBCDF80480DC
:1050F00000208DF84F0002980DF14F07B0F1004FDE
:1051000025D02B200E9002984FF0020800280CDAD0
:10511000404202902D200E9007E00A210298FBF7F2
:10512000B9FA3031029007F8011DB8F10001A8F179
:105130000108F2DC02980028EFD1791E0E98087061
:10514000307800F0200040F0450007F8020D12A86A
:10515000C01B00F107081498007800B1012000EB93
:105160000A01019801EBE07105984144401A401E84
:105170000590E00306D45B462146179A059800F097
:105180005DF805441498007818B15A46179990476D
:105190006D1CE00324D55B462146179A059800F064
:1051A0004DF805441CE00498002807DBDDE9030105
:1051B000884203DD0098405C179901E01799302080
:1051C0005A469047049805F10105401C0490019847
:1051D000401E019004D12E205A46179990476D1C0D
:1051E000BAF10001AAF1010ADDDC05E017F8010BB4
:1051F0005A46179990476D1CB8F10001A8F10108B3
:10520000F4DC5B462146179A0598ABE62D000000BA
:105210002B000000200000002DE9F041044600258D
:105220001E461746880404D405E039462020B047BE
:105230006D1C641EF9D52846BDE8F0812DE9F041CA
:10524000044600251E469046C80301D5302700E0DD
:105250002027880404D505E041463846B0476D1C38
:10526000641EF9D52846BDE8F0810A68531C0B601E
:105270001070704738B54FF4FA650020F94908708E
:10528000F948006800280ED0F74800688069F7499F
:105290000968884208D80020F349086001F028FF17
:1052A0000120F0490870BBE0EF480068006BEF494F
:1052B0000968884249D3EC480068816BEC48006873
:1052C000FCF738FDE8490968C96E0844E9490860F7
:1052D00000BFE5480068406E0968884204D2E24891
:1052E0000068406EE349086000BFE2480068E24998
:1052F0000968884203D9DF480068DF490860DD4952
:10530000098888B200F0BEFA0546D94800682844EA
:10531000D7490860D948007878B1D9480078002882
:105320007ED0D1480068B0F84000D649096888426C
:1053300076D00020D449086072E0D1480078002877
:105340006ED00020D04908606AE0C7480068406B12
:10535000C649096888424CD2C3480068816BCB4873
:105360000068FCF7E7FC0446C248006884420CD29F
:10537000C0480068041B00BFBB480068006FA04223
:1053800002D9B9480068046F02E0B7480068046FAA
:10539000A0B200F077FA0546BC4800682844BB4933
:1053A0000860B6480078E8B1AF480068406BAF4984
:1053B000096888420AD2B2480078C8B1AA48006891
:1053C000B0F84000AF490968884211D000BF002002
:1053D000AD49086000BFA4480068B0F84000A94982
:1053E000086005E0A648007810B10020A6490860D2
:1053F00016E0A348007868B19B480068B0F8400008
:10540000A0490968884205D000BF00209E49086075
:1054100000BF00BF9E4805889E4800789E490870DE
:105420009148006800287DD101F07AFE8E4908601D
:1054300008460068002876D017E000208A490860F6
:1054400001F056FE01F06CFE8749086008460068CE
:1054500058B99248008830B99048408818B99048A7
:10546000007803F05BF9284638BD7F480068007873
:1054700000F020000028E0D17B480068C1697A482C
:105480000068006A08448749086077480068C16975
:1054900075480068006A081A8249486072480068C6
:1054A000406A886070480068806AC8606E4800681A
:1054B000C06A08616C48006890F83E007A4908703C
:1054C0006948006890F83F006C4908700846007809
:1054D000B8B165480068B0F8440074490880624873
:1054E0000068B0F842007249088000BF0020664999
:1054F000086000BF5C480068B0F84000614908607F
:1055000003E04FF0FF305F49086000205F4908600A
:105510005749086054490968B1F8641088B200F02E
:10552000B1F901E0F5E0E8E0594908805A4800780F
:10553000584908704C480068C06E4E4908604A4996
:105540000968B1F86C1088B200F09CF9054646482D
:10555000006890F83C00574908704348006890F88C
:105560007C404E48008810B95348007808B144F098
:1055700008044A48408810B94F48407808B144F0C0
:105580001004204603F0CAF83748006840680090CD
:105590004848007800F001033348006882693248C7
:1055A000006890F87B0008B9012000E00020014667
:1055B000002003F005F92C480068806800902A4814
:1055C000006882692848006890F87B00012800D1B3
:1055D00000E00020014637480078C0F34003012076
:1055E00003F0EEF820480068C06800901E4800688C
:1055F00082691D48006890F87B00022801D10120D3
:1056000000E0002001462B480078C0F38003022010
:1056100003F0D6F81448006800690090124800684A
:1056200082691148006890F87B00032801D10120AD
:1056300000E0002001461F480078C0F3C0030320AB
:1056400003F0BEF80848006840690090064800680A
:1056500082690548006890F87B0004282ED101205B
:105660002DE00000DE0200206402002094020020F1
:1056700098020020A0020020D8020020C6020020CC
:10568000C4020020B8020020B40200209C020020C6
:10569000AA020020A9020020A80200203204002053
:1056A00036040020945D0020AF020020C0020020DC
:1056B000C202002090020020610400200020014668
:1056C00015480078C0F30013042003F079F813485C
:1056D000006880694042124908601048006800690B
:1056E0004000104908600D480068806940000E497C
:1056F000086000200D4908600BE00D48008830B9B3
:105700000B48408818B90B48007803F007F8284682
:10571000AAE62846A8E600009002002064020020C5
:10572000C8020020CC020020D002002094020020F9
:1057300032040020360400201FB5FCF709FB0121CC
:105740000820FCF7A3FB294800682949B0FBF1F0C9
:10575000401E84B240F2CF70ADF80400ADF80040B6
:105760000020ADF80600ADF8020069462148FCF7BC
:1057700001FF012211461F48FCF7D2FE01211D48FE
:10578000FCF7D7FE1B48006840F00100194908608B
:1057900001211020FCF77AFB144800681649B0FB81
:1057A000F1F0401E84B29B20ADF80400ADF800403B
:1057B0000020ADF80600ADF8020069460F48FCF77E
:1057C000D9FE012211460D48FCF7AAFE01210B4823
:1057D000FCF7AFFE0948006840F001000749086087
:1057E000FCF7A2FA0120064908701FBD88040020BA
:1057F00000093D00000C004080841E0000100040A5
:10580000B001002070B5002408E00020194941F8DB
:10581000340001EBC4010871601CC4B2042CF4DB39
:105820000420FCF7BBFC144800683222B0FBF2F104
:10583000481EB0F1807F00D31BE0481E4FF0E022ED
:10584000506150170F22002804DB13071D0E0B4B6D
:105850001D5406E013071E0E094B00F00F052D1F07
:105860005E5500BF00204FF0E022906107201061DC
:1058700000BF70BD7C1300208804002000E400E01D
:1058800018ED00E001460120034A10700348B0FB08
:10589000F1F080B270470000A802002080841E0052
:1058A0002DE9F0472DED088B0446F0EE408AB0EE6E
:1058B000609A0120FFF736F894ED190AB8EE400A15
:1058C00020EE280A10EE101A0846FAF783FE41EC83
:1058D0001B0BB0EE4B0AF0EE6B0AFEF71DFEB0EEAE
:1058E00040AAF0EE60AA51EC1A0BFAF75AFE0546F0
:1058F00094ED190AB8EE400A20EE090A10EE101ACB
:105900000846FAF767FE41EC1B0BB0EE4B0AF0EECF
:105910006B0AFEF701FEB0EE40AAF0EE60AA51EC71
:105920001A0BFAF73EFE0646782D00D27825782E1F
:1059300000D27826676F94ED190AB8EE400AF0EEAF
:10594000400A00EE107AB8EEC01A00EE105AB8EE17
:10595000400A00F035F9B0EE408AFEF769FEBCEE71
:10596000C00A10EE108AD4ED190AF8EE600AB0EE03
:10597000600A784200EE900AB8EEE01A00EE906AF3
:10598000F8EE600A00F01CF9B0EE408AFEF790FED7
:10599000BCEEC00A10EE109AA069A0EB0800A0EBC4
:1059A000090ABAF1000F54DA02EE105AF8EE420A70
:1059B00002EE106AB8EE421A02EE107AB8EEC20A8F
:1059C00094ED062AF8EE421AB5EEC00AF1EE10FA8E
:1059D00002D1DFED282A0FE0B0EE002A20EE022AE5
:1059E00022EE212A00EEE02A01EE012AF1EE002A41
:1059F00020EE223AC2EE032AF0EE629AB0EE690A75
:105A0000FEF716FEB0EE408AB5EEC08AF1EE10FA4F
:105A100002DDB0EE480A01E09FED160ABCEEC00AB6
:105A200010EE100AA16988420CD2B5EEC08AF1EEE0
:105A300010FA02DDB0EE480A01E09FED0E0ABCEE5E
:105A4000C00A01E094ED060A10EE108A4FF0000A39
:105A500000BF0120FEF766FFC4F8308008EB0A00A3
:105A60006063E56626670020FEF75CFFBDEC088BEF
:105A7000BDE8F08700000000094908700978012995
:105A800002DD0021064A117005490978012903D178
:105A90000449054A116002E00449034A1160704755
:105AA0006C040020D05D002068040020BC5D002054
:105AB00000200549088005490880054908800549F6
:105AC00008700549087070472E0000203000002043
:105AD000320000204600002075000020F0B587B09D
:105AE00005460E46002419E0012004EB4401164A45
:105AF00002EB0111487356B955F82400134909689F
:105B000051F82410084402A941F8240004E055F893
:105B1000240002A941F82400601CC4B2052CE3DB78
:105B20000698009002A80FC801F0AAFB002407E025
:105B300002A850F82400064941F82400601CC4B2B1
:105B4000052CF5DB07B0F0BDA45C00206804002044
:105B50007C16002010B504460549097811B10CB136
:105B6000012100E00021084602F0B8FA10BD000053
:105B70005E04002010B502F0C9FA10BD70B50446ED
:105B80000D4601200B490870C8210B48FAF739FB74
:105B90002A4621460848FAF71BFB00210748FBF775
:105BA00025FC29460548FBF74FFC01210348FBF77C
:105BB0001DFC70BD06010020DC0D002044000240E9
:105BC000F0EE401AB5EEC01AF1EE10FA02D19FEDD8
:105BD000080A704720EEA00A01EEE10AB0EE002AA2
:105BE00061EE022A80EE222AB0EE420AF1E70000BE
:105BF0000000000030B504462046FEF79FFE054633
:105C0000284630BD70B504460D4629462046FEF7AD
:105C1000A1FE0646304670BD0023036043608160EC
:105C2000828170471CB554E001F076FF2D49087061
:105C3000084600780A2807D0084600780D2803D0C7
:105C4000294800685F2830DB2748006830B92748BA
:105C5000007810B10020254908701CBD002024499F
:105C6000214A1268885400240CE02149601C085C19
:105C7000202800D108E01E49601C085C0DF80400D3
:105C8000601CC4B2042CF0DB00BF00200DF804003F
:105C90001648007828B900201449087001201549D9
:105CA000087000201049086013E00E4800783B2877
:105CB00002D101200D4908700C48007848B9094804
:105CC0000178094802680068401C074B18600848C2
:105CD000815401F02DFF18B1064800780028A3D0A8
:105CE00000BFBAE7BB000020C0000020C8000020B1
:105CF0001C0D0020B900002010B500F0C3FBFFF719
:105D0000D7FE20210348FBF73DFE02210248FBF7A6
:105D100039FE10BD00080140000C014030B52DEDEA
:105D20000E8BA5B0FFF7C4FE4FF4F0612E48FAF7D2
:105D300068FA2E4890ED000A10EE104A9FED2C0AEA
:105D400010EE105A90ED040A10EE101A0846FAF7F9
:105D500041FC41EC180B254890ED030A10EE101A97
:105D60000846FAF737FC41EC190B204890ED020A7F
:105D700010EE101A0846FAF72DFC41EC1A0B1B48DE
:105D800090ED010A10EE101A0846FAF723FC41ECD8
:105D90001B0B2846FAF71EFC41EC1C0B2046FAF7B9
:105DA00019FC41EC1D0B13480068FAF713FC41EC99
:105DB0001E0B8DED0C8B8DED0A9B8DED08AB8DEDE3
:105DC00006BB8DED04CB8DED02DB8DED00EB0A48BB
:105DD0000AA102680EA8FEF78BFB0EA801F0B0FE28
:105DE00025B0BDEC0E8B30BD90040020AC0C002023
:105DF000000000001C010020180100204D33382055
:105E00006F6B204C3A257520463A25672058313A69
:105E100025672058323A256720593A2567205A3A93
:105E2000256720413A256720423A2567200D0A0060
:105E300010B5FFF781FCFFF7E5FC10BD10B50120A0
:105E4000FEF773FD002408E00020074941F8240014
:105E5000064941F82400601CC4B2052CF4DB002084
:105E6000FEF763FD10BD0000BC5D0020D05D00208A
:105E70008AB00024002006900790089009900590B1
:105E800001900290039004900090FBF78BFEFBF7CB
:105E900087F900F0EFFA42E2601C0446B0F57A7F21
:105EA0007BD900240621FB48FBF718F9FA49088042
:105EB0009DF81400401CC0B28DF81400152804DAB7
:105EC000098806980844069009E014210698B0FB5A
:105ED000F1F0F2490880002006908DF81400EF4898
:105EE0000088B0F57A7F0FDDEC48008840F6B831C5
:105EF000884209DA0020EA490870EA48007800F090
:105F0000FE00E849087016E0E4480088B0F5617FBB
:105F100005DBE248008840F61C4188420BDDE04882
:105F2000007828B9DF48007840F00100DD490870AA
:105F30000120DB4908700821D648FBF7CFF8D64985
:105F400048809DF81500401CC0B28DF8150015283A
:105F500004DA498807980844079009E01421079853
:105F6000B0FBF1F0CD494880002007908DF8150076
:105F7000CA484088B0F57A7F10DDC848408840F6AE
:105F8000B83188420ADA0020C5494870C54800780F
:105F900000F0FD00C349087017E0BEE1BF4840882B
:105FA000B0F5617F05DBBD48408840F61C41884262
:105FB0000BDDBB48407828B9BA48007840F00200B1
:105FC000B84908700120B64948700321B648FBF76C
:105FD00085F8B14988809DF81600401CC0B28DF844
:105FE0001600152804DA898808980844089009E002
:105FF00014210898B0FBF1F0A8498880002008908F
:106000008DF81600A5488088B0F57A7F0FDDA3488B
:10601000808840F6B831884209DA0020A0498870AB
:10602000A048007800F0FB009E49087016E09B48ED
:106030008088B0F5617F05DB9848808840F61C4178
:1060400088420BDD9648807828B99648007840F061
:1060500004009449087001209149887004219248F5
:10606000FBF73CF88C49C8809DF81700401CC0B273
:106070008DF81700152804DAC98809980844099092
:1060800009E014210998B0FBF1F08449C880002090
:1060900009908DF817008148C088B0F57A7F0FDD30
:1060A0007E48C08840F6B831884209DA00207C4931
:1060B000C8707C48007800F0F7007A49087016E054
:1060C0007648C088B0F5617F05DB7448C08840F62B
:1060D0001C4188420BDD7248C07828B971480078AD
:1060E00040F008006F49087001206D49C870072111
:1060F0006848FAF7F3FF6D4908809DF80000401CDE
:10610000C0B28DF80000152804DA09880198084407
:10611000019009E014210198B0FBF1F06449088076
:10612000002001908DF800006148008840F2745111
:10613000884209DD5E48008840F64D21884203DA36
:1061400000205C49087012E059480088B0F5966F4D
:1061500004DB57480088B0F52F6F08DD55480078FC
:1061600010B90120544908700120524908700921D2
:106170004848FAF7B3FF4D4948809DF80100401C9C
:10618000C0B28DF80100152804DA49880298084445
:10619000029009E014210298B0FBF1F044494880D4
:1061A000002002908DF801004148408840F274516F
:1061B000884209DD3E48408840F64D21884203DA96
:1061C00000203C49487012E039484088B0F5966F8D
:1061D00004DB37484088B0F52F6F08DD354840783C
:1061E00010B9012034494870012032494870052116
:1061F0003248FAF773FF2D4988809DF80200401C51
:10620000C0B28DF80200152804DA89880398084482
:10621000039009E014210398B0FBF1F02449888031
:10622000002003908DF802002148808840F27451CC
:10623000884209DD1E48808840F64D21884203DAF5
:1062400000201C49887012E019488088B0F5966FCC
:1062500004DB17488088B0F52F6F08DD154880787B
:1062600010B9012014498870012012498870052155
:106270000D48FAF733FF0D49C8809DF80300401C14
:10628000C0B28DF8030015281ADAC98804980844AA
:1062900004901FE0000C02402C010020340100207B
:1062A000BF010020D0010020001C02403C01002062
:1062B000440100205E01002062010020001802401D
:1062C00014210498B0FBF1F01549C8800020049017
:1062D0008DF803001248C08840F27451884209DDED
:1062E0000F48C08840F64D21884203DA00200D494E
:1062F000C87012E00A48C088B0F5966F04DB084801
:10630000C088B0F52F6F08DD0648C07810B90120AD
:106310000549C87001200349C87001F0C3FBBBE503
:10632000440100205E01002062010020F0EE401ACE
:10633000B0EE000A21EE802AB0EE600A02EE410AB9
:10634000704700000348007803490978401A00F0BC
:106350007F007047210300202403002003480078B9
:1063600003490978401A00F07F007047210300209C
:10637000240300200348007803490978401A00F0FC
:106380007F007047210300202403002010B52DED6D
:10639000048B86B0B0EE408AF0EE608A00202D4972
:1063A00008702D490870142101A8F9F72AFF01206F
:1063B0002A4908709FED2A0A2A4880ED000A9FEDBD
:1063C000280A80ED010A9FED260A80ED020A9FED62
:1063D000240A80ED030A9FED220A80ED040A0021C1
:1063E00001A8FFF77BFB204880ED008A9FED1F0A84
:1063F000C8EE800AB0EE609AB0EE490A01F0A8FB40
:10640000002420E01A48007850B9174800EB8400B7
:1064100090ED000A134800EB840080ED000A10E0C4
:10642000104800EB840090ED000A0F4800EB840058
:10643000D0ED000A30EE200A0A4800EB840080ED1F
:10644000000A601CC4B2052CDCDB06B0BDEC048B7A
:1064500010BD00001A00002022000020750000205E
:1064600000000000AC0C0020980C002000007042DE
:106470006004002010B502F07BFC02F061FC02F029
:1064800085FC10BD10B501F057FA002006490870D0
:1064900006490870FBF7F2FB0548007801F052FB53
:1064A0000120FFF757FB10BD5C0400205D040020B5
:1064B0005E0400202DE9F04105460E461746A84629
:1064C000002407E0E3B23A463146404600F007F8C0
:1064D0008046641C072CF5DD4046BDE8F08130B5F0
:1064E0000446C3F1070001FA00F0C5B205F08005CB
:1064F00004F08000684018B182EA4400C0B230BDA8
:106500006006000EFBE70146481C00F07F00704764
:106510002DE9FF4F2DED020B2DED108B89B0B0EE64
:1065200040AA9FEDFE0AB0EE40EAFD48006840B187
:10653000FC480078FC490978884202D10120FB49D7
:106540000870F8480078FFF7DEFF0890F5480078FB
:10655000C0EBC00000EB8000F54901EB8004002097
:106560006C3404F86C0CA0731D9820731E9804F80A
:106570002E0CF048006860619FEDEF0A2AEE000AD9
:1065800084ED060AED48007820776C3C0020EC4949
:1065900008700120FEF7C6F9002508E0E94850F828
:1065A000251004F11C0040F82510681CC5B2052D0B
:1065B000F4DB0020FEF7B6F9E3490968E24A5268C5
:1065C0008818002801DB014600E041426160DE4995
:1065D0000968DD4A5268881A002801DB014600E09C
:1065E0004142A160D9488168E160C16821610169C7
:1065F0006161D7480068A061D648007884F87B00C4
:1066000000200790606848B9A06838B9E06828B9E8
:10661000206908B9606908B101200790002084F85A
:106620003C00C948016840680844002805DA94F82D
:106630003C0040F0010084F83C00C3480168406819
:10664000081A05D594F83C0040F0020084F83C009C
:10665000C1488168BB488068814205DA94F83C00F3
:1066600040F0040084F83C00BB48C168B548C068ED
:10667000814205DA94F83C0040F0080084F83C00C0
:10668000B5480169AF480069814205DA94F83C00D9
:1066900040F0100084F83C00206928B1606918B10E
:1066A0001C9884F83D000EE0206918B1002084F8A1
:1066B0003D0008E0606918B1012084F83D0002E067
:1066C0001C9884F83D00A448C1689E48C068081A18
:1066D00006D0A148C1689B48C068A1EB000B0EE042
:1066E0009D48016997480069081A06D09A480169CF
:1066F00094480069A1EB000B01E04FF0000B6068CB
:1067000018B10121002001F09FFFA06818B10121FC
:10671000084601F099FFE06818B10121022001F05C
:1067200093FF206918B10121032001F08DFF6069FA
:1067300018B10121042001F087FF8848007884F80F
:106740007C008748007830B194F87C0040F0040069
:1067500084F87C0007E0E06828B994F87C0020F019
:10676000040084F87C00FFF7F9FD074667B90025AF
:1067700008E09FED6A0A7B4800EB850080ED000A87
:10678000681CC5B2052DF4DB1B9860666448006880
:1067900058B36648007830B161480068874202DB30
:1067A0000020624908705E48006887421DDA5F4831
:1067B0000078D0B9012F18DD00EE107AF8EEC00A8B
:1067C000574890ED000AB8EEC00A80EE80DA2AEE53
:1067D0000D0AB0EE40AA94ED190AB8EEC00A20EEF8
:1067E0000D0ABDEEC00A84ED190AB5EEC0AAF1EE9D
:1067F00010FA54D00798F0B194F83D00C01C5A4AE2
:1068000002EB800090ED000A10EE101A0846F9F72E
:10681000E1FE41EC1F0BB0EE4F0AF0EE6F0AFDF700
:106820003DFFB0EE40CAF0EE60CA51EC1C0BF9F728
:1068300015FFA06504E04D4890ED000A84ED160AAE
:1068400094ED160A10EE101A0846F9F7C3FE41EC53
:106850001F0B53EC1F2B9FED460B51EC100BF9F760
:1068600005FE41EC1C0BF9F7F9FE0EEE100A6AEE7C
:106870000EBA94ED160A20EE2B0A20EE000A84EDE3
:10688000130AD4ED060AF8EE600A60EEAB0AB0EE29
:10689000600AFDF7CDFEBCEEC00A84ED190AB7EE22
:1068A000009A0120FEF73EF800257FE02E4800EB1D
:1068B000850090ED000A20EE2B0A02A800EB85006F
:1068C00080ED000A02A800EB850090ED000A10EEB2
:1068D000101A0846F9F77EFE41EC1F0BB0EE4F0A86
:1068E000F0EE6F0AFDF7DAFEB0EE40CAF0EE60CAD5
:1068F00051EC1C0BF9F7B2FE0AEE900A05EB4500CD
:106900001D4901EB001090ED020AB4EEEA0AF1EE27
:1069100010FA49D200BF05EB45002FE0000000004F
:10692000FC0200202103002024030020000300209B
:10693000A41600203800002000007042240000202F
:1069400025030020681600202C16002018160020B1
:1069500010030020140300207C16002036040020C1
:106960002003002090160020041600200C030020B5
:10697000000000000000F03FA45C002001EB0010CC
:10698000D0ED020A80EEAA0AB4EEC90AF1EE10FABE
:1069900009D205EB450001EB001090ED020AC0EEB4
:1069A0002A0AB0EE609A00BF681CC5B2052DFFF63A
:1069B0007DAF0020FDF7B6FF19EE100AF9F70AFEC9
:1069C00041EC1C0B1FED160B53EC102BF9F716FEC8
:1069D00029D20120FDF7A6FF00250DE002A800EB5B
:1069E000850090ED000A20EE090A02A800EB850060
:1069F00080ED000A681CC5B2052DEFDB94ED190A85
:106A0000B8EE400A20EE090ABCEEC00A84ED190A6D
:106A100094ED130A69EE090A20EE200A84ED130AA8
:106A20000020FDF77FFFFE48C06818B1FC48D0F891
:106A30000C9008E0FA48006918B1F948D0F81090B5
:106A400001E04FF0000994ED060AB8EE400A20EE8E
:106A50000EBA606898B9A06888B9E06878B9DFEDC7
:106A6000F10A6BEE200AB0EE600AFDF7E1FDBCEE24
:106A7000C00A10EE106A002084F83F0063E1B9F10B
:106A8000000F02D04FF4FA7001E04FF4FA7000EEFC
:106A9000900AF8EEE00A20EE8B0A10EE100AF9F7E1
:106AA00099FD41EC1F0BB0EE4F0AF0EE6F0AFDF7B7
:106AB00033FDB0EE40CAF0EE60CA51EC1C0BF9F7A2
:106AC00070FD0646B9F1000F10D094F83D00D6498C
:106AD00001EB800090ED000AB5EEC00AF1EE10FA6D
:106AE00004D0BBF1000F01DD012000E0002084F89C
:106AF0003F0094F83F00E0B3CC480068CC490968F7
:106B0000401A00EE100AB8EEC00ACA48D0ED010AD9
:106B100080EE201AB0EE41FAC4484068C449496882
:106B2000401A00EE100AB8EEC00AC248D0ED0D0AB5
:106B300080EE201AB0EE41CABC488068BC49896822
:106B4000401A00EE100AB8EEC00ABA48D0ED190A91
:106B500080EE201AF0EE41CAB448C168B448C0685B
:106B6000081A00EE100AB8EEC00AB248D0ED250AA5
:106B700000E03BE080EE201AF0EE41FA6FEE0F0AE3
:106B80004CEE0C0A4CEEAC0AB0EE600AFDF785FE46
:106B9000CFEE800AC4ED120A94ED120AF0EE080A54
:106BA000B4EEE00AF1EE10FA03DD002084F83F00B5
:106BB0001BE094F83D109C4A02EB810191ED000A24
:106BC000D4ED120A60EE200A9B4991ED031A81EE82
:106BD000200A20EE0B0ABCEEC00A10EE100A00BF1D
:106BE000864200D9064600BF00BF00BF4FF0010A31
:106BF0000120FDF797FE002518E0904800EB850086
:106C0000D0ED000A00EE10AAB8EE400AF4EEC00A79
:106C1000F1EE10FA08DD894800EB850090ED000ADE
:106C2000BCEEC00A10EE10AA681CC5B2052DE4DB4C
:106C30004FF0FF30B0FBFAF0814908600020FDF70B
:106C400071FE7F49A069096888423AD80120FDF7A2
:106C500069FE00252FE0201D50F8250048B3774835
:106C600000EB8500D0ED000A00EE106AB8EE400A95
:106C7000F4EEC00AF1EE10FA1BD2704901EB850167
:106C8000D1ED000A94ED060AB8EE400A60EE800AE3
:106C9000211D51F8251000EE101AB8EE400A80EEC2
:106CA000801ABCEEC10A10EE100A864200D90646D0
:106CB00000BF681CC5B2042DCDDB0020FDF732FEFD
:106CC00041E00120FDF72EFE002537E0201D50F8A1
:106CD000250088B3594800EB8500D0ED000A00EE8E
:106CE000106AB8EE400AF4EEC00AF1EE10FA23D2B0
:106CF000524800EB850090ED001AD4ED060AF8EE3C
:106D0000600A21EE201A201D50F8250000EE900A9E
:106D1000F8EE600AC1EE201AB0EE610A00EE906A49
:106D2000F8EE600AF4EEC00AF1EE10FA03DDFCEEB4
:106D3000C00A10EE906A00BF681CC5B2042DC5DB06
:106D40000020FDF7EFFD666700EE106AB8EE400A1E
:106D5000C0EE0B0AC4ED170A3046F9F7F6FB41EC1A
:106D60001C0B9FED380B53EC102BF9F70DFB41EC8E
:106D70001F0BF9F7F7FBA06394F83F00E8B194F814
:106D80003D00294901EB800090ED000AD4ED120A84
:106D900020EE200AD4ED170A20EE200A2548D0ED77
:106DA000250A20EE200ADFED290A80EE801ABCEECB
:106DB000C10A10EE100AA4F84000D4ED130AB0EE98
:106DC000600AFDF76AFDF0EE409AB0EE698A4FF076
:106DD00000080120FDF7A6FD00255DE002A800EBFC
:106DE000850090ED000A10EE101A0846F9F7F2FB44
:106DF000CDE900019DED000BFDF750FCB0EE40CA5F
:106E0000F0EE60CA51EC1C0BF9F728FC0FEE100AEB
:106E1000094800EB850090ED000AF0EE40FA17E01B
:106E2000181600200000FA43040300207C160020FE
:106E300068160020A45C00208C150020A0150020FE
:106E4000E40200208DEDB5A0F7C620400024F449EF
:106E5000B4EEEFFAF1EE10FA1CDDB8F1000F0FD02E
:106E600069EEAF0AB0EE600A6FEE080AF4EEC00AEF
:106E7000F1EE10FA03DDC0EE0F0AB0EE608A09E011
:106E80008FEE8F0A20EE080AB0EE408A08F101006A
:106E900000F0FF08681CC5B2052D9FDB0020FDF740
:106EA00041FDEFB3884890ED000ADFED880AB4EEAB
:106EB000E00AF1EE10FA33D3B7EE000AB0EE40CAA2
:106EC0004FF0000890ED000AFDF7E7FCF0EE40CA35
:106ED000B7EE000AF0EE40FAF4EEEC9AF1EE10FA9A
:106EE00006D2F0EE698A88EEAC0AF0EE40FA01E0D4
:106EF000F0EE6C8A0120FDF715FD002571E0744865
:106F000000EB8500D0ED001A61EEAF1AB0EE610A19
:106F100002A800EB8500D0ED001AF0EE610A00E057
:106F20007FE0B8F1000F07D060EE0C1AB0EE610AF6
:106F300060EE8C1AF0EE610AB4EEE00AF1EE10FA9F
:106F400019DDF5EEC00AF1EE10FA04DCB5EEC00A68
:106F5000F1EE10FA02D270EE601A25E0F1EE601A3E
:106F6000B4EEE10AF1EE10FA02DDF0EE401A1BE099
:106F7000F1EE601A18E0F5EEC00AF1EE10FA04D353
:106F8000B5EEC00AF1EE10FA02DD70EEC01A0BE0A9
:106F9000F1EE401AF4EEE01AF1EE10FA02DDF1EE35
:106FA000401A01E0F0EE601AB0EE611A494800EBB9
:106FB0008500D0ED001AF4EEC11AF1EE10FA0ED2EF
:106FC000444800EB850090ED002AC2EE011A61EE04
:106FD0008C1AB0EE61CA08F1010000F0FF08681CCD
:106FE000C5B2052D8BDB0020FDF79CFCB8F1000F2E
:106FF00003D028EE8C0AF0EE408A9FED370A28EE87
:1070000080FA364890ED000AB4EECF0AF1EE10FA9D
:1070100006DDB4EECF8AF1EE10FA01DDF0EE488A1B
:1070200001E0F0EE488A2D4880ED008A68EEA8EA7B
:10703000C4ED15EAD4ED160AB0EE601AD4ED170AC5
:10704000F1EE600AB0EE600ADFED250AFFF76EF997
:10705000F0EE40DA9FED220A84ED140A2078D4ED98
:10706000130AB0EE6D0AF4EEC00AF1EE10FA01D880
:10707000032100E0012108432070142202A91448D2
:10708000F9F7A6F894ED130A0F4880ED000A1549A8
:10709000089808700120FDF745FC002507E012481C
:1070A00050F82500114941F82500681CC5B2052D8E
:1070B000F5DB0020FDF736FC00F08CF909B0BDECE3
:1070C000108B06B0BDE8F08FE8020020BD37863592
:1070D000B41500208C150020A4707D3F28030020EB
:1070E0000BD7233B210300207C16002068160020CC
:1070F0000848007808490978884206D00648007890
:10710000401C00F07F00044908700120034908700A
:10711000704700002103002024030020DC0200202F
:1071200070B500BF1548007815490978401A00F07D
:107130007F00054605B312480078C0EBC00000EBA5
:107140008000104901EB8004207800F0010008B1B4
:10715000002070BD0A480078FFF7D5F90A49087089
:107160000748007809490978884203D10648007821
:10717000064908702046ECE70020EAE721030020DA
:1071800024030020A4160020220300202303002053
:10719000014600222B4B1A702B4B1A709FED2B1AB5
:1071A0002B4A82ED001A00200CE09FED281A294A94
:1071B00002EB800282ED001A0022274B43F82020C8
:1071C000421CD0B20528F0DB9FED241A244A82ED40
:1071D000011A82ED001A234A11700122224B1A7003
:1071E000B2EE041A214A82ED001AB2EE041A82EDC0
:1071F000011A9FED1F1A82ED021AB3EE041A82EDF6
:10720000031AB3EE041A82ED041A002016E0194A9C
:1072100052F8202001EE102AB8EE411A00EB40028D
:10722000154B03EB0212D2ED011A21EE211A134A7B
:1072300002EB800282ED001A421CD0B20428E6DD87
:1072400070470000210300202403002000000000FC
:107250001C03002090160020681600200AD7233D4A
:107260000403002020030020000300208C150020D0
:107270009A99993EC8150020A45C0020A015002012
:107280002DE9F84304460D4616461F46DDF82080DA
:107290000120FDF747FB0F48046045608660C7602A
:1072A000C0F81080FFF75AF870B90A480069DFF893
:1072B00024C00090DCF80C30DCF80820DCF8041066
:1072C000DCF8000000F082FF0020FDF72BFBBDE89A
:1072D000F88300006816002070B511480478002675
:1072E00019E0C4EBC40000EB80000E4901EB8005FF
:1072F000287800F0200050B91EB1304601F014FD8E
:1073000020B922462946304600F010F82E46204685
:10731000FFF7F9F80446044800788442E1D170BDD3
:1073200023030020A41600202103002070B5054689
:107330000C4616460120FDF7F5FA95B3287800F0C3
:10734000020078BB95ED140AD4ED140AB4EEE00AFD
:10735000F1EE10FA2CD2D5ED161AB0EE611AD5ED79
:10736000141AF0EE610AD5ED171AF1EE611AB0EEBB
:10737000610AFEF7DBFFF0EE402A94ED140AB4EE4A
:10738000E20AF1EE10FA12DD207840F001002070E0
:10739000204601F0C9FC30B1207820F001002070B7
:1073A00005E010E004E0C4ED142A0948067000BFAF
:1073B00094ED140AD4ED150AB4EE600AF1EE10FA59
:1073C00001D1034806700020FDF7ACFA70BD000043
:1073D0002303002010B50848007800F0C7F90446E0
:1073E00006480078844203D000F016F9FFF774FFD6
:1073F00000F006F810BD0000210300202303002048
:107400002DE9F0472DED0A8B7A4806787A480778FF
:1074100012E0384600F0AAF98046C8EBC80000EB3D
:107420008000764901EB800999F8000000F0200007
:1074300000B903E0474600BFB742EAD100BF0025CC
:107440000024DFED6F8A9FED6E8A72E0C6EBC60006
:1074500000EB8000694901EB8004207800F02000F7
:10746000002862D1D4ED140AB0EE600AFDF715FAD7
:10747000B0EE408A002D55D0287800F0010018B9F0
:10748000207800F00100E8B3287840F0010028706F
:10749000284601F049FCB0BBD5ED130AB0EE600AF6
:1074A000FDF7FBF9B0EE409AB7EE000AC0EE090A0C
:1074B000F0EE609A28EE291AF0EE410A28EEA91A99
:1074C000B0EE410A2846FEF7EBF995F83F0020B3ED
:1074D0003C35D5ED030A68784A4901EB800090ED10
:1074E000001A60EE810A484890ED251A60EE810A84
:1074F000B0EE600A69EE000AFCEEE00A10EE900AB7
:10750000E88001E00EE009E068EE000AFCEEE00A27
:1075100010EE900A28813C3D00BF00BF287820F083
:10752000010028702546F0EE488A3046FEF7EBFF52
:107530000646BE428AD1E4B3207840F001002070B4
:10754000284601F0F1FBA8BBD4ED130AB0EE600AA7
:10755000FDF7A3F9B0EE409AB7EE000AC0EE090AB3
:10756000F0EE609A9FED291A29EE811AF0EE410A99
:1075700028EE291AB0EE410A2046FEF791F994F858
:107580003F0070B33C3494ED030A60781D4901EB71
:107590008000D0ED000A20EE200A1B48D0ED250A1D
:1075A00020EE200AB0EE40AA29EE0A0ABCEEC00A7C
:1075B00001E01BE016E010EE100AE0801AEE100A5F
:1075C000F9F708F841EC1C0B9FED110B53EC102B55
:1075D000F8F7DAFE41EC1B0BF8F7E3FF20813C3CA7
:1075E00000BF00BF207820F001002070BDEC0A8BA6
:1075F000BDE8F0872403002021030020A41600200A
:107600000000000004030020A45C0020CDCC4C3D11
:107610009A9999999999A93F2DE9F04119480078CB
:1076200000F0A4F80546184804781648007884420B
:1076300001D1BDE8F081002720E0C5EBC50000EBDB
:107640008000124901EB8006307800F0200020B95C
:107650003946304600F01CF83746284600F086F8D8
:10766000054606E0A54200D1E3E72046FEF74BFFC2
:107670000446054800788442F4D100BFA542DCD11D
:1076800000BFD6E72103002023030020A41600201A
:1076900070B504460D460120FDF744F9002C5FD07B
:1076A00094ED150AF0EE402A94ED140AB4EE620A45
:1076B000F1EE10FA05D1002D51D0287800F001002C
:1076C000E8B3207800F0020010B1B0EE620A2BE0BF
:1076D000D4ED161AB0EE611A15B1D5ED141A01E009
:1076E000DFED211AF0EE610AD4ED171AB1EE610A4E
:1076F000FEF71CFEB4EEE20AF1EE10FA02DDB0EE87
:10770000620A11E0D4ED161AB0EE611A15B1D5ED8A
:10771000141A01E0DFED141AF0EE610AD4ED171A25
:10772000B1EE610AFEF702FEB0EE403A94ED140AA3
:10773000B4EE430AF1EE10FA10D0207800E00EE02B
:1077400040F001002070204601F0EEFA20B12078D0
:1077500020F00100207001E084ED143A00BF00BF6A
:107760000020FDF7DFF870BD0BD7233B0146481E14
:1077700000F07F007047000010B55F4800780028D7
:107780007ED000205C4908705C4800680028F7D073
:107790005A480068D0F88000594908605748006886
:1077A00090ED210A574880ED000A002053490860F7
:1077B0005548007855490978884205D053480078E3
:1077C000FEF7A1FE51490870002051490870401E83
:1077D0005049086000205049087050490880012035
:1077E000FDF79DF84E4800684D494968084440102F
:1077F0004C4908604A48006849494968401A4010A5
:10780000484948604648806888604548C068C86004
:10781000434800690861084690ED000AB8EEC00AC6
:107820004148D0ED010A80EE201A404880ED001A50
:10783000084690ED010AB8EEC00A3B48D0ED0D0AAB
:1078400080EE201A394880ED011A084690ED020AB0
:10785000B8EEC00A3448D0ED190A80EE201A334839
:1078600080ED021A084690ED030AB8EEC00A2E48D1
:10787000D0ED250A80EE201A2C4880ED031A00E096
:1078800011E0084690ED040AB8EEC00A2648D0ED93
:10789000310A80EE201A254880ED041A0020FDF7F9
:1078A0003EF8FEF73BFA1548006800B910BD1348D2
:1078B0000068D0F8800060B110480068D0F88000FF
:1078C0000F4908600D48006890ED210A0D4880EDD1
:1078D000000A002409E0002000F0D8FF14480068E6
:1078E000401C13490860601CC4B2124800788442EE
:1078F000F1DB00BFDAE70000DD02002064020020B7
:10790000180100201C010020210300202403002076
:10791000C6020020B4020020C4020020D4020020CD
:10792000945D002068160020A45C0020AC0C0020B0
:1079300094020020A802002010B5002201214C482A
:10794000FAF7EEFD4B48006890B14B48007878B9E3
:1079500001204949087047480068D0F8800047492D
:1079600008604448006890ED210A454880ED000A0F
:1079700044480078444908704449087044490870F4
:1079800001E0FFF7B5FB00BF3F4800783D490978AB
:10799000884201D1002000E001200028F1D13549C2
:1079A00008600120FCF7BBFF3A4800683949496884
:1079B000084440103849086036480068354949682D
:1079C000401A401034494860324880688860314825
:1079D000C068C8602F4800690861084690ED000A39
:1079E000B8EEC00A2D48D0ED010A80EE201A2C48CE
:1079F00080ED001A084690ED010AB8EEC00A27484B
:107A0000D0ED0D0A80EE201A254880ED011A0846B7
:107A100090ED020AB8EEC00A2048D0ED190A80EEB7
:107A2000201A1F4880ED021A084690ED030AB8EEAE
:107A3000C00A1A48D0ED250A80EE201A184880EDB9
:107A4000031A084690ED040AB8EEC00A1348D0EDB8
:107A5000310A80EE201A124880ED041A0020FCF74B
:107A60005EFF012211460248FAF75AFD10BD0000E0
:107A7000000C0040640200202503002018010020B3
:107A80001C010020240300202103002023030020E8
:107A900022030020945D002068160020A45C0020D2
:107AA000AC0C002010B5FEF7BDF80F48007828B1E7
:107AB000FBF79AF910B100200B4908700B480078C9
:107AC00001280FD1FEF718F90948FAF77DF809489F
:107AD000FAF77AF801200849087008490870002070
:107AE0000249087010BD0000B900002060020020AB
:107AF0000044004000540140B001002098000020E4
:107B000010B5C82202490348FEF786F810BD0000F0
:107B1000045E0020E45D002008B500200090694666
:107B20000248FEF76FF89DF8000008BDE45D0020F4
:107B300010B50248FEF75EF810BD0000E45D0020BD
:107B4000704700000149087070470000630400207E
:107B50002DE9F0412DED108B86B00746F0EE408AFE
:107B6000002600243AE007EB840090ED000A04EBC5
:107B70004400FE4A02EB0010D0ED010A20EE200A7C
:107B800010EE101A0846F8F725FD41EC190BB0EE7F
:107B9000490AF0EE690AFCF7C3FD01A941F8240087
:107BA0000120A040F2490978084050B1F14850F84E
:107BB000240001A951F824100844EF4941F8240099
:107BC0000AE001A850F82400EC49096851F8241093
:107BD0000844E94941F82400601CC4B2052CC2DB0A
:107BE0000020E7490870002450E0E34850F82400E2
:107BF000E04951F82410401AE24941F824000846AF
:107C000050F82400E04941F82400DE4951F82400EE
:107C1000002801DB014600E041428846B8F5004FEC
:107C200013DAD84850F8240000EE100AB8EEC00A63
:107C3000D64800EB8400D0ED000A20EE200AD4489C
:107C400000EB840080ED000A12E0CE4850F82400DA
:107C500000EE100AB8EEC00ACC4800EB8400D0ED6C
:107C6000000A20EE200ACA4800EB840080ED000ADA
:107C7000C44840F8248050F82400B04204DDC048D5
:107C80000470C04850F82460601CC4B2052CACDB02
:107C90000026BD490968BC4A52688818002801DBE3
:107CA000014600E04142BB4A1160B7490968B64A43
:107CB0005268881A002801DB014600E04142B54ABB
:107CC0005160B1498868002801DB014600E041426B
:107CD000B04A9160AC49C868002801DB014600E069
:107CE0004142AC4AD160A8490869002801DB01463D
:107CF00000E04142A74A116100240BE0A54850F87A
:107D00002400B04204DD9E480470A24850F824606C
:107D1000601CC4B2052CF1DB9F4806609C4890EDC6
:107D2000000A20EE000AD0ED010A90ED011A00EEE3
:107D3000810AD0ED020A90ED021A00EE810A10EEDF
:107D4000101A0846F8F746FC41EC1A0BB0EE4A0A46
:107D5000F0EE6A0AFCF764FDB0EE409AF0EE609A2D
:107D600051EC190BF8F77AFC08EE100AB5EEC08A50
:107D7000F1EE10FA59D1864890ED040A10EE101A6F
:107D80000846F8F727FC41EC1C0BB0EE4C0AF0EE6D
:107D90006C0AFCF783FCB0EE40AAF0EE60AA7C48C7
:107DA00090ED030A10EE101A0846F8F713FC41ECA8
:107DB0001C0BB0EE4C0AF0EE6C0AFCF76FFCB0EE58
:107DC00040BAF0EE60BA53EC1A2B51EC1B0BF8F7EB
:107DD0002DFC10D26E4890ED030A10EE101A0846E2
:107DE000F8F7F8FB41EC1A0BB0EE4A0AF0EE6A0A1B
:107DF000FCF754FC0FE0664890ED040A10EE101AF0
:107E00000846F8F7E7FB41EC1A0BB0EE4A0AF0EE31
:107E10006A0AFCF743FCB0EE409AF0EE609A51EC2F
:107E2000190BF8F71BFC08EE100A5B48006860B1FC
:107E300018EE100AF8F7CEFB41EC190B9FED570B2B
:107E400053EC102BF8F7DAFB04D106B0BDEC108B25
:107E5000BDE8F081534880ED008A534890ED000A58
:107E600028EE800A514880ED000A002472E04D4857
:107E70000068F8F7AFFB41EC1A0B454800EB8400B3
:107E800090ED000A10EE101A0846F8F7A3FB41EC3B
:107E90001E0BB0EE4E0AF0EE6E0AFCF7FFFBB0EEE2
:107EA00040CAF0EE60CA18EE900AF8F793FB41EC76
:107EB0001D0B53EC1C2BF8F767FA41EC1B0B53EC32
:107EC0001A2BF8F7D3FA41EC190BF8F7C7FB0FEEB2
:107ED000100A04EB4400254901EB001090ED020A62
:107EE000B4EECF0AF1EE10FA32D2294800EB84004A
:107EF00090ED000A10EE101A0846F8F76BFB41EC03
:107F00001C0BB0EE4C0AF0EE6C0AFCF7C7FBB0EEAF
:107F100040AAF0EE60AA04EB4400144A02EB001001
:107F200090ED020A1F48D0ED000A20EE200A10EE64
:107F3000101A0846F8F74EFB41EC1B0B53EC1A2BBA
:107F4000F8F794FA41EC190BF8F788FB1749086029
:107F5000601CC4B2052C8ADB0D48094A127800EB7C
:107F6000820090ED000A10EE101A21E0A45C0020BF
:107F700060040020681600207C16002068040020A1
:107F800014030020181600202C160020A85D0020E5
:107F900004160020401600201003002000000000FE
:107FA000000000000C03002070000020700400207E
:107FB0000846F8F70FFB41EC1A0BB0EE4A0AF0EE58
:107FC0006A0AFCF76BFBB0EE409AF0EE609A51EC57
:107FD000190BF8F743FB36490860364890ED000A64
:107FE0000846D0ED000A20EE200A3348D0ED000A02
:107FF00080EE201A314880ED001A3148007800EBFD
:108000004000304A02EB001090ED010A2B48D0ED01
:10801000000A20EE200A10EE101A0846F8F7DAFAE5
:1080200041EC1A0BB0EE4A0AF0EE6A0AFCF774FA59
:10803000B0EE409AF0EE609A51EC190BF8F792FA14
:1080400005462148007800F08000B8B1194890ED4D
:10805000000A1E48D0ED000A20EE200A154880EDE7
:10806000000A00EE105AB8EEC00A1848D0ED000A17
:1080700020EE200ABDEEC00A10EE105A1448037814
:10808000012201782846DFF82CC09CED000AFEF79B
:108090003FFAFEF76FF90F490978884203DB0120A8
:1080A0000D49087002E000200B49087000BFCCE6C3
:1080B00078040020700400200C03002074040020C9
:1080C00014030020A45C0020600400205804002059
:1080D0006C0400205F0400205C0400200146064A76
:1080E0001170002004E00122044B1A54421CD0B24B
:1080F0000228F8DB70470000AE020020AC0200202E
:108100000020014908707047AF0200202DE9F041BE
:108110000120FCF704FC4FF6FF712748F9F734FC07
:1081200000240A2700BF0020FCF7F9FB2348006861
:1081300008B9FFF721FB2148006848B9FDF79AF814
:108140001E4908601E48007810B100201D490870C3
:108150001A4800681C490968884202D81748006814
:1081600001E0194800688046B8F5803F01D24046DA
:1081700001E04FF6FF70064610480068801B0F496B
:10818000086034440120FCF7CAFB0B48FAF7DEF91B
:10819000851C781EC0B2071E00D12C46AC42C2D34B
:1081A00021460548F9F7F0FB0020FCF7B8FB04482E
:1081B0000078BDE8F0810000000C0040E0020020E3
:1081C000DE0200205C040020B40200202DE9F04112
:1081D00004460D4616461F46DDF818800120FCF7C0
:1081E0009EFB60190E490860601B48600846866067
:1081F000C760C0F810800B48007840B90A48007882
:10820000012804D1084600680849086003E00448D2
:108210000068074908600020FCF781FBBDE8F08199
:10822000945D002018000020190000202404002084
:10823000200400202DE9F04F2DED048B81B007467E
:108240004FF0000BD94601210420F9F72FFE012140
:108250000846F9F72BFE0121A848F9F7D5F91FB117
:108260004FF0010B4FF09F0900242FE1002F7DD02C
:10827000C9F3C01ABAF1000F04D00120A04000EAEF
:10828000090008B1012000E0002004EB44019C4AF1
:1082900002EB011108700120A04000EA0B0008B1B8
:1082A000012000E0002004EB4401954A02EB01119B
:1082B0004870944850F8240000EE100AB8EE400AC6
:1082C00010EE101A0846F8F785F941EC190B9FEDEE
:1082D0008E0B53EC102BF8F7C9F841EC180BF8F79C
:1082E000BDF904EB4401864A02EB0111486088485D
:1082F00050F8240000EE100AB8EE400A10EE101AF2
:108300000846F8F767F941EC190B9FED820B53EC27
:10831000102BF8F7ABF841EC180BF8F79FF904EBCA
:108320004401774A02EB011188607C4850F8240030
:1083300000EE100AB8EE400A04EB4400114601EBCF
:108340000010D0ED010A20EE200ABDEEC00A10EEAA
:10835000105A04EB440001EB001000F1100804EB8C
:10836000440001EB001000F1140600E071E0052C60
:108370001AD2DFE804F003040E13140000BF2846ED
:1083800005EBD0714910316030684042C8F80000F8
:108390000AE035600020C8F8000005E000BF356045
:1083A0006842C8F8000000BF00BF10208DF803002D
:1083B00003208DF8020004EB8400594901EBC00052
:1083C0008088ADF8000004EB8401554A52F8310072
:1083D0006946F9F741FA04EB8400514901EBC0000A
:1083E0008089ADF8000004EB84014D4A02EBC10125
:1083F00088686946F9F730FA04EB8400484901EBD4
:10840000C000808AADF8000004EB8401444A02EB0E
:10841000C10108696946F9F71FFA04EB8402404B71
:1084200003EBC202918A04EB840203EBC2021069DF
:10843000F9F7A8FA00203B4941F8240004EB440175
:108440002F4A02EB0111087304EB440102EB011106
:10845000487300203449085534490855032C01DB82
:10846000012100E0002104EB4400254A02EB00104A
:1084700080F82010002104EB440002EB0010416260
:10848000012104EB440002EB001080F821100021D0
:1084900004EB440002EB001080F82210002004EBF3
:1084A000440102EB01110876002104EB440002EBC9
:1084B0000010C16104EB440002EB0010816204EB88
:1084C000440002EB0010C162601CC4B2052CFFF630
:1084D000CDAE27B100201649087016490870002457
:1084E00005E00020144921F81400601CC4B2022CDD
:1084F000F7DB01B0BDEC048BBDE8F08F000230006B
:10850000A45C00202C0300200000000080842E4189
:10851000400300200000000000004E404004002006
:1085200058030020945D0020280400202D04002022
:1085300036040020370400203204002070B50446C1
:108540000D4644BB00BF04EB44003D4901EB001065
:10855000407808B1284601E085F0010068B104EBDD
:108560008402384B03EBC202918904EB840203EBD3
:10857000C2029068F9F706FA0CE004EB8402314B72
:1085800003EBC202918904EB840203EBC202906800
:10859000F9F7F6F953E0012C28D100BF04EB4400B1
:1085A000274901EB0010407808B1284601E085F02A
:1085B000010068B104EB8402224B03EBC2029189F3
:1085C00004EB840203EBC2029068F9F7DBF90CE0DC
:1085D00004EB84021B4B03EBC202918904EB84027F
:1085E00003EBC2029068F9F7CBF928E000BF04EB77
:1085F0004400134901EB0010407808B1284601E01F
:1086000085F0010068B104EB84020E4B03EBC2025B
:10861000918904EB840203EBC2029068F9F7B2F986
:108620000CE004EB8402074B03EBC202918904EBDC
:10863000840203EBC2029068F9F7A2F900BF70BD93
:10864000A45C00205803002039B101228240074B6E
:108650001B781A43054B1A7006E001228240034B37
:108660001B789343014A13707047000036040020C2
:1086700070B504460D463DB10120A040254909785A
:1086800008432449087006E00120A04021490978E8
:108690008143204801700CB1012C1BD100BF2DB9C2
:1086A0001D4A918A1069F9F76DF904E01A4A918A16
:1086B0001069F9F765F900BF00BF2DB9164A918F0F
:1086C000906BF9F75FF904E0134A918F906BF9F71B
:1086D00057F91DE000BF6DB904EB84020E4B03EBAC
:1086E000C202918A04EB840203EBC2021069F9F71B
:1086F00049F90CE004EB8402074B03EBC202918AB8
:1087000004EB840203EBC2021069F9F739F900BFE8
:1087100070BD0000370400205803002070B50546E6
:1087200010480078854200D170BD002415E001207A
:10873000A040C6B205EA06000A49097831408842DD
:1087400009D005EA060008B1012000E0002001463A
:108750002046FFF78DFF601CC4B2052CE7DB00BF8D
:10876000E2E700003704002070B504460D4600BF64
:1087700065B104EB84020C4B03EBC202918804EB5D
:10878000840253F83200F9F7FDF80BE004EB8402A1
:10879000054B03EBC202918804EB840253F83200CC
:1087A000F9F7EEF800BF70BD5803002000EB400160
:1087B000024A02EB011191ED010A7047A45C00200E
:1087C000F0B5059C00250CB1012700E0002700EB67
:1087D0004006DFF8B4C00CEB061686F8237000EBF9
:1087E0004006674607EB061696F8236006B9012592
:1087F00000EB4006244F07EB061696F8236006B9F7
:10880000F0BD571000EB4006DFF87CC00CEB0616FD
:10881000776200EB4006674607EB0616766A7742FA
:1088200000EB40060CEB0616776200EB400667464D
:1088300007EB0616317600EB400607EB0616F261F1
:1088400000EB400607EB0616F46213B14FF0FF365B
:1088500000E00126F7B200EB4006DFF82CC00CEB7D
:10886000061686F8217083F0010700EB40060CEB3A
:10887000061686F82270002700EB40060CEB061661
:10888000B76200BFBCE70000A45C002010B504463E
:1088900004EB4400FE4901EB001090F8230000B9FE
:1088A00010BD04EB4400FA4901EB0010416A04EBEF
:1088B0004400F74A02EB0010C06A014404EB440094
:1088C00002EB0010416204EB4400114601EB001082
:1088D000406A002871DD04EB440001EB0010816A5E
:1088E00004EB440002EB0010C06A814265DA04EB3D
:1088F0004400114601EB0010416A04EB440002EB16
:108900000010C069091A04EB440002EB0010416238
:1089100004EB4400114601EB001090F82000C8B1B0
:1089200004EB440001EB001090F82100012808D16D
:10893000E01ED849085C401C41B2E01ED54A1154E3
:10894000DAE1E01ED349085C401E41B2E01ED14A84
:108950001154D1E104EB4400CD4A02EB001090F831
:1089600022102046FFF7EAFD002C7AD0022C79D1A4
:1089700004EB4400C64901EB001090F8220050B30C
:10898000C548007808BB01212046FFF7EDFE00BF77
:1089900000BF00BF00BF00BF00212046FFF7E4FE7C
:1089A000BE4850F8241004EB4400B94A02EB001012
:1089B00090F82100012801D102E0AAE14FF0FF3038
:1089C0000844B64941F8240096E10020B44908550E
:1089D000B449085590E1B4480078012827D1B3483C
:1089E0000078012802D1F9F73BF985E10121204601
:1089F000FFF7BAFE00BF00BF00BF00BF00BF0021ED
:108A00002046FFF7B1FEA54850F8241004EB4400BF
:108A10009F4A02EB001090F82100012800D101E0EC
:108A20004FF0FF3008449D4941F8240064E10121E2
:108A30002046FFF799FE00BF00BF00BF00BF00BF88
:108A400000212046FFF790FE944850F8241004EBD4
:108A500044008F4A02EB001090F82100012802D157
:108A600003E043E006E04FF0FF3008448B4941F853
:108A7000240041E1012CA7D18D48007838B904EBDE
:108A80004400834901EB001090F8220038B104EB58
:108A900044007F4901EB001090F8220000B301214F
:108AA0002046FFF761FE00BF00BF00BF00BF00BF50
:108AB00000212046FFF758FE784850F8241004EBB8
:108AC0004400734A02EB001090F82100012800D105
:108AD00001E04FF0FF300844704941F824000BE1F9
:108AE00000206F4908556F49085505E17148007825
:108AF000012874D170480078012870D104EB44003B
:108B0000634901EB001090F8220028B16B4800780F
:108B100050B16B48007838B104EB44005C4901EB7C
:108B2000001090F82200C0BB6548007838B904EB0B
:108B30004400574901EB001090F8220040B904EBC3
:108B40004400534901EB001090F82200002890D116
:108B50005C480078012811D104EB44004C4901EB3A
:108B6000001090F82100012801D1801E00E00120B2
:108B700055490968084454490860BDE053480078E5
:108B8000012811D104EB4400414901EB001090F899
:108B90002100012802D1801E01E01CE001204A4989
:108BA000096808444849086048480078022810D1FC
:108BB00004EB4400364901EB001090F82100012835
:108BC00000D101E04FF0FF303F49096808443E49B9
:108BD000086091E003E00020314908558CE03548F9
:108BE000007868BB34480078012829D134480078DF
:108BF00038B904EB4400264901EB001090F822003C
:108C000038B104EB4400224901EB001090F8220037
:108C1000E0B304EB44001E4901EB001090F8210082
:108C2000012800D101E04FF0FF30274909680844CE
:108C30002549086008460068184941F824005BE0AF
:108C40001E48007838B904EB4400114901EB0010CC
:108C500090F8220038B904EB44000D4901EB0010F4
:108C600090F8220098B901212046FFF77DFD00BF52
:108C700000BF00BF00BF00BF00212046FFF774FD0A
:108C8000064850F8241004EB440021E034E02EE0C4
:108C9000A45C0020C4020020A0010020945D0020FC
:108CA000280400202D04002094000020AC010020A6
:108CB0009F01002018000020190000209C010020C6
:108CC0009D0100201A00002024040020360000200E
:108CD000114A02EB001090F82100012800D101E0B8
:108CE0004FF0FF3008440D4941F8240004E0002013
:108CF0000B4908550B49085504EB4400064901EBA4
:108D00000010806A401C04EB4401034A02EB01118D
:108D1000886200BFC4E50000A45C0020945D0020D0
:108D2000280400202D0400200146044802689142D6
:108D300001D1012070470020FCE700006402002000
:108D400010B5FEF7F9FD00200649087006490870C5
:108D5000FFF770FA05480078FEF7F4FE0120FCF7F3
:108D6000F9FE10BD5C0400205D0400205E040020BC
:108D700010B5002003490870034908700120FFF76F
:108D800059FA10BD5C0400205D04002070B52DED83
:108D9000068BFDF753F80020FCF76EFE01257548A1
:108DA00005700078FEF7CEFE0120FCF7D3FE00240C
:108DB0001AE02046FFF7FAFC10EE106A3046F7F78B
:108DC00009FC41EC1A0B53EC1A2B9FED6B0B51EC89
:108DD000100BF7F74BFB41EC190BF7F73FFC684919
:108DE00041F82400601CC4B2052CE2DB4FF4FA7099
:108DF000644908604860322088604FF4FA70C860A7
:108E0000086100243CE02046FFF7D0FCDFED5E0A5D
:108E100080EE801ABCEEC10A10EE100A594951F8D2
:108E2000241088420DD22046FFF7C0FCDFED560A21
:108E300080EE801ABCEEC10A10EE100A514941F8CA
:108E400024002046FFF7B2FC4E4850F8240000EE04
:108E5000900AF8EE600A20EE200ABCEEC00A10EE7E
:108E6000100A4A4941F82400084650F824004FF0FF
:108E7000FF31B1FBF0F0464941F82400601CC4B258
:108E8000052CC0DB4FF4FA704249086008460068C0
:108E900042F21071884202D908463E4908604FF4F8
:108EA000FA703D4908600846006842F21071884235
:108EB00002D908463849086010203849088048809F
:108EC000B2EE040A364880ED000AB2EE040A80EDE4
:108ED000010AB2EE040A80ED020AB3EE0E0A80ED3A
:108EE000030AB3EE0E0A80ED040A9FED2E8ADFED31
:108EF0002E8A9FED2E0A2E4880ED000AB0EE000A61
:108F00002C4880ED000A04202B49086008460068C0
:108F1000402801DD002008600120284908704870C1
:108F2000274890ED260A274880ED000A244890ED56
:108F3000320A244880ED010A0120234908700846BE
:108F4000007848707F20214908700020204908706F
:108F5000B7EE000A1F4880ED000A1F480078F0EEC7
:108F6000680AB0EE480AFEF713F9FFF7C9F8BDEC3E
:108F7000068B70BD5E040020000000000000F03F82
:108F8000A85D0020C8150020F0FF7F49F0150020E3
:108F900054160020EC020020F0020020680200209D
:108FA000DC15002096430B3CBC74133C0AD7A33C51
:108FB00018030020F8020020FC0200206C020020B0
:108FC000A45C002070020020610400205F040020E7
:108FD00054040020580400206404002010B5FA480E
:108FE0000078842800D200E0F5E3810079444968E4
:108FF0008F44000010020000120200006402000012
:10900000CC02000030030000000400000204000055
:1090100004040000820400008A040000920400009E
:10902000B6040000C40400004E0500005605000010
:109030007A05000088050000B00B000094050000D0
:109040001806000020060000280600004C0600005C
:109050005A060000E4060000EC06000010070000BD
:109060001E070000B00B00002A070000AE0700003A
:10907000B6070000BE0700001C0800002A08000018
:10908000B4080000BC080000E0080000EE08000082
:10909000B00B0000FA0800007E09000086090000FD
:1090A0008E090000B2090000C00900004A0A000051
:1090B000520A0000760A0000840A0000B00B00008B
:1090C000B00B0000B00B0000B00B0000B00B0000B4
:1090D000B00B0000B00B0000B00B0000B00B0000A4
:1090E000B00B0000B00B0000B00B0000B00B000094
:1090F000B00B0000B00B0000B00B0000B00B000084
:10910000B00B0000B00B0000B00B0000B00B000073
:10911000B00B0000B00B0000B00B0000B00B000063
:10912000B00B0000B00B0000B00B0000B00B000053
:10913000B00B0000B00B0000B00B0000B00B000043
:10914000B00B0000B00B0000B00B0000B00B000033
:10915000B00B0000B00B0000B00B0000B00B000023
:10916000B00B0000B00B0000B00B0000B00B000013
:10917000B00B0000B00B0000B00B0000B00B000003
:10918000B00B0000B00B0000900A0000980A00002D
:10919000A00A0000A80A0000B00A0000B80A0000F7
:1091A000C00A0000C80A0000D00A0000D20A00006D
:1091B000D40A0000D60A0000D80A0000E00A000025
:1091C000E80A0000F00A0000F80A0000000B0000A6
:1091D000080B0000100B0000180B00001A0B000019
:1091E0001C0B00001E0B0000200B0000BA03000047
:1091F000F8030000220B0000320B0000AC0B000053
:10920000AE0B000001E24FF400717048F8F7AFFBBD
:1092100080B940216E48F8F7B3FB00206D49087013
:109220006D49086002206849087002216748F8F714
:10923000A7FB10E040216648F8F7A4FB0120654930
:10924000087000206449086003205F49087002210B
:109250005E48F8F795FBD5E76048007818BB802199
:109260005B48F8F78DFB01205C4908705A4800689C
:10927000B0F5805F23DB0020574908604FF4007190
:109280005248F8F774FB18B97E204F49087016E071
:1092900040214F48F8F776FB01204E490870032023
:1092A000494908700BE080214948F8F76BFB002022
:1092B0004A49087048480068401C47490860A1E7CF
:1092C0004648007808BB80214148F8F759FB012047
:1092D0004249087040480068B0F5804F05DA4FF405
:1092E00000713A48F8F743FBD8B93B480068B0F53D
:1092F000804F03DB7E203449087002E004203249AD
:1093000008700020344908600BE080213048F8F7ED
:1093100039FB0020314908702F480068401C2E4955
:1093200008606FE700202E49086002212748F8F7FF
:1093300029FB0020284908602A48007801280AD122
:1093400002212248F8F71EFB7F201F4908700020E9
:10935000244908702AE024480078052824D2DFE850
:1093600000F003070E151C000C20174908701CE0C4
:1093700000201D49087007201349087015E00020DF
:10938000194908701220104908700EE00020164993
:1093900008701D200C49087007E000201249087071
:1093A00028200949087000E000BF00BFFBE302214C
:1093B0000648F8F7E7FA40210448F8F7E3FA2021D5
:1093C0000248F8F7DDFAEEE3B0010020000C01409E
:1093D000000801401A020020E0010020E401002002
:1093E000E8010020980000201B0200200020FA491C
:1093F0000870D8E3D7E3D6E30221F848F8F7C0FABB
:10940000F748006838B90221F448F8F7BBFA082099
:10941000F44908702EE0F448007838B98021F34808
:10942000F8F7AEFA0120F049087023E08021EF48F8
:10943000F8F7A8FA0020EC490870E948006800280D
:109440000CDA4021E948F8F79DFA0120E849087054
:10945000E3480068401CE24908600BE04021E34813
:10946000F8F78EFA0020E2490870DD480068401ED7
:10947000DB49086097E30920DA49087093E3052087
:10948000D84908708FE30020DA490860DA48D0ED47
:10949000000ADA4890ED000AFCF778FF0020D8496E
:1094A00008700B20CF4908707DE3FCF74BFF10B923
:1094B0000D20CC49087076E30221C848F8F760FA1D
:1094C000C7480068B0F5006F0AD10221C348F8F719
:1094D00059FA0020CB4908600D20C24908702FE0DE
:1094E000C148007838B98021C048F8F749FA01200E
:1094F000BD49087024E08021BC48F8F743FA0020F9
:10950000B9490870B6480068B0F5006F0CDA402120
:10951000B648F8F737FA0120B5490870B048006836
:10952000401CAF4908600BE04021B048F8F728FA2A
:109530000020AF490870AA480068401EA84908608A
:1095400031E30520A74908702DE30020A9490860F0
:10955000AD48D0ED000AAD4890ED000AFCF716FFCB
:109560000020A84908600F209E4908701BE3FCF703
:10957000E9FE10B910209B49087014E3FCF7BCFB0E
:109580000520984908700EE302219448F8F7F8F98D
:1095900093480068B0F5805F07D102218F48F8F743
:1095A000F1F913208F4908702FE08F48007838B9FF
:1095B00080218E48F8F7E4F901208B49087024E0F7
:1095C00080218A48F8F7DEF900208749087084482E
:1095D0000068B0F5805F0CDA40218448F8F7D2F9D2
:1095E0000120834908707E480068401C7C4908605F
:1095F0000BE040217D48F8F7C3F900207C49087052
:1096000077480068401E76490860CCE2142075490E
:109610000870C8E2052073490870C4E2002075494B
:1096200048607548D0ED000A744890ED000AFCF7D8
:10963000ADFE00207249087016206A490870B2E237
:10964000FCF780FE10B9182066490870ABE20221D1
:109650006248F8F795F962480068B0F5C05F0AD132
:1096600002215E48F8F78EF900206649086018204C
:109670005C4908702FE05C48007838B980215B486D
:10968000F8F77EF901205849087024E080215748F6
:10969000F8F778F900205449087051480068B0F58F
:1096A000C05F0CDA40215148F8F76CF901205049AD
:1096B00008704B480068401C494908600BE0402195
:1096C0004A48F8F75DF900204949087044480068A5
:1096D000401E4349086066E205204249087062E284
:1096E0000020444948604848D0ED000A474890EDC2
:1096F000000AFCF74BFE0020424908601A20394955
:10970000087050E2FCF71EFE10B91B2035490870A6
:1097100049E2FCF7F1FA05203249087043E20221E0
:109720002E48F8F72DF92E480068B0F5005F07D1F4
:1097300002212A48F8F726F91E202A4908702FE04E
:109740002948007838B980212848F8F719F901200C
:109750002549087024E080212448F8F713F90020F7
:10976000214908701E480068B0F5005F0CDA4021FE
:109770001E48F8F707F901201D49087018480068CD
:10978000401C174908600BE040211848F8F7F8F82A
:1097900000201749087012480068401E10490860F0
:1097A00001E21F200F490870FDE105200D490870F6
:1097B000F9E100200F4988600F48D0ED000A0F48FA
:1097C00090ED000AFCF7E2FD00200D490870212011
:1097D00004490870E7E1E5E198000020000C014031
:1097E000E0010020B0010020E40100200008014059
:1097F0001A0200202C150020EC000020E4000020BC
:1098000058010020E8010020E8000020E0000020CE
:10981000FCF798FD10B92320E4490870C3E1022148
:10982000E348F8F7ADF8E3480068B0F5205F0AD1E7
:109830000221DF48F8F7A6F80020DF49086023205E
:10984000DA4908702FE0DD48007838B98021DC481B
:10985000F8F796F80120D949087024E08021D8480B
:10986000F8F790F80020D5490870D2480068B0F5A4
:10987000205F0CDA4021D248F8F784F80120D14962
:109880000870CC480068401CCA4908600BE04021C1
:10989000CB48F8F775F80020CA490870C548006839
:1098A000401EC44908607EE10520C04908707AE185
:1098B0000020C5498860C548D0ED000AC44890ED35
:1098C000000AFCF763FD0020BB4908602520B7496A
:1098D000087068E1FCF736FD10B92620B34908701E
:1098E00061E1FCF709FA0520B04908705BE102214B
:1098F000AF48F8F745F8AF480068B0F5405F07D1CA
:109900000221AB48F8F73EF82920A84908702FE05B
:10991000AA48007838B98021A948F8F731F8012021
:10992000A649087024E08021A548F8F72BF800200C
:10993000A24908709F480068B0F5405F0CDA4021EA
:109940009F48F8F71FF801209E4908709948006861
:10995000401C984908600BE040219948F8F710F83E
:1099600000209849087093480068401E914908609B
:1099700019E12A208D49087015E105208B490870EE
:1099800011E100209049C8609248D0ED000A924849
:1099900090ED000AFCF7FAFC0020904908702C209A
:1099A00082490870FFE0FCF7CDFC10B92E207F49FA
:1099B0000870F8E002217E48F7F7E2FF7D48006872
:1099C000B0F5605F0AD102217948F7F7DBFF00208C
:1099D000794908602E20754908702FE07748007893
:1099E00038B980217648F7F7CBFF0120734908701A
:1099F00024E080217248F7F7C5FF00206F49087006
:109A00006C480068B0F5605F0CDA40216C48F7F7ED
:109A1000B9FF01206B49087066480068401C654921
:109A200008600BE040216648F7F7AAFF002065496F
:109A3000087060480068401E5E490860B3E0052079
:109A40005A490870AFE000205F49C8605F48D0ED18
:109A5000000A5F4890ED000AFCF798FC0020564988
:109A600008603020514908709DE0FCF76BFC10B98C
:109A700031204E49087096E0FCF73EF905204B492D
:109A8000087090E00120564908708CE0012054498C
:109A9000487088E001205249887084E001205049D4
:109AA000C87080E001204E4908707CE001204C49DC
:109AB000487078E001204A49887074E001204849E4
:109AC000C87070E06FE06EE06DE06CE0012044492A
:109AD000087068E001204249487064E00120404974
:109AE000887060E001203E49C8705CE001203C497C
:109AF000087058E001203A49487054E00120384984
:109B0000887050E001203649C8704CE04BE04AE0D4
:109B100049E048E047E002212548F7F731FF81207E
:109B2000224908703FE0234800682E4909688842AE
:109B300004D102211E48F7F725FF30E01F480078C6
:109B400038B980211E48F7F71BFF01201B49087018
:109B500025E080211A48F7F715FF00201749087003
:109B6000144800681F49096888420CDA40211448EB
:109B7000F7F708FF0120134908700E480068401CE1
:109B80000C4908600BE040210D48F7F7F9FE002072
:109B90000C49087007480068401E0649086002E04A
:109BA00001E000E000BF00BF10BD0000B0010020D8
:109BB000000C0140E0010020E8010020E401002049
:109BC000000801401A0200202C150020E8000020A7
:109BD000E0000020EC000020E400002058010020FC
:109BE000D5010020DC00002038B504460D4617489A
:109BF000844211D101210420F8F758F90420ADF86E
:109C0000000018208DF8030003208DF8020069463B
:109C10000F48F7F721FE13E00E48844210D10121CE
:109C20001020F8F743F91020ADF8000018208DF847
:109C3000030003208DF8020069460748F7F70CFE81
:109C40002946204600F00AF838BD000000440040D4
:109C500000080140005401400010014070B5064664
:109C60000C460025072205212846FCF723FC054663
:109C7000072200212846FCF71DFC054604F07F0161
:109C800007222846FCF716FC054640213046F8F727
:109C9000CBFE05213046F8F7A0FF00BF402130463B
:109CA000F8F705FF0028F9D000213046F8F795FFB6
:109CB00000BF40213046F8F7FAFE0028F9D004F042
:109CC0007F013046F8F789FF00BF40213046F8F7A2
:109CD000EEFE0028F9D029463046F8F77EFF00BF97
:109CE00040213046F8F7E3FE0028F9D070BD2DE999
:109CF000F04107460D46144600260722052130464E
:109D0000FCF7D8FB0646072200213046FCF7D2FBC1
:109D1000064645F0800107223046FCF7CBFB06469D
:109D2000210E07223046FCF7C5FB06460722C4F386
:109D300007413046FCF7BEFB06460722C4F3072165
:109D40003046FCF7B7FB0646E1B207223046FCF787
:109D5000B1FB064640213846F8F766FE0521384635
:109D6000F8F73BFF00BF40213846F8F7A0FE002877
:109D7000F9D000213846F8F730FF00BF40213846BF
:109D8000F8F795FE0028F9D045F080013846F8F73D
:109D900024FF00BF40213846F8F789FE0028F9D09B
:109DA0004FF6FF7000EA24613846F8F716FF00BF4F
:109DB00040213846F8F77BFE0028F9D04FF6FF70B7
:109DC00000EA24413846F8F708FF00BF4021384632
:109DD000F8F76DFE0028F9D0C4F30F213846F8F7E4
:109DE000FCFE00BF40213846F8F761FE0028F9D09C
:109DF000E1B23846F8F7F1FE00BF40213846F8F7E7
:109E000056FE0028F9D031463846F8F7E6FE00BF86
:109E100040213846F8F74BFE0028F9D0BDE8F08124
:109E200010B504460E48007800B110BD4FF4006133
:109E30000C48F7F7A7FD22460BA10C48FAF758FB90
:109E40000A48F6F7F3F90A49086008460068C1B203
:109E50000648FBF793FE00200549086000BFE4E7D1
:109E6000060100200008014025730000C8110020F1
:109E70002401002000000000010203040102030489
:109E80000607080901020406080A0C1020202020F9
:109E900020202020010002000400060008000A0023
:109EA0000C001000200040008000000100010001B3
:109EB00000010001004040404040404040404141DE
:109EC000414141404040404040404040404040408F
:109ED0004040404040050202020202020202020229
:109EE0000202020202202020202020202020200226
:109EF00002020202020290909090909010101010B6
:109F00001010101010101010101010101010101051
:109F100002020202020288888888888808080808E5
:109F200008080808080808080808080808080808B1
:109F30000202020240000000B59E010846313320B3
:109F40006F6B2E204646535F73746174653A20250B
:109F5000642073696C6B5F73746174653A20256467
:109F6000206368616E3A202564206666735F6368CB
:109F7000616E6E656C735F696E736572743A2025ED
:109F800064207374616C6C5F73746174653A20252E
:109F900064206A696E73695F47434F4E463A2025D5
:109FA00030327825303278253032782530327820BA
:109FB0007169656875616E5F47434F4E463A20256B
:109FC0003032782530327825303278253032780DAD
:109FD0000A000000F49F0108000000209004000027
:109FE000440F0108A0A001089004002008700000A0
:109FF0001049010841230F2F23781B031620CB02A1
:10A00000440212656201A3803F03207A44023CFFB0
:10A01000C2081A166C290481598F910253031A0140
:10A0200001011A8ECDCC4C3E55EA3901C93F0917C2
:10A030000D09116112590C198F011E6E0162C9BD03
:10A04000011E0A1563040923685901012002230136
:10A0500009222481ED75637C1404233075290423BF
:10A0600058024B800C04513C0801405C1908191B34
:10A070003908021420099E28011F1ABC3D1A5E49A6
:10A080001A58083CA08601046123803F12012A1F50
:10A090000501176DFFFFFF3F0411444495080000C0
:040000050801019954
:00000001FF
