:020000040801F1
:1000000098740020AD0101084F1D0108451B01082F
:10001000251D0108E91101081D2D0108000000003F
:1000200000000000000000000000000005200108A2
:100030004D14010800000000C3010108B3210108AC
:10004000C7010108C7010108C7010108C70101086C
:10005000C7010108C7010108C7010108C70101085C
:10006000C7010108C7010108C7010108C70101084C
:10007000C7010108C7010108ED110108C701010806
:10008000C7010108C7010108C7010108C70101082C
:10009000C7010108C7010108C7010108C70101081C
:1000A000C7010108C7010108C7010108C70101080C
:1000B000C7010108C7010108C7010108C7010108FC
:1000C000C7010108C7010108C7010108C7010108EC
:1000D000C701010825280108A9280108FD290108F0
:1000E00051140108C7010108C7010108C70101082F
:1000F000C7010108C7010108C7010108C7010108BC
:10010000C7010108C7010108D9240108C701010876
:10011000C7010108C7010108F9240108C701010846
:10012000C7010108C7010108C7010108C70101088B
:10013000C7010108C7010108C7010108C70101087B
:10014000C7010108C7010108C7010108C70101086B
:10015000C7010108C7010108C7010108C70101085B
:10016000C7010108C7010108C7010108D12601081C
:10017000C7010108C7010108C7010108C70101083B
:10018000C7010108C7010108C7010108C70101082B
:10019000C7010108C7010108DFF80CD000F0E4FC3A
:1001A00000480047A15E0108987400200648804777
:1001B00006480047FEE7FEE7FEE7FEE7FEE7FEE74C
:1001C000FEE7FEE7FEE7FEE72924010899010108A2
:1001D00040EA01039B0703D009E008C9121F08C0C9
:1001E000042AFAD203E011F8013B00F8013B521E49
:1001F000F9D27047D2B201E000F8012B491EFBD2C0
:1002000070470022F6E710B513460A460446194621
:10021000FFF7F0FF204610BDCAB2401E10F8011FC4
:100220008A4202D00029F9D100207047421C10F800
:10023000011B0029FBD1801A70472DE9FE4F804633
:1002400081EA0300C00F0C46009021F0004123F02A
:100250000045B8EB0200A94105D240462146904630
:100260001C460B46024623F00040104347D0270DA2
:10027000C7F30A00C3F30A510290401A01904028C4
:100280006BDAC3F3130040F4801B0098924620B150
:100290000023D2EB030A63EB0B0B01985946C0F124
:1002A0004002504600F03DFA06460D46504659467B
:1002B000019A00F055FA10EB08006141002487EA2A
:1002C000115284EAE7731A4340D0009A62B3019A4C
:1002D000012A4FEA075215DC001B61EB02014FF0C7
:1002E000004202EA0752CDE90042001C41F58011AC
:1002F00032462B4600F0E8FA03B0BDE8F08F4046E6
:100300002146F9E7001B61EB0201001C41F5801357
:1003100000185B412018A2F5001747EB030140EAE3
:10032000D570B6196D4111E06D084FEA360645EA01
:10033000C0754FEA0752001B61EB0201001C41F53A
:10034000801149084FEA30000019514132462B46CE
:1003500003B0BDE8F04F00F0A8BA009801224000B9
:100360000023D0EB020263EBE073009821464FEAD2
:10037000E074B8EB000061EB0401E9E783F00043AF
:100380005BE781F0004158E72DE9FE4F81EA030465
:1003900004F0004421F0004100944FF0000B23F0E2
:1003A000004350EA01045ED052EA03045BD0C3F379
:1003B0000A54C1F30A552C44A4F2F3340194A0FB6F
:1003C0000254C1F3130141F48011C3F3130343F446
:1003D000801301FB024400FB034E840A970A44EA9F
:1003E000815447EA8357A4FB076802958D0A05FBF1
:1003F00007854FEA932C04FB0C542705029D4FEA16
:10040000065847EA1637B5EB08056EEB070C870E62
:10041000920E47EA811742EA8312A7FB0201B6EB6C
:100420000B0164EB00042B0D43EA0C335E1844EB24
:100430001C50DA465146E7FB0201C5F313044FEAAC
:100440000B3343EA14534FEA0432019C43EA060398
:10045000A4F10C040294009CCDE900B400F034FA3D
:1004600003B0BDE8F08F00200146F9E72DE9F04D1B
:1004700081EA030404F0004B21F0004514464FF0DC
:10048000000A23F0004150EA050220D054EA01029C
:100490001DD0C5F30A570246C5F31303C1F3130079
:1004A000C1F30A5640F4801543F48013A7EB060805
:1004B000101BD64608F2FD3873EB050002D308F195
:1004C000010801E092185B41B8F1000F03DA002047
:1004D0000146BDE8F08D00204FF4801106468446A9
:1004E0000EE0171B73EB050705D3121B63EB050327
:1004F00006434CEA010C49084FEA300092185B4170
:1005000050EA0107EDD152EA030012D082EA04005A
:1005100083EA0501084305D0101BAB4106D2012236
:10052000002306E000224FF0004302E06FF00102DA
:1005300053101AEB06004CEB085110EB0A0041EB8C
:100540000B01BDE8F04D00F0B0B90EB540F23341FB
:1005500002910021CDE900110A460B4600F0B4F9E2
:1005600003B000BD70B5C1F30A5201F0004500248C
:10057000C1F3130140F2FF3341F480119A4201DAD2
:10058000002070BD40F233439A42A2F2334203DCB2
:10059000524200F0D5F800E090402C43F1D04042A8
:1005A00070BDC1F30A5210B5C1F3130140F2FF331D
:1005B00041F480119A4201DA002010BD40F2334329
:1005C0009A42A2F2334203DC524200F0B9F810BD65
:1005D000904010BD00F0004230F000400AD0C10D44
:1005E00001F56071C0F3160042EA0151C2084007EC
:1005F00011437047002001467047000030B5041ECB
:1006000071F1000404DB4FF00044404264EB01014F
:10061000141E73F1000405DB1C464FF000435242E8
:1006200063EB04038B4208BF824230BD30B5041E29
:1006300071F1000404DB4FF00044404264EB01011F
:10064000141E73F1000405DB1C464FF000435242B8
:1006500063EB0403994208BF904230BD01F00043B0
:1006600030B421F0004150EA010206D00A0DA2F593
:100670006072C1F31301002A02DC30BC0020704715
:10068000440F44EAC104C100E01830BC00EBC25082
:1006900000F0D4B830B50B460146002020220124DA
:1006A00009E021FA02F59D4205D303FA02F5491B40
:1006B00004FA02F52844151EA2F10102F1DC30BD56
:1006C0002DE9F05F0546002092469B468846064687
:1006D000814640241BE0284641464746224600F01A
:1006E0002FF853465A46C01A914110D31146184666
:1006F000224600F016F82D1A67EB01084F462246F5
:100700000120002100F00DF817EB00094E41201EDA
:10071000A4F10104DFDC484631462A464346BDE8E1
:10072000F09F202A04DB203A00FA02F100207047F3
:100730009140C2F1200320FA03F31943904070471F
:10074000202A04DB203A21FA02F00021704721FA26
:1007500002F3D040C2F1200291400843194670478D
:10076000202A06DBCB17203A41FA02F043EAE07375
:1007700006E041FA02F3D040C2F120029140084362
:100780001946704700487047689F010810B5044635
:10079000FFF7F8FF0068005D00F0010010BD0000E9
:1007A0000FB4002300B589B00CA900910B996FF02C
:1007B0000042CB601E4B06931E4B07930423CDE9EA
:1007C00001321D4A089202466B46002000F072FA80
:1007D00009B05DF814FB70B586B006464FF0FF30E7
:1007E0000091CDE90101002015460C4604903246E7
:1007F000694604A8FFF7D4FF02460498211825B1E2
:1008000008B1084600E020462860049800280DD072
:10081000002A02DD0098884208D0081B0094CDE928
:1008200001043246694604A8FFF7BAFF06B070BD5E
:10083000ED0E01080B0F01088D0701080029A8BF64
:100840007047401C490008BF20F00100704710B4F9
:10085000B0FA80FC00FA0CF050EA010404BF10BCAE
:10086000704749B1CCF1200421FA04F411FA0CF1DB
:1008700018BF012121430843A3EB0C01CB1D4FEA14
:1008800000614FEA102042BF002010BC704700EB0F
:10089000C35010440029A4BF10BC7047401C49003D
:1008A00008BF20F0010010BC704710B5141E73F192
:1008B000000408DA401C41F1000192185B411A4320
:1008C00001D120F0010010BD2DE9F04D92469B466C
:1008D00011B1B1FA81F202E0B0FA80F22032904612
:1008E000FFF71FFF04460F4640EA0A0041EA0B01EA
:1008F00053465A46084313D0114653EA010019D013
:10090000C8F140025046FFF71BFF05460E46504611
:1009100059464246FFF705FF084305D0012004E091
:1009200020463946BDE8F08D0020054346EAE076D2
:100930002C4337430A986305E40AA0EB0800002221
:10094000FD0A44EA47540A3002D500200146E9E78F
:10095000010510196941DDE9084500196941BDE843
:10096000F04DA2E72DE9F04D00231A461B1A8A41EB
:1009700003DB00200146BDE8F08DC1F30A52C1F34C
:10098000130141F480154FF0000BD10702D100187C
:100990006D41521E0027044640F2FF11384601EB1C
:1009A000620A3E468046024600204FF48011FFF75F
:1009B000C7FEC2197141BB1846EB0100B4EB030C32
:1009C00075EB000C04D3E41A65EB000517460E46E0
:1009D000241908F101006D4180463428E3DDF9193E
:1009E00046EB0600091BA84103D24FF0FF32134625
:1009F00001E0002213461BEB070046EB0A51BDE85D
:100A0000F04DFFF752BF00002DE9F041054621F0FF
:100A100000400C46284309D0C4F30A5040F2334149
:100A2000884205DD28462146BDE8F0812846FBE7DF
:100A300040F2FE31884210DC0CDB4FEA043040EA21
:100A4000155050EA053105D0104804F0004101432B
:100A50000020E9E700200146E6E7A0F233404642E5
:100A6000C6F1400228462146FFF75BFE074688464E
:100A7000284621463246FFF763FE43463A46FFF7D3
:100A800014FF3246BDE8F041FFF74BBE0000F03FD7
:100A9000C1F30A52C1F3130140F2FF3341F4801154
:100AA0009A4202DA00200146704740F233439A42EC
:100AB000A2F2334202DC5242FFF742BEFFF731BEE0
:100AC0002DE9F047C1F30A5401F00048054600271C
:100AD000C1F3130140F2FF3041F4801684421ADA68
:100AE000B4F57F7F00DC841EA4F213446242924678
:100AF00028463146FFF724FE04465246FFF711FE12
:100B000045404E40354301D0012000E0002044EA3A
:100B1000000100201BE040F2334084421ADCA4F2C2
:100B2000F33228463146FFF7FCFD0A467840514033
:100B3000084301D0012000E0002040EA020AA4F2AC
:100B40003344624228463146FFF7FAFD5146FFF72B
:100B500075FE03E0A4F2334405FA04F057EA0807EF
:100B600000D04042BDE8F087064C074D06E0E06843
:100B700040F0010394E8070098471034AC42F6D3E4
:100B8000FFF70EFB04A0010824A001082DE9FF4F88
:100B9000087883B09946FF2805D0491C2D2804D039
:100BA0000024002008E000200BE00124F9E700EB1E
:100BB000800003EB4000491C0B78FF2BF7D104B1F8
:100BC000404200230293147819461D462D2C01D073
:100BD0002B2C04D1521C2D2C13D000240294AA4695
:100BE0001478FF2C0FD00A25A3FB057801FB0581A3
:100BF0004FF0000C03FB0C11521CE3194AEB0101EE
:100C0000EEE70124EAE7814453EA010002D019F536
:100C1000C87F06DA03980021C0E9001107B0BDE8DB
:100C2000F08F0025AE4E2F46DFF8B882184600F050
:100C30007DF9CDE90001B9F1000002DAC9F1000443
:100C400000E004460023A74A1AEB030B42EB045AC8
:100C500012E0E00707D02A46334638464146FFF700
:100C600093FB074688462A46334610461946FFF747
:100C70008BFB05460E466410002CEAD1DDE900012D
:100C8000B9F1000F5A46534606DAFFF7EFFB3A4632
:100C90004346FFF7EBFB05E0FFF776FB3A4643469A
:100CA000FFF772FB029A0AB181F00041039AC2E990
:100CB0000001B3E72DE9FF4F1F468DB0D7E901468C
:100CC0004FF0FF382E2045464FF000090B90B969D0
:100CD0006D1C0E988847396A824688470028F6D1ED
:100CE000BAF1FF3F0AD024F4D064002E11DDBAF12E
:100CF0002B0F08D0BAF12D0F0BD102E0404611B0F6
:100D00008DE744F48064B9696D1C0E98884782466B
:100D1000761E6946600501D52D2000E02B208DF858
:100D2000000001F1010B0DF1200809E0B9696D1C0B
:100D30000E98884782460F9844F40074761E05602A
:100D4000002E02DDBAF1300FF0D00B998A453ED16A
:100D500044F0800406E00F99681CA9F1010944F4ED
:100D600000740860B9696D1C761E0E98884782462B
:100D70003028F0D02BE00B998A4505D1200603D40A
:100D800044F08004761E18E0504603F0E7FE08B3F6
:100D90000DF11301761E44F400748B4508D2AAF1BC
:100DA00030000BF8010B200607D5A9F1010003E084
:100DB000200602D409F101008146A00502D50F9951
:100DC000681C0860B9696D1C0E9888478246002E21
:100DD000D1DC53E0002E51DDBAF1650F02D0BAF13B
:100DE000450F4BD1A00549D5B9696D1C24F4407459
:100DF000761E0E9888478246002E0CDD2B2804D0E4
:100E0000BAF12D0F07D144F48074B9696D1C0E98A6
:100E100088478246761EE00501D52D2100E02B2172
:100E200008F8011BCDF82C8021E00DF12901761E78
:100E300044F4007488450CD2AAF1300010F0FF0091
:100E400088F8000002D10B99884509D908F10108FA
:100E500006E0E00501D5244801E042F20F7081462A
:100E6000B9696D1C0E98884782460F980560002E60
:100E700004DD504603F072FE0028D6D1F9690E98C1
:100E80008847FF208BF8000088F8000000200690BB
:100E900007904B466A4608A906A8FFF777FEA0050B
:100EA00002D46FF001002AE714F0240F0AD0E00703
:100EB00014D1DDE906123868031D3B600068C0E903
:100EC00000120BE0DDE90601FFF7C8FB0146E00771
:100ED00004D13868021D3A600068016028460EE7B8
:100EE000000014400000F03FF1D8FFFF426842B11B
:100EF000016811F8013B23B1521EC0E900121846E7
:100F000070470121C160881E704742685AB1C368AA
:100F1000016843B983688B4205D0491E521CC0E961
:100F20000012002070474FF0FF3070470EB540F2BE
:100F3000334202920022CDE900221346FFF7C4FC9F
:100F400003B000BD70B58C1810F8015B15F00703F5
:100F500001D110F8013B2A1106D110F8012B03E052
:100F600010F8016B01F8016B5B1EF9D12B0705D45A
:100F70000023521E0DD401F8013BFAE710F8013BA3
:100F8000CB1A921C03E013F8015B01F8015B521EBF
:100F9000F9D5A142D8D3002070BD02688A4302600F
:100FA000704770B505460C4645B900214FF4807076
:100FB00000F04AFF204600F03BFF06E001212046FA
:100FC00000F042FF002000F033FF70BDF0B5044692
:100FD000154600200022122905D1E06D20F00700FF
:100FE0001843E06520E0092911DDE068A1F10A0657
:100FF00006EB4607072606FA07F29043A1F10A0618
:1010000006EB460603FA06F21043E0600CE02069A6
:1010100001EB4107072606FA07F2904301EB410670
:1010200003FA06F210432061072D0FDA606B6E1E83
:1010300006EB86071F2606FA07F290436E1E06EBA4
:10104000860601FA06F21043606322E00D2D0FDAE6
:10105000206BEE1F06EB86071F2606FA07F2904369
:10106000EE1F06EB860601FA06F21043206310E03D
:10107000E06AA5F10D0606EB86071F2606FA07F2C1
:101080009043A5F10D0606EB860601FA06F2104321
:10109000E062F0BD21B1826842F00102826003E0AB
:1010A000826822F001028260704721B1826842F4B6
:1010B000A002826003E0826822F4A002826070478E
:1010C000014600208A6802F004020AB1012000E013
:1010D000002070470146C86C80B2704770B5044666
:1010E0000D460723012229462046FFF76FFF012105
:1010F0002046FFF7DAFF00BF0221204600F010F87B
:101100000028F9D002212046FFF747FF1021204692
:10111000FFF743FF2046FFF7DDFF0646304670BD70
:101120000246002013680B400BB1012000E00020B4
:10113000704702460020936D0B400BB1012000E088
:101140000020704730B502460020002350680F4C45
:1011500020400D790C6844EA0524204350609068D3
:101160000B4C2040D1E902542C434D7944EA45040C
:1011700020439060D06A20F470000C7C641EE4B2BE
:10118000234340EA0350D06230BD0000FFFEF0FF71
:10119000FDF7F1FF816841F00401816070470000B4
:1011A00010B500244FF4E06000F02AFE03F07CF854
:1011B00006F0BEFC00F03AFC03F014F901F012FD59
:1011C000064800F001FD064800F0FEFC00F0BCFC03
:1011D00000200449086004F043FE10BD00440040B4
:1011E000005401400001002000BFFEE710B509498E
:1011F0004FF4005000F014F800210648443000F08D
:10120000F5F80020044908704FF40061034800F02D
:10121000B7FB10BD0000024006010020000801409D
:10122000486070471AB103680B43036002E003682B
:101230008B4303607047000001684FF6FE72114057
:1012400001600021016041608160C16065498842A0
:1012500008D164490839496841F00F01614A083AE8
:101260005160BEE05F491431884208D15D490839B8
:10127000496841F0F0015B4A083A5160B1E05949D0
:101280002831884208D157490839496841F47061CA
:10129000544A083A5160A4E052493C31884208D18E
:1012A00050490839496841F470414E4A083A516042
:1012B00097E04C495031884208D14A490839496879
:1012C00041F47021474A083A51608AE04549643147
:1012D000884208D143490839496841F47001414ABC
:1012E000083A51607DE03F497831884208D13D4954
:1012F0000839496841F070613A4A083A516070E033
:1013000038498C31884208D136490839496841F05A
:101310007041344A083A516063E03349884206D14B
:10132000011F096841F00F01021F116059E02E49A9
:101330001431884208D12C49091F096841F0F00195
:10134000294A121F11604CE027492831884208D1F0
:101350002549091F096841F47061234A121F116071
:101360003FE021493C31884208D11F49091F0968E3
:1013700041F470411C4A121F116032E01A49503189
:10138000884208D11849091F096841F47021164A9A
:10139000121F116025E014496431884208D11249B6
:1013A000091F096841F470010F4A121F116018E00B
:1013B0000D497831884208D10B49091F096841F06D
:1013C0007061094A121F11600BE007498C31884295
:1013D00007D10549091F096841F07041024A121FEF
:1013E00011607047080002400804024021B1026801
:1013F00042F00102026004E002684FF6FE731A40F8
:10140000026070470146486880B2704710B50022FC
:10141000026847F6F0739A430C6A8B6823430C69A1
:1014200023434C6923438C692343CC6923434C6A8F
:1014300023438C6A23431A430260CB6843600B68E2
:1014400083604B68C36010BD416070477047000007
:1014500010B54FF4006000F011F830B14FF40060A7
:1014600000F006F801200149087010BDFC000020C2
:101470000149086070470000140401400146002043
:101480000022074B1B6803EA0102054B14331B685B
:101490000B4013B10AB1012000E0002070470000AA
:1014A000000401400249C9680143014AD160704704
:1014B0000020024030B5044606257C20FFF7F2FFED
:1014C0004FF4302000F08CF80546062D17D10D485A
:1014D000006940F002000B49086108464461006958
:1014E00040F0400008614FF4302000F079F80546E4
:1014F0000448006943F6FD71084002490861284626
:1015000030BD00000020024006201249C96801F0E9
:10151000010109B101201CE00E49C96801F0040174
:1015200009B1032015E00B49C96801F0080109B1B0
:1015300004200EE00749C96801F0100109B1052037
:1015400007E00449C96801F0400109B1072000E043
:1015500006207047002002400348006940F08000E8
:1015600001490861704700000020024078B5044638
:101570000D4606260020009004F0030010B1092655
:10158000304678BD7C20FFF78DFF4FF4005000F00F
:1015900027F80646062E12D10A48006940F00100DD
:1015A0000849086125604FF4005000F019F806461C
:1015B0000448006943F6FE7108400249086130465C
:1015C000DFE700000020024002480349486003486A
:1015D000486070472301674500200240AB89EFCD8A
:1015E00000B502460623FFF78FFF034603E0FFF72F
:1015F0008BFF0346521E012B01D1002AF7D102B9FD
:101600000A23184600BD0000F0B50C460023002652
:1016100000220025002100F00047B7F1004F02D161
:101620008B4FFA6919E000F08047B7F1804F02D183
:10163000874F3A6A11E000F00057B7F1005F02D11E
:10164000834F7A6A09E000F08057B7F1805F02D1DA
:101650007F4FBA6A01E07E4F7A68C0F3034583B2D8
:101660007C4F0740B7F5401F0AD122F07062784FD7
:101670007F6827F07067DFF8D8C1CCF80470BDE050
:1016800000F48017B7F5801F13D100F40017B7F5E9
:10169000001F03D10327AF403E0402E0032707FAEF
:1016A00005F6B24300F0E047002FE8D142F0706247
:1016B000A4E000F08077B7F1807F47D100F0040705
:1016C000042F29D100F00077B7F1007F16D1C0F3C5
:1016D00040573F0103FA07F7BA433CB15C4F7968C2
:1016E00041F0010141F07061796087E0584F7968FD
:1016F00021F0010141F0706179607FE0C0F3405753
:101700003F0103FA07F7BA43514F796821F001010D
:1017100041F07061796071E043F00407C0F3405C10
:101720004FEA0C1C07FA0CF7BA433CB1484F7968F2
:1017300041F0010141F0706179605FE0444F7968E8
:1017400021F0010141F07061796057E000F080679D
:10175000B7F1806F47D100F00807082F29D100F0BA
:101760000077B7F1007F16D1C0F340573F0103FA6D
:1017700007F7BA433CB1364F796841F0080141F0B0
:10178000706179603AE0324F796821F0080141F0E8
:101790007061796032E0C0F340573F0103FA07F708
:1017A000BA432B4F796821F0080141F070617960EC
:1017B00024E043F00807C0F3405C4FEA0C1C07FA32
:1017C0000CF7BA433CB1224F796841F0080141F06F
:1017D0007061796012E01E4F796821F0080141F0D4
:1017E000706179600AE0C0F340573F0103FA07F7E0
:1017F000BA4300F0E0470FB942F070622CB1C0F379
:1018000040573F0103FA07F73A4300F00047B7F1AA
:10181000004F02D10E4FFA6119E000F08047B7F196
:10182000804F02D10A4F3A6211E000F00057B7F141
:10183000005F02D1064F7A6209E000F08057B7F1ED
:10184000805F02D1024FBA6201E0014F7A60F0BDC1
:1018500000000140000030702DE9F04102460025F3
:101860000026002000230024002791F803C00CF07C
:101870000F0591F803C00CF0100CBCF1000F03D061
:1018800091F802C04CEA050591F800C0BCF1000FC8
:1018900031D0146800202BE04FF0010C0CFA00F35B
:1018A000B1F800C00CEA03069E4220D183004FF03D
:1018B0000F0C0CFA03F7BC4305FA03FC4CEA0404D2
:1018C00091F803C0BCF1280F06D14FF0010C0CFABF
:1018D00000FCC2F814C00AE091F803C0BCF1480F44
:1018E00005D14FF0010C0CFA00FCC2F810C0401CEE
:1018F0000828D1D31460B1F800C0BCF1FF0F34DD6B
:10190000546800202EE000F1080C4FF0010808FA9E
:101910000CF3B1F800C00CEA03069E4221D183000B
:101920004FF00F0C0CFA03F7BC4305FA03FC4CEA2A
:10193000040491F803C0BCF1280F05D100F1080C94
:1019400008FA0CF8C2F8148091F803C0BCF1480FF3
:1019500007D100F1080C4FF0010808FA0CF8C2F8A2
:101960001080401C0828CED35460BDE8F0810246A8
:10197000002093680B400BB1012000E0002070476D
:10198000416170470161704770B505460C46A1B2D0
:10199000284600F09BFE284600F0D8FDA04203D95F
:1019A0000121284600F0D0FD70BD000008B50121DE
:1019B000042000F07BFA2020ADF8000010208DF804
:1019C000030003208DF8020069461748FFF744FF23
:1019D00020211548FFF7D6FF0121042000F066FA08
:1019E0000220ADF8000010208DF8030003208DF8D0
:1019F000020069460C48FFF72FFF02210A48FFF753
:101A0000BFFF0121042000F051FA0120ADF80000D1
:101A100010208DF8030003208DF80200694602486B
:101A2000FFF71AFF08BD00000008014000B587B0AD
:101A30000121182000F03AFA01214FF4604000F033
:101A400015FA07210020FFF7ACFA4FF460514FF46C
:101A5000003000F0DFF94FF47040ADF818000020BE
:101A60008DF81B0006A93248FFF7F6FE0F20ADF8EF
:101A7000180000208DF81B0006A92E48FFF7ECFE89
:101A8000002001908DF808008DF809004FF46020C7
:101A900003900020049001208DF8140001A926482D
:101AA000FFF750FB01A92548FFF74CFB01A924488B
:101AB000FFF748FB01212048FFF7ECFA00BF202187
:101AC0001D48FFF736FB0028F9D01B48FFF762FBE3
:101AD00000BF1948FFF7F4FA0028FAD1012117488E
:101AE000FFF7D8FA00BF20211448FFF722FB002897
:101AF000F9D01248FFF74EFB00BF1048FFF7E0FA9D
:101B00000028FAD101210E48FFF7C4FA00BF2021B6
:101B10000B48FFF70EFB0028F9D00948FFF73AFB06
:101B200000BF0748FFF7CCFA0028FAD107B000BD84
:101B3000000C014000100140000C0240001802405F
:101B4000001C024000BFFEE708B50121082000F09C
:101B5000ADF92020ADF8000010208DF8030003201F
:101B60008DF8020069460E48FFF776FE0121082035
:101B700000F09CF94020ADF8000010208DF8030023
:101B800003208DF8020069460548FFF765FE202115
:101B90000348FFF7F7FE40210148FFF7F1FE08BDBB
:101BA000000C014000B54FF48031C80200F002F88B
:101BB00000BD0000024A0A400243024B1A6070470F
:101BC00080FFFF1F08ED00E010B504461F48844267
:101BD00006D14FF4EE720021204608F0A0F808E08C
:101BE0001B48844205D14FF4EE720021204608F0D4
:101BF00096F81648844205D1164A1021204608F06E
:101C00008EF807E01248844204D1124A102120467F
:101C100008F085F880221121204608F080F80B4852
:101C2000844205D10C4A6C21204608F078F807E080
:101C30000748844204D1084A6C21204608F06FF816
:101C4000064A7021204608F06AF810BD00440040A2
:101C50000054014000090A00C38200154B170DC84B
:101C600010B504F027FC03F03BFF4FF4F06102488D
:101C7000FEF7C7FA10BD00009004002000203CE0F1
:101C80000021244A1154244A1154032801DB012263
:101C900000E0002200EB4001204B03EB011181F832
:101CA0002020002200EB400103EB01114A620122D7
:101CB00000EB400103EB011181F82120002200EB31
:101CC000400103EB011181F82220002100EB4002CA
:101CD00003EB02121176002200EB400103EB01112D
:101CE000CA6100EB400103EB01118A6200EB400185
:101CF00003EB0111CA62411CC8B20528C0DB0020F9
:101D000005E00021064A22F81010411CC8B2022842
:101D1000F7DB7047280400202D040020A45C00207D
:101D20003204002000BFFEE710B500F0DFF9FFF736
:101D30003DFE10BD30B50246A2FB01304FF4000558
:101D40005B1940F10000040244EA136030BD7047A3
:101D500008B532208DF8000000208DF80100042025
:101D60008DF8020001208DF80300684600F010F89D
:101D700036208DF8000000208DF8010005208DF838
:101D8000020001208DF80300684600F001F808BD4C
:101D900070B5002100230F22C47804B3154C2468C9
:101DA00004F4E064C4F5E064210AC1F10403CA400C
:101DB000447804FA03F184781440214309010E4C5D
:101DC0000678A155047804F01F050124AC4005787D
:101DD0006D11AD0005F1E025C5F8004109E004787A
:101DE00004F01F050124AC40044D0678761145F837
:101DF000264070BD0CED00E000E400E080E100E072
:101E000002490143024A1160704700000000FA05D0
:101E10000CED00E002460020044BD86A20F48060FC
:101E200020F4784010430843D86270470010024005
:101E300001460020034AD06A20F00F000843D06218
:101E4000704700000010024002460020064BD86A8E
:101E500020F4F87009B1104302E0104320F48070C0
:101E6000014BD862704700000010024029B1064AB9
:101E700052690243044B5A6104E0034A52698243A7
:101E8000014B5A61704700000010024029B1064A18
:101E9000D2690243044BDA6104E0034AD269824307
:101EA000014BDA61704700000010024029B1064A78
:101EB00092690243044B9A6104E0034A92698243A7
:101EC000014B9A617047000000100240F0B50021FC
:101ED00000BF002200250024384E7668384F06EAFD
:101EE0000702364E766806F4803502F000661EB9A9
:101EF000022606EB924204E04FF4F876C6EB9246D7
:101F0000721C1DB92F4E02FB06F30BE02B4E7668B8
:101F100006F400361EB12C4E02FB06F302E02B4EF7
:101F200002FB06F3254E766806F00C0121B1042968
:101F300005D0082908D105E0254E066007E0234EAC
:101F4000066004E0036002E0214E066000BF00BFAF
:101F50001A4E766806F0F00109091E4E745C066898
:101F6000E6404660154E766806F4E061090A194EAF
:101F7000745C4668E6408660104E766806F46051F0
:101F8000C90A144E745C4668E640C6600B4EF66A99
:101F900006F00F01104E745C4668B6FBF4F646611D
:101FA000064EF66A06F4F871090901F00F060B4FA8
:101FB00037F81640B3FBF4F60661F0BD001002409E
:101FC00000003C0800093D00808D5B00001BB7004D
:101FD00000127A00A49E0108B49E0108C49E010864
:101FE00070B504460D46FFF7EFFA3520FFF75AFAB1
:101FF0002046FFF75FFA29462046FFF7B7FAFFF7BA
:10200000ABFA70BD7047000010B50020002100221F
:10201000304B1B6843F480332E4C236000BF2D4BA4
:102020001B68C3F34041521C19B94FF6FF739A4223
:10203000F5D1284B1B68C3F3404119B9264B274CF7
:10204000236010BD264B1B6823F00303244C236040
:1020500023461B6843F0040323601E4B5B681D4C42
:10206000636023465B6843F40053636023465B6808
:1020700043F4A063636023465B681A4C2340154C0D
:1020800063602346586840F4803040F40030164BBB
:102090001843234658601B6843F08073236000BFD9
:1020A0000C4B1B6803F00073002BF9D0094B5B68E5
:1020B00023F00303074C636023465B6843F002038D
:1020C000636000BF034B5B6803F00C03082BF9D17E
:1020D00000BFB6E70010024000127A00880400201A
:1020E00000200240FFFFC0F700001C0808B50121D6
:1020F0000820FFF7DBFE4FF40070ADF80000482029
:102100008DF8030003208DF8020069462148FFF78F
:10211000A3FB01210820FFF7C9FE0220ADF8000053
:1021200010208DF8030003208DF80200694619483D
:10213000FFF792FB01210420FFF7B8FE8020ADF8E5
:10214000000010208DF8030003208DF8020069467E
:102150001148FFF781FB01210420FFF7A7FE402073
:10216000ADF8000010208DF8030003208DF8020068
:1021700069460948FFF770FB02210648FFF702FC99
:1021800080210548FFF7FCFB40210348FFF7F8FBDF
:1021900008BD0000000C014000080140042807D1E0
:1021A0004FF0E021096941F004014FF0E022116194
:1021B000704710B500F002F810BD0000924800789A
:1021C000312841DC914800888F490978904A22F8EB
:1021D00011008D480078114631F810000988401A26
:1021E000002807DD88480078114631F8100009887A
:1021F000401A07E08648008883490978844A32F803
:102200001110401A0F2812DB012082490870824801
:102210000068401C804908600846006810F1100FF3
:1022200001D30020086031207749087006E0764825
:102230000078312802D10020764908707248007871
:10224000401C7149087002E000206F4908706E4818
:102250004078312841DC6D4840886B4949786F4AA5
:1022600022F8110068484078114631F810000988BA
:10227000401A002807DD64484078114631F8100004
:102280000988401A07E0654800885F494978634A31
:1022900032F81110401A0F2812DB01205D494870F6
:1022A0005D484068401C5C4948600846406810F141
:1022B000100F01D30020486031205349487006E0D8
:1022C00051484078312802D10020524948704E4888
:1022D0004078401C4C49487002E000204A49487050
:1022E00049488078312841DC4848808846498978C7
:1022F0004B4A22F8110044488078114631F810000A
:102300000988401A002807DD3F488078114631F8D7
:1023100010000988401A07E0414800883A49897846
:102320003F4A32F81110401A0F2812DB01203949B8
:10233000887039488068401C374988600846806842
:1023400010F1100F01D30020886031202E498870D1
:1023500006E02D488078312802D100202D49887070
:1023600029488078401C2849887002E000202649CE
:1023700088702548C078312841DC2448C08822492B
:10238000C978284A22F811001F48C078114631F850
:1023900010000988401A002807DD1B48C078114644
:1023A00031F810000988401A07E01E4800881649D5
:1023B000C9781C4A32F81110401A0F2812DB01208C
:1023C0001449C8701448C068401C1349C8600846C6
:1023D000C06810F1100F01D30020C86031200A49F5
:1023E000C87006E00848C078312802D100200949A9
:1023F000C8700548C078401C0349C87002E000203E
:102400000149C870704700001C02002044010020F0
:102410009C130020D90100202C150020001400205E
:1024200064140020C814002010B52448006840F44B
:102430007000224908602248006840F001002049ED
:102440000860084640681F4908401D494860084622
:1024500000681D4908401A4908600846006820F4D1
:1024600080200860084640681849084014494860C0
:102470000020C86208634FF41F0088600846C069E6
:1024800040F08050C8611248C06840F00100104917
:10249000C8600B48C06920F080500949C8610D48E8
:1024A000006840F090000B490860FFF7ADFD4FF069
:1024B000006002498039086010BD000088ED00E02E
:1024C0000010024000C0FFF8FFFFF6FEFFFF00F71C
:1024D000007000400020024010B50121054800F0C6
:1024E00038F828B10121034800F016F803F05AFB30
:1024F00010BD0000000C004010B50121054800F09F
:1025000028F828B10121034800F006F806F07EFD06
:1025100010BD00000010004002698A43026170474C
:102520001AB183890B43838102E083898B438381C2
:10253000704721B1026842F00102026003E00268C4
:1025400022F0010202607047818270470146888C48
:10255000704730B50246002000230024156905EAC3
:102560000103958905EA010413B10CB1012000E0D3
:10257000002030BD0A46002101684D4B98420ED024
:102580004C4B98420BD0B0F1804F08D04A4B984248
:1025900005D04A4B984202D0494B984203D121F0D2
:1025A000700153881943474B984206D0464B9842D6
:1025B00003D021F44071D388194301609388838547
:1025C000138803853A4B984202D03A4B984201D186
:1025D000137A0386012383820168354B98420ED01B
:1025E000344B98420BD0B0F1804F08D0324B984218
:1025F00005D0324B984202D0314B984206D1537AE3
:1026000013B141F4006101E021F40061B0F1804FA9
:1026100008D0294B984205D0284B984202D0284B2D
:1026200098420DD1937A13B141F4805101E021F425
:102630008051D37A13B141F4005101E021F40051EB
:10264000B0F1804F05D01C4B984202D01B4B9842F2
:1026500006D1137B13B141F4804101E021F48041A4
:10266000134B98420BD0134B984208D0B0F1804FD7
:1026700005D0114B984202D0104B984206D1537BA3
:1026800013B141F4004101E021F4004101604168CF
:10269000B0F1804F02D0094B984206D1937B13B121
:1026A00041F4807101E021F48071416070470000C5
:1026B000002C0140003401400004004000080040AC
:1026C000000C00400010004000140040818570475D
:1026D00070B50025002440F22441484800F0F4F988
:1026E00000287DD000214648FEF780FE4448FEF7D2
:1026F00089FEC0F11400C5B2002D6FDDFF204149F5
:10270000887100BF05E04048005D3E490855601CE7
:10271000C4B2AC42F7DB3B488079A0B93948C079F4
:102720003A4908703748007A48703648407A8870CD
:102730003448807AC8700846C078DC284AD0012026
:102740003349087046E02F48807901280DD12D4883
:10275000C079304908702B48007A48702948407A7F
:1027600088702848807AC87034E0264880796C28C0
:102770000DD12448C079284908702248007A487051
:102780002048407A88701F48807AC87022E01D482F
:10279000807970280DD11B48C079204908701948EC
:1027A000007A48701748407A88701648807AC87056
:1027B00010E0144880796F280CD11248C07918496C
:1027C00008701048007A48700E48407A88700D48AA
:1027D000807AC87014210C48FDF713FD142100E025
:1027E0000BE00748FEF730FE044800880348001D50
:1027F000008801210248FEF7F9FD70BD0054014038
:102800006C04024078150020641500203802002076
:10281000600200203C020020400200204402002010
:102820003402002070B500250024002640F2244127
:10283000194800F049F968B300211848FEF7D6FDA1
:102840001648FEF7DFFDC0F1C800C5B2022D10DD4D
:1028500000BF07E01248065D3146124802F0A8F8B2
:10286000601CC4B2AC42F5DBC8210D48FDF7C9FCC1
:1028700003E0C8210A48FDF7C4FCC8210748FEF759
:10288000E3FD054800880448001D00880121034835
:10289000FEF7ACFD70BD000000380140580002405A
:1028A000A40E0020E45D002070B50025002440F255
:1028B0002441484800F008F900287DD0002146480E
:1028C000FEF794FD4448FEF79DFDC0F11400C5B22B
:1028D000002D6FDDFF204149887100BF05E04048B1
:1028E000005D3E490855601CC4B2AC42F7DB3B4872
:1028F0008079A0B93948C0793A4908703748007AD8
:1029000048703648407A88703448807AC8700846E3
:10291000C078DC284AD001203349087046E02F48AF
:10292000807901280DD12D48C079304908702B4895
:10293000007A48702948407A88702848807AC870A0
:1029400034E0264880796C280DD12448C079284984
:1029500008702248007A48702048407A88701F48E2
:10296000807AC87022E01D48807970280DD11B48FC
:10297000C079204908701948007A48701748407A91
:1029800088701648807AC87010E0144880796F28E3
:102990000CD11248C079184908701048007A487064
:1029A0000E48407A88700D48807AC87014210C480F
:1029B000FDF727FC142100E00BE00748FEF744FD7B
:1029C000044800880348001D008801210248FEF7E2
:1029D0000DFD70BD004400406C0002405015002009
:1029E0003C15002024020020600200202802002064
:1029F0002C020020300200202002002010B540F2FE
:102A00002551064800F060F838B1044800F0E0F8BD
:102A10000349087001200349087010BD00480040B8
:102A2000820100208301002001F40072B2F5007FD2
:102A300000D100BFCA4302807047F0B503460024AE
:102A400000260025002040F66A17B94200D100BFD9
:102A50001846C1F3421401F01F06012707FA06F5D4
:102A6000012C01D10C3004E0022C01D1103000E027
:102A700014301AB107682F43076002E00768AF43BC
:102A80000760F0BD21B1828942F40052828104E0E6
:102A900082894DF6FF731A40828170471AB1838A8A
:102AA0000B43838202E0838A8B4383827047024612
:102AB0000020B1F5007F00D100BF13880B400BB19F
:102AC000012000E00020704770B50246002400237A
:102AD0000025002040F66A16B14200D100BFC1F3C4
:102AE000421501F01F03012606FA03F3012D02D15E
:102AF0009689334006E0022D02D1168A334001E068
:102B0000968A33400C12012606FA04F416883440E3
:102B100013B10CB1012000E0002070BD2DE9F04799
:102B200086B005460F460024A24600BF00BF00261F
:102B3000B88900B100BF2E462C8A4CF6FF700440C5
:102B4000F88804432C82AC894EF6F3100440B88810
:102B500039890843798908430443AC81AC8A4FF62C
:102B6000FF400440B8890443AC826846FFF7AEF9E1
:102B70001448864205D01448864202D01348864243
:102B800002D1DDF80CA001E0DDF808A00AEBCA00D4
:102B900000EB0A1039688900B0FBF1F86420B8FB3B
:102BA000F0F004012009642101FB1089322000EBC0
:102BB0000910B0FBF1F000F00F0004432C8106B0C7
:102BC000BDE8F0870038014000500140005401404A
:102BD00001468888C0F308007047C1F3080282806C
:102BE0007047000010B592B0002401218804FFF75F
:102BF0005DF901211020FFF759F901210846FFF77F
:102C000055F91020ADF8440018208DF84700032036
:102C10008DF8460011A93D48FEF71EFE2020ADF8B4
:102C2000440048208DF8470011A93848FEF714FEEB
:102C30004FF416500D900020ADF83800ADF83A0072
:102C4000ADF83C00ADF840000C20ADF83E000DA9F9
:102C50002F48FFF763FF002240F226612C48FFF760
:102C6000ECFE002240F225512948FFF7E6FE002243
:102C700040F227712648FFF7E0FE012240F224418E
:102C80002348FFF7DAFE01212148FFF7FBFE402130
:102C90001F48FFF7C9FE4B208DF8300000208DF84B
:102CA000310004208DF8320001208DF833000CA88B
:102CB000FFF76EF801210220FFF7D8F81548FEF75C
:102CC000BBFA1348001D01901348029000200390A6
:102CD000142004900020059080200690002007908A
:102CE00008902020099000020A9000200B9001A972
:102CF0000848FEF78BFB012240210548FFF7CEFE76
:102D000001210448FEF772FB12B010BD0010014013
:102D1000005401406C0402406415002000BFFEE72F
:102D200000B58BB001210846FFF7A0F82A48FEF74E
:102D300083FA2A4800902A48019010200290C82067
:102D400003900020049080200590002006900790BA
:102D500008904FF40050099000200A9069461E48E0
:102D6000FEF754FB012202211B48FEF75BFA012209
:102D700080211A48001FFFF791FE00211648FEF738
:102D800035FB15481430FEF757FA144800901548E3
:102D9000019000200290C820039000200490802021
:102DA00005900020069007902020089000020990CE
:102DB00000200A90694608481430FEF727FB0122DC
:102DC00040210648001FFFF769FE01210248143028
:102DD000FEF70CFB0BB000BD44000240043801407C
:102DE000DC0D0020A40E002000B5B3B04621FC4845
:102DF000FDF712FA002801F0D7814621F848FDF7C7
:102E00000BFAF849086008460068F549401A401C6A
:102E100008440021079001F077FD8DED080B9DED32
:102E2000080B51EC100BFDF79DFB28287ED024DC0D
:102E3000A0F10A001E2881F0B581DFE810F04D00F6
:102E40000101B901DF0235034C03B309B309600383
:102E50006C0375037E03A003AB031604B309B30927
:102E6000B309B309B3097D04B309B309B309B309BD
:102E7000B309B309A604B309E105352800F0658755
:102E800011DCA0F129000C28D5D2DFE810F03B06B8
:102E90005606CC06D706F2068B098B098B098B09DF
:102EA0000D07280743073E2801F015810ADC362864
:102EB00000F066873C2800F07E873D2841F0728153
:102EC00001F0EEB83F2801F02181402801F039815E
:102ED0007028F3D101F050B94C21C148FDF79CF99D
:102EE000C04908600846006898B108460068BC49B7
:102EF000401A401C08440021079001F005FD8DEDAB
:102F0000080B9DED080B51EC100BFDF7A7FBB64924
:102F100008605321B248FDF77FF9B24908600846BE
:102F20000068A8B108460068AD4900E0F2E3401A25
:102F3000401C08440021079001F0E6FC8DED080BD1
:102F40009DED080B51EC100BFDF788FBA7490860BD
:102F50004321A348FDF760F9A249086008460068CC
:102F6000002863D0084600689D49401A401C084468
:102F70000021079001F0C8FC8DED080B9DED080BBA
:102F800051EC100BFDF7EEFA99490870994800785A
:102F9000052843D10846007801280AD10A2095491E
:102FA000087095A10BA801F0B9FA0BA806F050FF24
:102FB00043E08F48007802280AD115208D49087017
:102FC00096A10BA801F0AAFA0BA806F041FF34E085
:102FD0008748007803280AD120208649087098A1E4
:102FE0000BA801F09BFA0BA806F032FF25E0804801
:102FF000007804280AD12B207E49087099A10BA8DB
:1030000001F08CFA0BA806F023FF16E09EA10BA896
:1030100001F084FA0BA806F01BFF0EE0A3A10BA899
:1030200001F07CFA0BA806F013FF06E0A6A10BA89E
:1030300001F074FA0BA806F00BFF012033B000BDBD
:103040004C216748FDF7E8F86649086008460068C3
:10305000D0B1084600686249401A401C084400216B
:10306000079001F051FC8DED080B9DED080B51EC24
:10307000100BFDF7F3FA9C490860084690ED000A32
:10308000B1EE400A80ED000A53215548FDF7C4F81F
:10309000544908600846006898B1084600685049DD
:1030A000401A401C08440021079001F02DFC8DEDD2
:1030B000080B9DED080B51EC100BFDF7CFFA8B4977
:1030C000086043214648FDF7A7F8464908600846CE
:1030D0000068002863D0084600684149401A401C37
:1030E00008440021079001F00FFC8DED080B9DEDC9
:1030F000080B51EC100BFDF735FA3D4908703D48BF
:103100000078052843D10846007801280AD10E200E
:103110003849087076A10BA801F000FA0BA806F058
:1031200097FE43E03248007802280AD1192031493D
:10313000087078A10BA801F0F1F90BA806F088FE41
:1031400034E02B48007803280AD12420294908704C
:1031500079A10BA801F0E2F90BA806F079FE25E0B1
:103160002348007804280AD12F20224908707BA127
:103170000BA801F0D3F90BA806F06AFE16E080A1B7
:103180000BA801F0CBF90BA806F062FE0EE085A1BA
:103190000BA801F0C3F90BA806F05AFE06E088A1BF
:1031A0000BA801F0BBF90BA806F052FE012045E781
:1031B0008B48C0788A498978CDE9001088484078E2
:1031C0000A90874800780990024686A10BA80A9BBE
:1031D00001F0A4F90BA806F03BFE01202EE7000049
:1031E0001C0D0020CC000020E4000020EC0000209A
:1031F000F0000020B0010020463130206F6B2E20FF
:10320000464653206368616E6E656C2031206665AA
:103210006564696E672E200D0A000000463130207B
:103220006F6B2E20464653206368616E6E656C207E
:10323000322066656564696E672E200D0A00000005
:10324000463130206F6B2E20464653206368616EF6
:103250006E656C20332066656564696E672E200D8F
:103260000A000000463130206F6B2E204646532066
:103270006368616E6E656C20342066656564696E96
:10328000672E200D0A000000463130206F6B2E2083
:10329000464653206368616E6E656C206E6F7420C5
:1032A00065786973742E200D0A00000046313020C5
:1032B0006F6B2E20464653206E6F742072656164DA
:1032C000792E200D0A000000463130206F6B2E2031
:1032D0004E6F206368616E6E656C2073656C65630C
:1032E0007465642E200D0A00E0000020E800002034
:1032F000463131206F6B2E20464653206368616E45
:103300006E656C20312065786974696E672E200DBA
:103310000A000000463131206F6B2E2046465320B4
:103320006368616E6E656C20322065786974696EC1
:10333000672E200D0A000000463131206F6B2E20D1
:10334000464653206368616E6E656C203320657855
:103350006974696E672E200D0A0000004631312025
:103360006F6B2E20464653206368616E6E656C203D
:10337000342065786974696E672E200D0A0000009C
:10338000463131206F6B2E20464653206368616EB4
:103390006E656C206E6F742065786973742E200DD5
:1033A0000A000000463131206F6B2E204646532024
:1033B0006E6F742072656164792E200D0A00000022
:1033C000463131206F6B2E204E6F206368616E6E28
:1033D000656C2073656C65637465642E200D0A004E
:1033E000BF010020463132206F6B2E20256420253E
:1033F000642025642025640A200D00000021F74880
:1034000006F00AFC0021F64806F006FCF548C078F4
:10341000C000F449897840EA8100F249497840EADD
:103420004100F04909780843EF490870EF48C07837
:10343000C000EE49897840EA8100EC49497840EAC9
:103440004100EA4909780843E9490870E948C07829
:10345000E8498978E74A5278E64B1B78CDE907328C
:10346000CDE90910E448C078E3498978E24A527806
:10347000E14B1B78CDE90332CDE90510DC4800783B
:10348000DE490978DE4A1278CDE900210290D6485B
:103490000378DC480278DC490BA801F03FF80BA860
:1034A00006F0D6FC0120C9E5D048C078CF4989781C
:1034B000CDE90010CD4840780A90CC4800780990BA
:1034C0000246D2A10BA80A9B01F028F80BA806F02F
:1034D000BFFC0120B2E52021D448FEF753FA402179
:1034E000D248FEF74DFA0520C6490870D0A10BA8B6
:1034F00001F014F80BA806F0ABFC01209EE50120BA
:10350000C0490870CDA10BA801F008F80BA806F07F
:103510009FFC012092E5CCA10BA800F0FFFF0BA8B7
:1035200006F096FC012089E5D1A10BA800F0F6FF7A
:103530000BA806F08DFC012080E5D048C288808869
:10354000CE494988CD4B1B88CDE90231CDE9040233
:10355000CB48C088CA498988CDE90010C84840884E
:103560000A90C748008809900246C6A10BA80A9B8A
:1035700000F0D4FF0BA806F06BFC01205EE59F482D
:103580000278CEA10BA800F0C9FF0BA806F060FCE2
:10359000012053E54321D248FCF73EFED1490860A3
:1035A00008460068002857D008460068CC49401AF1
:1035B000401C08440021079001F0A6F98DED080B8E
:1035C0009DED080B51EC100BFCF7CCFF8C490870FB
:1035D0000846007801280AD18848007800F0FE00EB
:1035E00086490870C0A10BA800F098FF30E084481D
:1035F000007802280AD18148007800F0FD007F4958
:103600000870BEA10BA800F089FF21E07C4800787B
:1036100003280AD17948007800F0FB007749087048
:10362000BBA10BA800F07AFF12E0754800780428CF
:103630000AD17248007800F0F70070490870B9A10B
:103640000BA800F06BFF03E0BBA10BA800F066FF26
:103650000BA806F0FDFB06E0B7A10BA800F05EFF8B
:103660000BA806F0F5FB0120E8E443219C48FCF799
:10367000D3FD9C49086008460068002853D00846DE
:1036800000689749401A401C08440021079001F047
:103690003BF98DED080B9DED080B51EC100BFCF781
:1036A00061FF5749087008460078012808D1A749EA
:1036B000087054490870A6A10BA800F02FFF2EE057
:1036C0004F480078022809D1A049087001204D49CF
:1036D0000870A4A10BA800F021FF20E04848007862
:1036E000032809D199490870012046490870A2A110
:1036F0000BA800F013FF12E04148007804280AD11B
:103700009249087001203F490870A0A10BA800F061
:1037100005FF04E0DFE1A2A10BA800F0FFFE0BA86B
:1037200006F096FB06E0A7A10BA800F0F7FE0BA899
:1037300006F08EFB012081E444216948FCF76CFD12
:103740006849086008460068B0B1084600686449E6
:10375000401A401C08440021079001F0D5F88DED77
:10376000080B9DED080B51EC100BFCF7FBFE9D497F
:1037700008608020234908709BA10BA800F0CEFEB2
:103780000BA806F065FB012058E44FF0FF31994883
:10379000FEF726FC01200A900A9880F3138800BFE8
:1037A00000BF00BF00BF00BF00BFBFF34F8F00BF0F
:1037B00000BF00BF9048006800F4E0608F490843F4
:1037C000001D8D49086000BF00BF00BFBFF34F8FD1
:1037D00000BF00BF00BF00BF00BFFDE700440040C6
:1037E00000540140BF010020D9000020D901002071
:1037F000DA0000203802002024020020D00100203E
:10380000F0000020B00100206C9F010846313420F8
:103810006F6B2E207374616C6C3A202564202564D4
:10382000202564202564200D0A000000000C0140C2
:10383000463135206F6B2E200D0A000046313820AE
:103840006F6B200D0A000000463139206F6B2E206F
:10385000666F757220636F6C6F722E20766572735F
:10386000696F6E3A20332E302E37200D0A0000008B
:10387000463230206F6B2E200D0A000044010020DC
:1038800034010020463231206F6B2E200D0A207348
:10389000696C6B3A2025642025642025642025640A
:1038A000200D0A207374616C6C3A20256420256415
:1038B000202564202564200D0A00000046323220B5
:1038C0006F6B2E206666735F6368616E6E656C73E6
:1038D0005F696E736572743A202564200D0A0000DA
:1038E0001C0D0020CC000020463233206F6B2E20B0
:1038F0006368616E20312E200D0A000046323320AD
:103900006F6B2E206368616E20322E200D0A00003E
:10391000463233206F6B2E206368616E20332E2079
:103920000D0A0000463233206F6B2E206368616EF3
:1039300020342E200D0A0000463233206F6B2E20DB
:103940006E6F206368616E2E200D0A001B0200203E
:10395000463234206F6B2E206368616E20312E203A
:103960000D0A0000463234206F6B2E206368616EB2
:1039700020322E200D0A0000463234206F6B2E209C
:103980006368616E20332E200D0A00004632342019
:103990006F6B2E206368616E20342E200D0A0000AC
:1039A000463234206F6B2E20464653206368616E8A
:1039B0006E656C206E6F742065786973742E200DAF
:1039C0000A000000463234206F6B2E204E6F2063B9
:1039D00068616E6E656C2073656C65637465642EDA
:1039E000200D0A00DC000020463330206F6B2E20B3
:1039F0000D0A000000D000080CED00E00000FA0500
:103A00004321F648FCF708FCF549086008460068C1
:103A1000002857D008460068F049401A401C084466
:103A20000021079000F070FF8DED080B9DED080B55
:103A300051EC100BFCF796FDEA4908700846007837
:103A400001280AD10C20E8490870E8A10BA800F071
:103A500065FD0BA806F0FCF93BE0E248007802287F
:103A60000AD11720E0490870E9A10BA800F056FD23
:103A70000BA806F0EDF92CE0DA48007803280AD10B
:103A80002220D9490870EBA10BA800F047FD0BA834
:103A900006F0DEF91DE0D348007804280AD12D2075
:103AA000D1490870ECA10BA800F038FD0BA806F076
:103AB000CFF90EE0F1A10BA800F030FD0BA806F045
:103AC000C7F906E0F6A10BA800F028FD0BA806F048
:103AD000BFF90120E7E4FA48C068F9498968CDE9EF
:103AE0000010F74840680A90F548006809900246BF
:103AF000F4A10BA80A9B00F011FD0BA806F0A8F991
:103B00000120D0E40021FC4806F086F8FB48C0788C
:103B1000FA498978CDE90010F84840780A90F748CA
:103B2000007809900246F6A10BA80A9B00F0F6FC6B
:103B30000BA806F08DF90120B5E45421A748FCF745
:103B40006BFBA74908600846006898B10846006802
:103B5000A249401A401C08440021079000F0D4FEFE
:103B60008DED080B9DED080B51EC100BFCF7FAFCEA
:103B7000EC49087049219948FCF74EFB98490860C8
:103B80000846006888B3084600689449401A401CFB
:103B900008440021079000F0B7FE8DED080B9DED65
:103BA000080B51EC100BFCF7DDFCDF4908700846F0
:103BB0000078002802DC0020087006E0DA4800786F
:103BC0001F2802DB1F20D8490870D648007801283A
:103BD0000CD1D54800784FF4202141EA002002465C
:103BE00010210A90C44806F09AF80FE0CD480078FA
:103BF00002280BD1CC4800784FF4202141EA002064
:103C0000024610210A90C94806F089F8C648037890
:103C1000C4480278C6A10BA800F080FC0BA806F0EF
:103C200017F901203FE4B448FDF7CEFFBF48FDF788
:103C3000CBFFCCA006F00CF9012034E46F21AE4894
:103C400005F0EAFFCA48C078C9498978CDE9001073
:103C5000C74840780A90C648007809900246C5A136
:103C60000BA80A9B00F05AFC0BA806F0F1F8012003
:103C700019E40121A04805F0CFFFC848C078C74922
:103C80008978CDE90010C54840780A90C34800788B
:103C900009900246C2A10BA80A9B00F03FFC0BA8AA
:103CA00006F0D6F8012015E40021934805F0B4FF92
:103CB0009248C07891498978CDE900108F484078C2
:103CC0000A908E48007809900246BEA10BA80A9B74
:103CD00000F024FC0BA806F0BBF801200EE4012143
:103CE000854805F099FFAD48C078AC498978CDE9A1
:103CF0000010AA4840780A90A84800780990024627
:103D0000B9A10BA80A9B00F009FC0BA806F0A0F8CB
:103D1000012008E46C21784805F07EFFBB48C0789C
:103D2000BA498978CDE90010B84840780A90B74878
:103D3000007809900246B6A10BA80A9B00F0EEFBA2
:103D40000BA806F085F8012018E46F216A4805F0F9
:103D500063FF8748C07886498978CDE90010844898
:103D600040780A908248007809900246B2A10BA8D8
:103D70000A9B00F0D3FB0BA806F06AF8012008E4C8
:103D800070215D4805F048FFB548C078B44989788E
:103D9000CDE90010B24840780A90B1480078099007
:103DA0000246B0A10BA80A9B00F0B8FB0BA806F0D6
:103DB0004FF8012058E400215C4805F02DFFB2487F
:103DC000C078B1498978CDE90010AF4840780A90B1
:103DD000AD4800780990024658E100001C0D002013
:103DE000CC000020F0000020B00100204633392034
:103DF0006F6B2E20464653206368616E6E656C20A3
:103E0000312072656C656173652E200D0A0000001B
:103E1000463339206F6B2E20464653206368616E0F
:103E20006E656C20322072656C656173652E200DA5
:103E30000A000000463339206F6B2E20464653207F
:103E40006368616E6E656C20332072656C656173AA
:103E5000652E200D0A000000463339206F6B2E209E
:103E6000464653206368616E6E656C20342072652F
:103E70006C656173652E200D0A0000004633392001
:103E80006F6B2E20464653206368616E6E656C2012
:103E90006E6F742065786973742E200D0A0000001F
:103EA000463339206F6B2E204E6F206368616E6E33
:103EB000656C2073656C65637465642E200D0A0063
:103EC0002C150020463430206F6B2E7374616C6C9F
:103ED00020636F756E743A2043313A202564204385
:103EE000323A2025642043333A2025642043343A73
:103EF000202564200D0A0000004400402402002018
:103F0000463431206F6B2E47434F4E463A202530C2
:103F10003278253032782530327825303278200DCD
:103F20000A000000F1000020F200002000540140CF
:103F3000463432206F6B2E737465707065725F6DDE
:103F40006F746F723A2025642073746570706572A7
:103F50005F6D6F746F725F6972756E3A20256420B1
:103F60000D0A0000463433206F6B2E200D0A00002E
:103F700020020020463434206F6B2E4452565F538B
:103F800054415455533A2025303278253032782523
:103F900030327825303278200D0A000028020020C7
:103FA000463435206F6B2E47535441543A20253008
:103FB0003278253032782530327825303278200D2D
:103FC0000A000000463530206F6B2E47434F4E46A7
:103FD0003A20253032782530327825303278253035
:103FE0003278200D0A000000463531206F6B2E47D5
:103FF000535441543A2025303278253032782530D8
:10400000327825303278200D0A0000002C02002082
:10401000463532206F6B2E43484F50434F4E463A41
:1040200020253032782530327825303278253032EC
:1040300078200D0A00000000463533206F6B2E44B7
:1040400052565F5354415455533A20253032782507
:104050003032782530327825303278200D0A000051
:1040600030020020463534206F6B2E50574D434FA1
:104070004E463A2025303278253032782530327855
:1040800025303278200D0A003802002047A10BA805
:104090000A9B00F043FA0BA805F0DAFE012019E5AF
:1040A00001214B4805F0B8FD4A48C0784949897854
:1040B000CDE90010474840780A90464800780990BA
:1040C000024645A10BA80A9B00F028FA0BA805F0B0
:1040D000BFFE0120FEE46C213D4805F09DFD4748F0
:1040E000C07846498978CDE90010444840780A9064
:1040F000424800780990024641A10BA80A9B00F0B3
:104100000DFA0BA805F0A4FE0120E3E46F2130486E
:1041100005F082FD4448C07843498978CDE9001014
:10412000414840780A9040480078099002463FA1F3
:104130000BA80A9B00F0F2F90BA805F089FE0120FC
:10414000C8E47021224805F067FD4248C078414923
:104150008978CDE900103F4840780A903D480078C2
:10416000099002463CA10BA80A9B00F0D7F90BA8C6
:1041700005F06EFE0120ADE44048007848B901F03A
:10418000D3FD05203E4908703EA10BA800F0C6F9FA
:1041900003E040A10BA800F0C1F90BA805F058FE00
:1041A000012097E4012095E4012093E44636302075
:1041B0006F6B2E47434F4E463A20253032782530DC
:1041C00032782530327825303278200D0A00000010
:1041D000005401403C020020463631206F6B2E47D0
:1041E000535441543A2025303278253032782530E6
:1041F000327825303278200D0A000000400200207D
:10420000463632206F6B2E43484F50434F4E463A4E
:1042100020253032782530327825303278253032FA
:1042200078200D0A000000003402002046363320BA
:104230006F6B2E4452565F5354415455533A2025C8
:104240003032782530327825303278253032782077
:104250000D0A000044020020463634206F6B2E50B9
:10426000574D434F4E463A2025303278253032782C
:104270002530327825303278200D0A009800002051
:10428000B001002046313132206F6B2E20796573EA
:104290002E0D0A0046313132206F6B2E206572726E
:1042A0006F722E0D0A00000010B500F003F8FEF743
:1042B00037FD10BD00B587B001218803FDF7F6FD7D
:1042C00001210420FDF7F2FD01210420FDF7EEFDA0
:1042D0004FF48060ADF8180003208DF81A004820D4
:1042E0008DF81B0006A93D48FDF7B6FA4FF40070A3
:1042F000ADF8180003208DF81A0018208DF81B0067
:1043000006A93648FDF7A8FA01210420FDF7CEFDE5
:104310004FF40060ADF8180003208DF81A0010204B
:104320008DF81B0006A92D48FDF796FA4FF40061A1
:104330002A48FDF725FB4FF4E13002900020ADF84C
:104340000C00ADF80E00ADF81000ADF814000C2014
:10435000ADF8120002A92248FEF7E0FB002240F26D
:1043600026611F48FEF769FB002240F225511C48D8
:10437000FEF763FB002240F227711948FEF75DFB50
:10438000012240F224411648FEF757FB0121144850
:10439000FEF778FB40211248FEF746FB25208DF8FA
:1043A000040000208DF8050001208DF806008DF82E
:1043B000070001A8FDF7ECFC0E208DF8040000209A
:1043C0008DF8050002208DF8060001208DF8070009
:1043D00001A8FDF7DDFC07B000BD000000080140AA
:1043E0000038014010B592B0002401214804FDF7C7
:1043F0004DFD01210420FDF759FD01210846FDF77F
:1044000055FD0420ADF8440018208DF84700032026
:104410008DF8460011A93D48FDF71EFA0820ADF8B9
:10442000440048208DF8470011A93848FDF714FAD8
:104430004FF416500D900020ADF83800ADF83A005A
:10444000ADF83C00ADF840000C20ADF83E000DA9E1
:104450002F48FEF763FB002240F226612C48FEF74E
:10446000ECFA002240F225512948FEF7E6FA002234
:1044700040F227712648FEF7E0FA012240F224417B
:104480002348FEF7DAFA01212148FEF7FBFA402122
:104490001F48FEF7C9FA26208DF8300000208DF85D
:1044A000310003208DF8320001208DF833000CA874
:1044B000FDF76EFC01210846FDF7D8FC1548FCF716
:1044C000BBFE1348001D019013480290002003908A
:1044D0001420049000200590802006900020079072
:1044E00008902020099000020A9000200B9001A95A
:1044F0000848FCF78BFF012240210548FEF7CEFA61
:1045000001210448FCF772FF12B010BD0008014001
:10451000004400406C0002403C1500200FB4084BE2
:1045200010B504A902AA039800F020FB044602A9D2
:10453000002000F0B2FE204610BC5DF814FB000025
:104540009B520108000000002DE9F0412DED020B07
:104550009FED3D0B2DED028B9FED3D8BDDE9025470
:10456000C4F30A50A0F2FF36142E37DA002E18DA00
:1045700053EC102B9DED020B51EC100BFBF75DFE85
:1045800053EC182BFCF752F857D2002CBCBF4FF05D
:104590000044002551DB54EA050018BF2E4C1BD106
:1045A0004BE02E4820FA06F704EA070028431FD004
:1045B00053EC102B9DED020B51EC100BFBF73DFE65
:1045C00053EC182BFCF732F837D2002C03DD4FF4F4
:1045D0008010F0400444BC4300252EE0332E07DC5D
:1045E000A6F114004FF0FF3121FA00F73D4206D149
:1045F0009DED020BBDEC028B02B0BDE8F08153ECE7
:10460000102B9DED020B51EC100BFBF7BAFE53EC97
:10461000182BFCF70BF810D2002C0DDD142E08BF60
:10462000641C09D0C6F13400012101FA00F02844CD
:10463000A84238BF641C0546BD43CDE902549DED38
:10464000020BD7E7000000009C7500883CE4377E31
:1046500000000000000000000000F03FFFFF0F001E
:1046600010EE100AC0F3C7517F391729A8BF704751
:10467000DFED140A002970EE200A0CDAF5EEC00A0C
:10468000F1EE10FA1ADD0028C8BF4FF07E50B8BF17
:104690004FF0004012E00C4A22FA01F2104208BF2B
:1046A0007047F5EEC00AF1EE10FA07DD002804DDD0
:1046B0004FF4000323FA01F10844904300EE100A7E
:1046C00070470000CAF24971FFFF7F002DED020B19
:1046D000019820F0004001909DED000B02B0704762
:1046E00010EE100AC0F3C7517F391729A8BF7047D1
:1046F000DFED140A002970EE200A0DDAF5EEC00A8B
:10470000F1EE10FA1ADD0028A8BF002016DAB0F189
:10471000004F18BF0C4811E00C4ACA40104208BFB5
:104720007047F5EEC00AF1EE10FA07DD002804DA52
:104730004FF4000323FA01F10844904300EE100AFD
:1047400070470000CAF24971000080BFFFFF7F0080
:1047500010B52DED020B2DED088B9DED080B51ECE6
:10476000100BFCF751F941EC180B9DED080B53ECC5
:10477000182B51EC100BFBF701FE41EC190B0998BB
:104780009FED2D0B10F0004F53EC102B51EC190B3B
:104790009FED25AB9FED26BB0DD0FBF72FFF0DD96D
:1047A00053EC1B2B51EC190BFBF740FF1BD213E012
:1047B00041EC180B17E0FBF721FF06D253EC1A2B44
:1047C00051EC180BFBF7DAFDF2E753EC1B2B51EC25
:1047D000190BFBF72BFF06D853EC1A2B51EC180BD7
:1047E000FBF72BFDE4E79FED160B51EC180B53EC98
:1047F000102BFBF71BFF08D351EC180B9FED120B8E
:1048000053EC102BFBF7FAFE02D2012000F0A8F8BF
:1048100051EC180BBDEC088B02B0BDE81040FCF762
:104820004FB9000000000000000000000000F03F51
:10483000000000000000E03F000000000000E0BFBA
:104840000000C0FFFFFFDF41000000000000E0C1EA
:1048500000B52DED048BB0EE409AF0EE609A83B077
:1048600051EC190BFCF77EF841EC180B18EE100A0E
:1048700018EE901A8DED008B002818BF0120084318
:1048800020F00040C0F17F6000F1E040C00F14D084
:1048900019EE101A19EE900A8DED009B002918BF31
:1048A0000121084320F00040C0F17F6000F1E040AA
:1048B000C00F04BF012000F053F8B0EE480A03B067
:1048C000F0EE680ABDEC048B00BD10B52DED028B37
:1048D000B1EEC08A18EE100A20F00040C0F1FF408F
:1048E000C00F0AD010EE100A20F00040C0F1FF40C7
:1048F000C00F04BF012000F033F8B0EE480ABDEC51
:10490000028B10BD0000000000B583B09FED060BC8
:104910000A4601468DED000B6846FBF75CFF9DEDF6
:10492000000B03B000BD000000000000000000000C
:1049300002E008C8121F08C1002AFAD17047704768
:10494000002001E001C1121F002AFBD1704780F353
:104950001088704780F31088704780F31088704784
:1049600001490860704700008C04002001468889D6
:104970000A6810444A68801A8A8990FBF2F302FBA5
:104980001300704730B5024610685468A04201D148
:10499000002030BD5068401C948990FBF4F504FB66
:1049A0001503D2E90140005D087053600120F0E773
:1049B00030B502461068401C948990FBF4F504FB66
:1049C00015035068984201D1002030BD14689068EA
:1049D000015513600120F8E72DE9FF5F82B0002147
:1049E000DDE90430020DDDF840B0034318D044F691
:1049F0001050A2F2FF3242431514119801281FD023
:104A0000A5EB0B00401C5FEA000A4FF000064E4F7A
:104A1000DFF83891B046504615D5CAF1000413E0CE
:104A2000119801244AA3012801D16FEA0B010298D1
:104A3000119AC0E90031C0E9024206B0BDE8F09F1A
:104A4000CBF10000DFE704460021404A491842EB61
:104A50000450CDE9001012E0E00707D032463B4693
:104A600040464946FBF790FC8046894632463B4625
:104A700010461946FBF788FC06460F466410002CCA
:104A8000EAD1DDE90401DDE90023BAF1000F06DA1D
:104A9000FBF77AFC42464B46FBF776FC05E0FBF75A
:104AA000E5FC42464B46FBF7E1FC04460E4600227D
:104AB000284BFBF7BBFD03D84FF0FF30014607E062
:104AC0000022254B20463146FBF7B7FBFBF7E0FF02
:104AD000102409E0002C0ADB0A220023FBF7F0FD7A
:104AE000039B30321A55641E50EA0102F2D1641C55
:104AF000039AC4F111031444119A012A03D001222C
:104B000008430DD10AE0084304D000204FF0110BF8
:104B1000119072E7A3EB0B056D1E0DE05B4504DD04
:104B20004FF0000205F1010504E003DA4FF0000246
:104B3000A5F10105002AECD002981199C0E90231D3
:104B4000C0E9004579E70000000014400000F03F94
:104B5000300000000000F0430000E03F30380A2839
:104B600001D2012070470020704700002DE9FF4F5F
:104B700095B09B468946064600250FE2252877D149
:104B800000242746F84A0121059400E0044316F862
:104B9000013F203B01FA03F01042F7D130782A2878
:104BA00011D06FF02F033078A0F13002092A16D807
:104BB000059A44F0020402EB820203EB4202104425
:104BC000761C0590EFE759F8042B0592002A03DACA
:104BD000504244F40054059044F00204761C3078AE
:104BE0002E2816D116F8010F44F004042A280DD0FF
:104BF0006FF02F023078A0F13003092B09D807EBB2
:104C0000870302EB4303C718761CF3E759F8047BCC
:104C1000761C30786C280FD006DC4C2817D068281A
:104C20000DD06A2814D104E0742810D07A280FD14E
:104C30000DE044F400140AE044F4801401E044F46C
:104C400040147278824202D104F58014761C761CDE
:104C5000307866280BD013DC582877D009DC002880
:104C600075D04528F6D04628F4D047281AD19DE1C2
:104C700018E0632835D0642879D0652812D195E1F1
:104C8000702873D008DC6728F1D069286FD06E28AF
:104C90000DD06F2806D1B5E073282CD0752875D0BB
:104CA000782874D05A46179990476D1C75E1C4F363
:104CB0000250022809D003280DD0D9F8001004288A
:104CC0000DD00D6009F1040967E1D9F80010EA1769
:104CD000C1E90052F6E7D9F800100D80F2E70D7037
:104CE000F0E719F8041B8DF8001000208DF8010082
:104CF000EA46012003E059F804AB4FF0FF306107AA
:104D00004FF0000102D40DE008F101018846B942DC
:104D10000FDA8045F8DB1AF808100029F4D108E012
:104D200008F1010188468142FADB1AF808100029CF
:104D3000F6D105985B46A0EB080721463846179A3E
:104D400000F094FA284400EB080507E04DE029E163
:104D50000DE01AF8010B5A4617999047B8F101086F
:104D6000F7D25B4621463846179A13E142E00A2201
:104D70000092C4F302524FF0000A022A08D059F8F8
:104D800004CB032A4FEAEC710AD00DE029E02AE0B7
:104D900009F1070121F00702F2E802C1914609E09A
:104DA0000FFA8CFC4FEAEC71042A03D14FFA8CFC09
:104DB0004FEAEC71002907DA0A460021DCF1000C09
:104DC00061EB02012D2202E0220504D52B228DF891
:104DD0000420012203E0E20701D02022F7E79046F9
:104DE00059E00A2102E010220DE010214FF0000AE4
:104DF00000910BE010224FF0000A44F00404082751
:104E0000009203E008224FF0000A0092C4F302521D
:104E1000022A05D059F804CB0021032A08D009E062
:104E200009F1070121F00702F2E802C1914605E00D
:104E30001FFA8CFC042A01D10CF0FF0C4FF0000883
:104E4000220728D5702806D0009B83F0100353EA70
:104E50000A0305D00EE040228DF80420012208E06C
:104E60005CEA010206D030228DF804208DF805009E
:104E700002229046009B83F0080353EA0A030AD1FA
:104E80005CEA010201D1620705D530228DF80420C9
:104E90004FF001087F1E582804D034A003900EA8BC
:104EA00002900DE036A0F9E753466046009AFBF702
:104EB00007FC84460398825C0298401E02900270B0
:104EC0005CEA0100F0D1029806A9081A00F1200A54
:104ED000600702D524F4803400E00127574502DD45
:104EE000A7EB0A0000E0002000EB0A010090059803
:104EF0004144401A0590E00306D45B462146179AC8
:104F0000059800F0B3F90544002706E001A85A46C9
:104F1000C05D179990476D1C7F1C4745F6DBE00389
:104F20000CD55B462146179A059800F09FF9054479
:104F300004E030205A46179990476D1C0099481E8E
:104F400000900029F5DC08E0029802995A460078A2
:104F5000491C0291179990476D1CBAF10001AAF102
:104F6000010AF1DC65E1000009280100303132332B
:104F70003435363738396162636465660000000095
:104F8000303132333435363738394142434445467F
:104F90000000000000F058F90544761C3078002825
:104FA0007FF4ECAD19B02846BDE8F08F620700D45D
:104FB000062709F1070222F0070CFCE80223E1466C
:104FC00003F000485FEA080C02D00FF2702C0DE0ED
:104FD0005FEA045C02D50FF2682C07E05FEAC47C4C
:104FE00002D00FF2602C01E0AFF2700C4FF0FF38EE
:104FF00023F00043CDF850C065280CD006DC4528CE
:1050000009D046281DD047283DD13DE0662818D05C
:1050100067287ED138E00021112F01DB112000E04C
:10502000781CCDE9000106A90EA8FFF7D5FCDDE943
:105030000F010E9A03910021009207F1010A0491D9
:105040004DE04FF000400097CDE9011006A90EA8F1
:10505000FFF7C2FCDDE90F0203920E9B11990022BB
:10506000DDF80CA00093049211B9791C00EB010A41
:10507000B7EB0A0004D4C0F1FF3007F1010A049035
:10508000AAEB0700019044E0012F00DA012700217C
:10509000112F01DD112000E03846CDE9000106A9FD
:1050A0000EA8FFF799FCDDE90F010E9A039100218C
:1050B00004910092BA4621070CD40399514500DAB5
:1050C0008A46BAF1010F05DD009AAAF10101515C8F
:1050D000302908D0B84202DA10F1040F06DA0121B3
:1050E000CDE9011015E0AAF10101E9E7002805DC8E
:1050F000049901440491AAEB000102E0411C5145CE
:1051000000DD8A460499401A401C01904FF000408F
:105110000290200704D40198504501DBCDF80480AB
:1051200000208DF84F0002980DF14F07B0F1004FAD
:1051300025D02B200E9002984FF0020800280CDAA0
:10514000404202902D200E9007E00A210298FBF7C2
:10515000A1FA3031029007F8011DB8F10001A8F161
:105160000108F2DC02980028EFD1791E0E98087031
:10517000307800F0200040F0450007F8020D12A83A
:10518000C01B00F107081498007800B1012000EB63
:105190000A01019801EBE07105984144401A401E54
:1051A0000590E00306D45B462146179A059800F067
:1051B0005DF805441498007818B15A46179990473D
:1051C0006D1CE00324D55B462146179A059800F034
:1051D0004DF805441CE00498002807DBDDE90301D5
:1051E000884203DD0098405C179901E01799302050
:1051F0005A469047049805F10105401C0490019817
:10520000401E019004D12E205A46179990476D1CDC
:10521000BAF10001AAF1010ADDDC05E017F8010B83
:105220005A46179990476D1CB8F10001A8F1010882
:10523000F4DC5B462146179A0598ABE62D0000008A
:105240002B000000200000002DE9F041044600255D
:105250001E461746880404D405E039462020B0478E
:105260006D1C641EF9D52846BDE8F0812DE9F0419A
:10527000044600251E469046C80301D5302700E0AD
:105280002027880404D505E041463846B0476D1C08
:10529000641EF9D52846BDE8F0810A68531C0B60EE
:1052A0001070704738B54FF4FA650020F94908705E
:1052B000F948006800280ED0F74800688069F7496F
:1052C0000968884208D80020F349086001F028FFE7
:1052D0000120F0490870BBE0EF480068006BEF491F
:1052E0000968884249D3EC480068816BEC48006843
:1052F000FCF720FDE8490968C96E0844E9490860DF
:1053000000BFE5480068406E0968884204D2E24860
:105310000068406EE349086000BFE2480068E24967
:105320000968884203D9DF480068DF490860DD4921
:10533000098888B200F0BEFA0546D94800682844BA
:10534000D7490860D948007878B1D9480078002852
:105350007ED0D1480068B0F84000D649096888423C
:1053600076D00020D449086072E0D1480078002847
:105370006ED00020D04908606AE0C7480068406BE2
:10538000C649096888424CD2C3480068816BCB4843
:105390000068FCF7CFFC0446C248006884420CD287
:1053A000C0480068041B00BFBB480068006FA042F3
:1053B00002D9B9480068046F02E0B7480068046F7A
:1053C000A0B200F077FA0546BC4800682844BB4903
:1053D0000860B6480078E8B1AF480068406BAF4954
:1053E000096888420AD2B2480078C8B1AA48006861
:1053F000B0F84000AF490968884211D000BF0020D2
:10540000AD49086000BFA4480068B0F84000A94951
:10541000086005E0A648007810B10020A6490860A1
:1054200016E0A348007868B19B480068B0F84000D7
:10543000A0490968884205D000BF00209E49086045
:1054400000BF00BF9E4805889E4800789E490870AE
:105450009148006800287DD101F07AFE8E490860ED
:1054600008460068002876D017E000208A490860C6
:1054700001F056FE01F06CFE87490860084600689E
:1054800058B99248008830B99048408818B9904877
:10549000007803F05BF9284638BD7F480068007843
:1054A00000F020000028E0D17B480068C1697A48FC
:1054B0000068006A08448749086077480068C16945
:1054C00075480068006A081A824948607248006896
:1054D000406A886070480068806AC8606E480068EA
:1054E000C06A08616C48006890F83E007A4908700C
:1054F0006948006890F83F006C49087008460078D9
:10550000B8B165480068B0F8440074490880624842
:105510000068B0F842007249088000BF0020664968
:10552000086000BF5C480068B0F84000614908604E
:1055300003E04FF0FF305F49086000205F490860DA
:105540005749086054490968B1F8641088B200F0FE
:10555000B1F901E0F5E0E8E0594908805A480078DF
:10556000584908704C480068C06E4E4908604A4966
:105570000968B1F86C1088B200F09CF905464648FD
:10558000006890F83C00574908704348006890F85C
:105590007C404E48008810B95348007808B144F068
:1055A00008044A48408810B94F48407808B144F090
:1055B0001004204603F0CAF837480068406800909D
:1055C0004848007800F00103334800688269324897
:1055D000006890F87B0008B9012000E00020014637
:1055E000002003F005F92C480068806800902A48E4
:1055F000006882692848006890F87B00012800D183
:1056000000E00020014637480078C0F34003012045
:1056100003F0EEF820480068C06800901E4800685B
:1056200082691D48006890F87B00022801D10120A2
:1056300000E0002001462B480078C0F380030220E0
:1056400003F0D6F81448006800690090124800681A
:1056500082691148006890F87B00032801D101207D
:1056600000E0002001461F480078C0F3C00303207B
:1056700003F0BEF8084800684069009006480068DA
:1056800082690548006890F87B0004282ED101202B
:105690002DE00000DE0200206402002094020020C1
:1056A00098020020A0020020D8020020C60200209C
:1056B000C4020020B8020020B40200209C02002096
:1056C000AA020020A9020020A80200203204002023
:1056D00036040020945D0020AF020020C0020020AC
:1056E000C202002090020020610400200020014638
:1056F00015480078C0F30013042003F079F813482C
:1057000000688069404212490860104800680069DA
:105710004000104908600D480068806940000E494B
:10572000086000200D4908600BE00D48008830B982
:105730000B48408818B90B48007803F007F8284652
:10574000AAE62846A8E60000900200206402002095
:10575000C8020020CC020020D002002094020020C9
:1057600032040020360400201FB5FCF7F1FA0121B5
:105770000820FCF78BFB294800682949B0FBF1F0B1
:10578000401E84B240F2CF70ADF80400ADF8004086
:105790000020ADF80600ADF8020069462148FCF78C
:1057A000E9FE012211461F48FCF7BAFE01211D48FF
:1057B000FCF7BFFE1B48006840F001001949086073
:1057C00001211020FCF762FB144800681649B0FB69
:1057D000F1F0401E84B29B20ADF80400ADF800400B
:1057E0000020ADF80600ADF8020069460F48FCF74E
:1057F000C1FE012211460D48FCF792FE01210B4823
:10580000FCF797FE0948006840F00100074908606E
:10581000FCF78AFA0120064908701FBD88040020A1
:1058200000093D00000C004080841E000010004074
:10583000B001002070B5002408E00020194941F8AB
:10584000340001EBC4010871601CC4B2042CF4DB09
:105850000420FCF7A3FC144800683222B0FBF2F1EC
:10586000481EB0F1807F00D31BE0481E4FF0E022BD
:10587000506150170F22002804DB13071D0E0B4B3D
:105880001D5406E013071E0E094B00F00F052D1FD7
:105890005E5500BF00204FF0E022906107201061AC
:1058A00000BF70BD7C1300208804002000E400E0ED
:1058B00018ED00E001460120034A10700348B0FBD8
:1058C000F1F080B270470000A802002080841E0022
:1058D0002DE9F0472DED088B0446F0EE408AB0EE3E
:1058E000609A0120FFF736F894ED190AB8EE400AE5
:1058F00020EE280A10EE101A0846FAF76BFE41EC6B
:105900001B0BB0EE4B0AF0EE6B0AFEF71DFEB0EE7D
:1059100040AAF0EE60AA51EC1A0BFAF742FE0546D7
:1059200094ED190AB8EE400A20EE090A10EE101A9A
:105930000846FAF74FFE41EC1B0BB0EE4B0AF0EEB7
:105940006B0AFEF701FEB0EE40AAF0EE60AA51EC41
:105950001A0BFAF726FE0646782D00D27825782E07
:1059600000D27826676F94ED190AB8EE400AF0EE7F
:10597000400A00EE107AB8EEC01A00EE105AB8EEE7
:10598000400A00F035F9B0EE408AFEF769FEBCEE41
:10599000C00A10EE108AD4ED190AF8EE600AB0EED3
:1059A000600A784200EE900AB8EEE01A00EE906AC3
:1059B000F8EE600A00F01CF9B0EE408AFEF790FEA7
:1059C000BCEEC00A10EE109AA069A0EB0800A0EB94
:1059D000090ABAF1000F54DA02EE105AF8EE420A40
:1059E00002EE106AB8EE421A02EE107AB8EEC20A5F
:1059F00094ED062AF8EE421AB5EEC00AF1EE10FA5E
:105A000002D1DFED282A0FE0B0EE002A20EE022AB4
:105A100022EE212A00EEE02A01EE012AF1EE002A10
:105A200020EE223AC2EE032AF0EE629AB0EE690A44
:105A3000FEF716FEB0EE408AB5EEC08AF1EE10FA1F
:105A400002DDB0EE480A01E09FED160ABCEEC00A86
:105A500010EE100AA16988420CD2B5EEC08AF1EEB0
:105A600010FA02DDB0EE480A01E09FED0E0ABCEE2E
:105A7000C00A01E094ED060A10EE108A4FF0000A09
:105A800000BF0120FEF766FFC4F8308008EB0A0073
:105A90006063E56626670020FEF75CFFBDEC088BBF
:105AA000BDE8F08700000000094908700978012965
:105AB00002DD0021064A117005490978012903D148
:105AC0000449054A116002E00449034A1160704725
:105AD0006C040020D05D002068040020BC5D002024
:105AE00000200549088005490880054908800549C6
:105AF00008700549087070472E0000203000002013
:105B0000320000204600002075000020F0B587B06C
:105B100005460E46002419E0012004EB4401164A14
:105B200002EB0111487356B955F82400134909686E
:105B300051F82410084402A941F8240004E055F863
:105B4000240002A941F82400601CC4B2052CE3DB48
:105B50000698009002A80FC801F0AAFB002407E0F5
:105B600002A850F82400064941F82400601CC4B281
:105B7000052CF5DB07B0F0BDA45C00206804002014
:105B80007C16002010B504460549097811B10CB106
:105B9000012100E00021084602F0B8FA10BD000023
:105BA0005E04002010B502F0C9FA10BD70B50446BD
:105BB0000D4601200B490870C8210B48FAF721FB5C
:105BC0002A4621460848FAF703FB00210748FBF75D
:105BD0000DFC29460548FBF737FC01210348FBF77C
:105BE00005FC70BD06010020DC0D002044000240D1
:105BF000F0EE401AB5EEC01AF1EE10FA02D19FEDA8
:105C0000080A704720EEA00A01EEE10AB0EE002A71
:105C100061EE022A80EE222AB0EE420AF1E700008D
:105C20000000000030B504462046FEF79FFE054602
:105C3000284630BD70B504460D4629462046FEF77D
:105C4000A1FE0646304670BD0023036043608160BC
:105C5000828170471CB554E001F076FF2D49087031
:105C6000084600780A2807D0084600780D2803D097
:105C7000294800685F2830DB2748006830B927488A
:105C8000007810B10020254908701CBD002024496F
:105C9000214A1268885400240CE02149601C085CE9
:105CA000202800D108E01E49601C085C0DF80400A3
:105CB000601CC4B2042CF0DB00BF00200DF804000F
:105CC0001648007828B900201449087001201549A9
:105CD000087000201049086013E00E4800783B2847
:105CE00002D101200D4908700C48007848B90948D4
:105CF0000178094802680068401C074B1860084892
:105D0000815401F02DFF18B1064800780028A3D077
:105D100000BFBAE7BB000020C0000020C800002080
:105D20001C0D0020B900002010B500F0C3FBFFF7E8
:105D3000D7FE20210348FBF725FE02210248FBF78E
:105D400021FE10BD00080140000C014030B52DEDD2
:105D50000E8BA5B0FFF7C4FE4FF4F0612E48FAF7A2
:105D600050FA2E4890ED000A10EE104A9FED2C0AD2
:105D700010EE105A90ED040A10EE101A0846FAF7C9
:105D800029FC41EC180B254890ED030A10EE101A7F
:105D90000846FAF71FFC41EC190B204890ED020A67
:105DA00010EE101A0846FAF715FC41EC1A0B1B48C6
:105DB00090ED010A10EE101A0846FAF70BFC41ECC0
:105DC0001B0B2846FAF706FC41EC1C0B2046FAF7A1
:105DD00001FC41EC1D0B13480068FAF7FBFB41EC9A
:105DE0001E0B8DED0C8B8DED0A9B8DED08AB8DEDB3
:105DF00006BB8DED04CB8DED02DB8DED00EB0A488B
:105E00000AA102680EA8FEF789FB0EA801F0B0FEF9
:105E100025B0BDEC0E8B30BD90040020AC0C0020F2
:105E2000000000001C010020180100204D33382024
:105E30006F6B204C3A257520463A25672058313A39
:105E400025672058323A256720593A2567205A3A63
:105E5000256720413A256720423A2567200D0A0030
:105E600010B5FFF781FCFFF7E5FC10BD10B5012070
:105E7000FEF773FD002408E00020074941F82400E4
:105E8000064941F82400601CC4B2052CF4DB002054
:105E9000FEF763FD10BD0000BC5D0020D05D00205A
:105EA0008AB0002400200690079008900990059081
:105EB00001900290039004900090FBF773FEFBF7B3
:105EC0006FF900F0EFFA42E2601C0446B0F57A7F09
:105ED0007BD900240621FB48FBF700F9FA4908802A
:105EE0009DF81400401CC0B28DF81400152804DA87
:105EF000098806980844069009E014210698B0FB2A
:105F0000F1F0F2490880002006908DF81400EF4867
:105F10000088B0F57A7F0FDDEC48008840F6B83194
:105F2000884209DA0020EA490870EA48007800F05F
:105F3000FE00E849087016E0E4480088B0F5617F8B
:105F400005DBE248008840F61C4188420BDDE04852
:105F5000007828B9DF48007840F00100DD4908707A
:105F60000120DB4908700821D648FBF7B7F8D6496D
:105F700048809DF81500401CC0B28DF8150015280A
:105F800004DA498807980844079009E01421079823
:105F9000B0FBF1F0CD494880002007908DF8150046
:105FA000CA484088B0F57A7F10DDC848408840F67E
:105FB000B83188420ADA0020C5494870C5480078DF
:105FC00000F0FD00C349087017E0BEE1BF484088FB
:105FD000B0F5617F05DBBD48408840F61C41884232
:105FE0000BDDBB48407828B9BA48007840F0020081
:105FF000B84908700120B64948700321B648FBF73C
:106000006DF8B14988809DF81600401CC0B28DF82B
:106010001600152804DA898808980844089009E0D1
:1060200014210898B0FBF1F0A8498880002008905E
:106030008DF81600A5488088B0F57A7F0FDDA3485B
:10604000808840F6B831884209DA0020A04988707B
:10605000A048007800F0FB009E49087016E09B48BD
:106060008088B0F5617F05DB9848808840F61C4148
:1060700088420BDD9648807828B99648007840F031
:1060800004009449087001209149887004219248C5
:10609000FBF724F88C49C8809DF81700401CC0B25B
:1060A0008DF81700152804DAC98809980844099062
:1060B00009E014210998B0FBF1F08449C880002060
:1060C00009908DF817008148C088B0F57A7F0FDD00
:1060D0007E48C08840F6B831884209DA00207C4901
:1060E000C8707C48007800F0F7007A49087016E024
:1060F0007648C088B0F5617F05DB7448C08840F6FB
:106100001C4188420BDD7248C07828B9714800787C
:1061100040F008006F49087001206D49C8700721E0
:106120006848FAF7DBFF6D4908809DF80000401CC5
:10613000C0B28DF80000152804DA098801980844D7
:10614000019009E014210198B0FBF1F06449088046
:10615000002001908DF800006148008840F27451E1
:10616000884209DD5E48008840F64D21884203DA06
:1061700000205C49087012E059480088B0F5966F1D
:1061800004DB57480088B0F52F6F08DD55480078CC
:1061900010B90120544908700120524908700921A2
:1061A0004848FAF79BFF4D4948809DF80100401C84
:1061B000C0B28DF80100152804DA49880298084415
:1061C000029009E014210298B0FBF1F044494880A4
:1061D000002002908DF801004148408840F274513F
:1061E000884209DD3E48408840F64D21884203DA66
:1061F00000203C49487012E039484088B0F5966F5D
:1062000004DB37484088B0F52F6F08DD354840780B
:1062100010B90120344948700120324948700521E5
:106220003248FAF75BFF2D4988809DF80200401C38
:10623000C0B28DF80200152804DA89880398084452
:10624000039009E014210398B0FBF1F02449888001
:10625000002003908DF802002148808840F274519C
:10626000884209DD1E48808840F64D21884203DAC5
:1062700000201C49887012E019488088B0F5966F9C
:1062800004DB17488088B0F52F6F08DD154880784B
:1062900010B9012014498870012012498870052125
:1062A0000D48FAF71BFF0D49C8809DF80300401CFC
:1062B000C0B28DF8030015281ADAC988049808447A
:1062C00004901FE0000C02402C010020340100204B
:1062D000BF010020D0010020001C02403C01002032
:1062E000440100205E0100206201002000180240ED
:1062F00014210498B0FBF1F01549C88000200490E7
:106300008DF803001248C08840F27451884209DDBC
:106310000F48C08840F64D21884203DA00200D491D
:10632000C87012E00A48C088B0F5966F04DB0848D0
:10633000C088B0F52F6F08DD0648C07810B901207D
:106340000549C87001200349C87001F0C3FBBBE5D3
:10635000440100205E01002062010020F0EE401A9E
:10636000B0EE000A21EE802AB0EE600A02EE410A89
:10637000704700000348007803490978401A00F08C
:106380007F00704721030020240300200348007889
:1063900003490978401A00F07F007047210300206C
:1063A000240300200348007803490978401A00F0CC
:1063B0007F007047210300202403002010B52DED3D
:1063C000048B86B0B0EE408AF0EE608A00202D4942
:1063D00008702D490870142101A8F9F712FF012057
:1063E0002A4908709FED2A0A2A4880ED000A9FED8D
:1063F000280A80ED010A9FED260A80ED020A9FED32
:10640000240A80ED030A9FED220A80ED040A002190
:1064100001A8FFF77BFB204880ED008A9FED1F0A53
:10642000C8EE800AB0EE609AB0EE490A01F0A8FB0F
:10643000002420E01A48007850B9174800EB840087
:1064400090ED000A134800EB840080ED000A10E094
:10645000104800EB840090ED000A0F4800EB840028
:10646000D0ED000A30EE200A0A4800EB840080EDEF
:10647000000A601CC4B2052CDCDB06B0BDEC048B4A
:1064800010BD00001A00002022000020750000202E
:1064900000000000AC0C0020980C002000007042AE
:1064A0006004002010B502F07BFC02F061FC02F0F9
:1064B00085FC10BD10B501F057FA002006490870A0
:1064C00006490870FBF7DAFB0548007801F052FB3B
:1064D0000120FFF757FB10BD5C0400205D04002085
:1064E0005E0400202DE9F04105460E461746A846F9
:1064F000002407E0E3B23A463146404600F007F890
:106500008046641C072CF5DD4046BDE8F08130B5BF
:106510000446C3F1070001FA00F0C5B205F080059A
:1065200004F08000684018B182EA4400C0B230BD77
:106530006006000EFBE70146481C00F07F00704734
:106540002DE9FF4F2DED020B2DED108B89B0B0EE34
:1065500040AA9FEDFE0AB0EE40EAFD48006840B157
:10656000FC480078FC490978884202D10120FB49A7
:106570000870F8480078FFF7DEFF0890F5480078CB
:10658000C0EBC00000EB8000F54901EB8004002067
:106590006C3404F86C0CA0731D9820731E9804F8DA
:1065A0002E0CF048006860619FEDEF0A2AEE000AA9
:1065B00084ED060AED48007820776C3C0020EC4919
:1065C00008700120FEF7C6F9002508E0E94850F8F8
:1065D000251004F11C0040F82510681CC5B2052DDB
:1065E000F4DB0020FEF7B6F9E3490968E24A526895
:1065F0008818002801DB014600E041426160DE4965
:106600000968DD4A5268881A002801DB014600E06B
:106610004142A160D9488168E160C1682161016996
:106620006161D7480068A061D648007884F87B0093
:1066300000200790606848B9A06838B9E06828B9B8
:10664000206908B9606908B101200790002084F82A
:106650003C00C948016840680844002805DA94F8FD
:106660003C0040F0010084F83C00C34801684068E9
:10667000081A05D594F83C0040F0020084F83C006C
:10668000C1488168BB488068814205DA94F83C00C3
:1066900040F0040084F83C00BB48C168B548C068BD
:1066A000814205DA94F83C0040F0080084F83C0090
:1066B000B5480169AF480069814205DA94F83C00A9
:1066C00040F0100084F83C00206928B1606918B1DE
:1066D0001C9884F83D000EE0206918B1002084F871
:1066E0003D0008E0606918B1012084F83D0002E037
:1066F0001C9884F83D00A448C1689E48C068081AE8
:1067000006D0A148C1689B48C068A1EB000B0EE011
:106710009D48016997480069081A06D09A4801699E
:1067200094480069A1EB000B01E04FF0000B60689A
:1067300018B10121002001F09FFFA06818B10121CC
:10674000084601F099FFE06818B10121022001F02C
:1067500093FF206918B10121032001F08DFF6069CA
:1067600018B10121042001F087FF8848007884F8DF
:106770007C008748007830B194F87C0040F0040039
:1067800084F87C0007E0E06828B994F87C0020F0E9
:10679000040084F87C00FFF7F9FD074667B900257F
:1067A00008E09FED6A0A7B4800EB850080ED000A57
:1067B000681CC5B2052DF4DB1B9860666448006850
:1067C00058B36648007830B161480068874202DB00
:1067D0000020624908705E48006887421DDA5F4801
:1067E0000078D0B9012F18DD00EE107AF8EEC00A5B
:1067F000574890ED000AB8EEC00A80EE80DA2AEE23
:106800000D0AB0EE40AA94ED190AB8EEC00A20EEC7
:106810000D0ABDEEC00A84ED190AB5EEC0AAF1EE6C
:1068200010FA54D00798F0B194F83D00C01C5A4AB1
:1068300002EB800090ED000A10EE101A0846F9F7FE
:10684000C9FE41EC1F0BB0EE4F0AF0EE6F0AFDF7E8
:106850003DFFB0EE40CAF0EE60CA51EC1C0BF9F7F8
:10686000FDFEA06504E04D4890ED000A84ED160A97
:1068700094ED160A10EE101A0846F9F7ABFE41EC3B
:106880001F0B53EC1F2B9FED460B51EC100BF9F730
:10689000EDFD41EC1C0BF9F7E1FE0EEE100A6AEE7D
:1068A0000EBA94ED160A20EE2B0A20EE000A84EDB3
:1068B000130AD4ED060AF8EE600A60EEAB0AB0EEF9
:1068C000600AFDF7CDFEBCEEC00A84ED190AB7EEF2
:1068D000009A0120FEF73EF800257FE02E4800EBED
:1068E000850090ED000A20EE2B0A02A800EB85003F
:1068F00080ED000A02A800EB850090ED000A10EE82
:10690000101A0846F9F766FE41EC1F0BB0EE4F0A6D
:10691000F0EE6F0AFDF7DAFEB0EE40CAF0EE60CAA4
:1069200051EC1C0BF9F79AFE0AEE900A05EB4500B4
:106930001D4901EB001090ED020AB4EEEA0AF1EEF7
:1069400010FA49D200BF05EB45002FE0000000001F
:10695000FC0200202103002024030020000300206B
:10696000A4160020380000200000704224000020FF
:1069700025030020681600202C1600201816002081
:1069800010030020140300207C1600203604002091
:106990002003002090160020041600200C03002085
:1069A000000000000000F03FA45C002001EB00109C
:1069B000D0ED020A80EEAA0AB4EEC90AF1EE10FA8E
:1069C00009D205EB450001EB001090ED020AC0EE84
:1069D0002A0AB0EE609A00BF681CC5B2052DFFF60A
:1069E0007DAF0020FDF7B6FF19EE100AF9F7F2FDB2
:1069F00041EC1C0B1FED160B53EC102BF9F7FEFDB1
:106A000029D20120FDF7A6FF00250DE002A800EB2A
:106A1000850090ED000A20EE090A02A800EB85002F
:106A200080ED000A681CC5B2052DEFDB94ED190A54
:106A3000B8EE400A20EE090ABCEEC00A84ED190A3D
:106A400094ED130A69EE090A20EE200A84ED130A78
:106A50000020FDF77FFFFE48C06818B1FC48D0F861
:106A60000C9008E0FA48006918B1F948D0F8109085
:106A700001E04FF0000994ED060AB8EE400A20EE5E
:106A80000EBA606898B9A06888B9E06878B9DFED97
:106A9000F10A6BEE200AB0EE600AFDF7E1FDBCEEF4
:106AA000C00A10EE106A002084F83F0063E1B9F1DB
:106AB000000F02D04FF4FA7001E04FF4FA7000EECC
:106AC000900AF8EEE00A20EE8B0A10EE100AF9F7B1
:106AD00081FD41EC1F0BB0EE4F0AF0EE6F0AFDF79F
:106AE00033FDB0EE40CAF0EE60CA51EC1C0BF9F772
:106AF00058FD0646B9F1000F10D094F83D00D64974
:106B000001EB800090ED000AB5EEC00AF1EE10FA3C
:106B100004D0BBF1000F01DD012000E0002084F86B
:106B20003F0094F83F00E0B3CC480068CC490968C6
:106B3000401A00EE100AB8EEC00ACA48D0ED010AA9
:106B400080EE201AB0EE41FAC4484068C449496852
:106B5000401A00EE100AB8EEC00AC248D0ED0D0A85
:106B600080EE201AB0EE41CABC488068BC498968F2
:106B7000401A00EE100AB8EEC00ABA48D0ED190A61
:106B800080EE201AF0EE41CAB448C168B448C0682B
:106B9000081A00EE100AB8EEC00AB248D0ED250A75
:106BA00000E03BE080EE201AF0EE41FA6FEE0F0AB3
:106BB0004CEE0C0A4CEEAC0AB0EE600AFDF785FE16
:106BC000CFEE800AC4ED120A94ED120AF0EE080A24
:106BD000B4EEE00AF1EE10FA03DD002084F83F0085
:106BE0001BE094F83D109C4A02EB810191ED000AF4
:106BF000D4ED120A60EE200A9B4991ED031A81EE52
:106C0000200A20EE0B0ABCEEC00A10EE100A00BFEC
:106C1000864200D9064600BF00BF00BF4FF0010A00
:106C20000120FDF797FE002518E0904800EB850055
:106C3000D0ED000A00EE10AAB8EE400AF4EEC00A49
:106C4000F1EE10FA08DD894800EB850090ED000AAE
:106C5000BCEEC00A10EE10AA681CC5B2052DE4DB1C
:106C60004FF0FF30B0FBFAF0814908600020FDF7DB
:106C700071FE7F49A069096888423AD80120FDF772
:106C800069FE00252FE0201D50F8250048B3774805
:106C900000EB8500D0ED000A00EE106AB8EE400A65
:106CA000F4EEC00AF1EE10FA1BD2704901EB850137
:106CB000D1ED000A94ED060AB8EE400A60EE800AB3
:106CC000211D51F8251000EE101AB8EE400A80EE92
:106CD000801ABCEEC10A10EE100A864200D90646A0
:106CE00000BF681CC5B2042DCDDB0020FDF732FECD
:106CF00041E00120FDF72EFE002537E0201D50F871
:106D0000250088B3594800EB8500D0ED000A00EE5D
:106D1000106AB8EE400AF4EEC00AF1EE10FA23D27F
:106D2000524800EB850090ED001AD4ED060AF8EE0B
:106D3000600A21EE201A201D50F8250000EE900A6E
:106D4000F8EE600AC1EE201AB0EE610A00EE906A19
:106D5000F8EE600AF4EEC00AF1EE10FA03DDFCEE84
:106D6000C00A10EE906A00BF681CC5B2042DC5DBD6
:106D70000020FDF7EFFD666700EE106AB8EE400AEE
:106D8000C0EE0B0AC4ED170A3046F9F7DEFB41EC02
:106D90001C0B9FED380B53EC102BF9F7F5FA41EC77
:106DA0001F0BF9F7DFFBA06394F83F00E8B194F8FC
:106DB0003D00294901EB800090ED000AD4ED120A54
:106DC00020EE200AD4ED170A20EE200A2548D0ED47
:106DD000250A20EE200ADFED290A80EE801ABCEE9B
:106DE000C10A10EE100AA4F84000D4ED130AB0EE68
:106DF000600AFDF76AFDF0EE409AB0EE698A4FF046
:106E000000080120FDF7A6FD00255DE002A800EBCB
:106E1000850090ED000A10EE101A0846F9F7DAFB2B
:106E2000CDE900019DED000BFDF750FCB0EE40CA2E
:106E3000F0EE60CA51EC1C0BF9F710FC0FEE100AD3
:106E4000094800EB850090ED000AF0EE40FA17E0EB
:106E5000181600200000FA43040300207C160020CE
:106E600068160020A45C00208C150020A0150020CE
:106E7000E40200208DEDB5A0F7C620400024F449BF
:106E8000B4EEEFFAF1EE10FA1CDDB8F1000F0FD0FE
:106E900069EEAF0AB0EE600A6FEE080AF4EEC00ABF
:106EA000F1EE10FA03DDC0EE0F0AB0EE608A09E0E1
:106EB0008FEE8F0A20EE080AB0EE408A08F101003A
:106EC00000F0FF08681CC5B2052D9FDB0020FDF710
:106ED00041FDEFB3884890ED000ADFED880AB4EE7B
:106EE000E00AF1EE10FA33D3B7EE000AB0EE40CA72
:106EF0004FF0000890ED000AFDF7E7FCF0EE40CA05
:106F0000B7EE000AF0EE40FAF4EEEC9AF1EE10FA69
:106F100006D2F0EE698A88EEAC0AF0EE40FA01E0A3
:106F2000F0EE6C8A0120FDF715FD002571E0744834
:106F300000EB8500D0ED001A61EEAF1AB0EE610AE9
:106F400002A800EB8500D0ED001AF0EE610A00E027
:106F50007FE0B8F1000F07D060EE0C1AB0EE610AC6
:106F600060EE8C1AF0EE610AB4EEE00AF1EE10FA6F
:106F700019DDF5EEC00AF1EE10FA04DCB5EEC00A38
:106F8000F1EE10FA02D270EE601A25E0F1EE601A0E
:106F9000B4EEE10AF1EE10FA02DDF0EE401A1BE069
:106FA000F1EE601A18E0F5EEC00AF1EE10FA04D323
:106FB000B5EEC00AF1EE10FA02DD70EEC01A0BE079
:106FC000F1EE401AF4EEE01AF1EE10FA02DDF1EE05
:106FD000401A01E0F0EE601AB0EE611A494800EB89
:106FE0008500D0ED001AF4EEC11AF1EE10FA0ED2BF
:106FF000444800EB850090ED002AC2EE011A61EED4
:107000008C1AB0EE61CA08F1010000F0FF08681C9C
:10701000C5B2052D8BDB0020FDF79CFCB8F1000FFD
:1070200003D028EE8C0AF0EE408A9FED370A28EE56
:1070300080FA364890ED000AB4EECF0AF1EE10FA6D
:1070400006DDB4EECF8AF1EE10FA01DDF0EE488AEB
:1070500001E0F0EE488A2D4880ED008A68EEA8EA4B
:10706000C4ED15EAD4ED160AB0EE601AD4ED170A95
:10707000F1EE600AB0EE600ADFED250AFFF76EF967
:10708000F0EE40DA9FED220A84ED140A2078D4ED68
:10709000130AB0EE6D0AF4EEC00AF1EE10FA01D850
:1070A000032100E0012108432070142202A91448A2
:1070B000F9F78EF894ED130A0F4880ED000A154990
:1070C000089808700120FDF745FC002507E01248EC
:1070D00050F82500114941F82500681CC5B2052D5E
:1070E000F5DB0020FDF736FC00F08CF909B0BDECB3
:1070F000108B06B0BDE8F08FE8020020BD37863562
:10710000B41500208C150020A4707D3F28030020BA
:107110000BD7233B210300207C160020681600209B
:107120000848007808490978884206D0064800785F
:10713000401C00F07F0004490870012003490870DA
:10714000704700002103002024030020DC020020FF
:1071500070B500BF1548007815490978401A00F04D
:107160007F00054605B312480078C0EBC00000EB75
:107170008000104901EB8004207800F0010008B184
:10718000002070BD0A480078FFF7D5F90A49087059
:107190000748007809490978884203D106480078F1
:1071A000064908702046ECE70020EAE721030020AA
:1071B00024030020A4160020220300202303002023
:1071C000014600222B4B1A702B4B1A709FED2B1A85
:1071D0002B4A82ED001A00200CE09FED281A294A64
:1071E00002EB800282ED001A0022274B43F8202098
:1071F000421CD0B20528F0DB9FED241A244A82ED10
:10720000011A82ED001A234A11700122224B1A70D2
:10721000B2EE041A214A82ED001AB2EE041A82ED8F
:10722000011A9FED1F1A82ED021AB3EE041A82EDC5
:10723000031AB3EE041A82ED041A002016E0194A6C
:1072400052F8202001EE102AB8EE411A00EB40025D
:10725000154B03EB0212D2ED011A21EE211A134A4B
:1072600002EB800282ED001A421CD0B20428E6DD57
:1072700070470000210300202403002000000000CC
:107280001C03002090160020681600200AD7233D1A
:107290000403002020030020000300208C150020A0
:1072A0009A99993EC8150020A45C0020A0150020E2
:1072B0002DE9F84304460D4616461F46DDF82080AA
:1072C0000120FDF747FB0F48046045608660C760FA
:1072D000C0F81080FFF75AF870B90A480069DFF863
:1072E00024C00090DCF80C30DCF80820DCF8041036
:1072F000DCF8000000F082FF0020FDF72BFBBDE86A
:10730000F88300006816002070B511480478002644
:1073100019E0C4EBC40000EB80000E4901EB8005CE
:10732000287800F0200050B91EB1304601F014FD5D
:1073300020B922462946304600F010F82E46204655
:10734000FFF7F9F80446044800788442E1D170BDA3
:1073500023030020A41600202103002070B5054659
:107360000C4616460120FDF7F5FA95B3287800F093
:10737000020078BB95ED140AD4ED140AB4EEE00ACD
:10738000F1EE10FA2CD2D5ED161AB0EE611AD5ED49
:10739000141AF0EE610AD5ED171AF1EE611AB0EE8B
:1073A000610AFEF7DBFFF0EE402A94ED140AB4EE1A
:1073B000E20AF1EE10FA12DD207840F001002070B0
:1073C000204601F0C9FC30B1207820F00100207087
:1073D00005E010E004E0C4ED142A0948067000BF7F
:1073E00094ED140AD4ED150AB4EE600AF1EE10FA29
:1073F00001D1034806700020FDF7ACFA70BD000013
:107400002303002010B50848007800F0C7F90446AF
:1074100006480078844203D000F016F9FFF774FFA5
:1074200000F006F810BD0000210300202303002017
:107430002DE9F0472DED0A8B7A4806787A480778CF
:1074400012E0384600F0AAF98046C8EBC80000EB0D
:107450008000764901EB800999F8000000F02000D7
:1074600000B903E0474600BFB742EAD100BF00259C
:107470000024DFED6F8A9FED6E8A72E0C6EBC600D6
:1074800000EB8000694901EB8004207800F02000C7
:10749000002862D1D4ED140AB0EE600AFDF715FAA7
:1074A000B0EE408A002D55D0287800F0010018B9C0
:1074B000207800F00100E8B3287840F0010028703F
:1074C000284601F049FCB0BBD5ED130AB0EE600AC6
:1074D000FDF7FBF9B0EE409AB7EE000AC0EE090ADC
:1074E000F0EE609A28EE291AF0EE410A28EEA91A69
:1074F000B0EE410A2846FEF7EBF995F83F0020B3BD
:107500003C35D5ED030A68784A4901EB800090EDDF
:10751000001A60EE810A484890ED251A60EE810A53
:10752000B0EE600A69EE000AFCEEE00A10EE900A86
:10753000E88001E00EE009E068EE000AFCEEE00AF7
:1075400010EE900A28813C3D00BF00BF287820F053
:10755000010028702546F0EE488A3046FEF7EBFF22
:107560000646BE428AD1E4B3207840F00100207084
:10757000284601F0F1FBA8BBD4ED130AB0EE600A77
:10758000FDF7A3F9B0EE409AB7EE000AC0EE090A83
:10759000F0EE609A9FED291A29EE811AF0EE410A69
:1075A00028EE291AB0EE410A2046FEF791F994F828
:1075B0003F0070B33C3494ED030A60781D4901EB41
:1075C0008000D0ED000A20EE200A1B48D0ED250AED
:1075D00020EE200AB0EE40AA29EE0A0ABCEEC00A4C
:1075E00001E01BE016E010EE100AE0801AEE100A2F
:1075F000F8F7F0FF41EC1C0B9FED110B53EC102B37
:10760000F8F7C2FE41EC1B0BF8F7CBFF20813C3CA6
:1076100000BF00BF207820F001002070BDEC0A8B75
:10762000BDE8F0872403002021030020A4160020D9
:107630000000000004030020A45C0020CDCC4C3DE1
:107640009A9999999999A93F2DE9F041194800789B
:1076500000F0A4F8054618480478164800788442DB
:1076600001D1BDE8F081002720E0C5EBC50000EBAB
:107670008000124901EB8006307800F0200020B92C
:107680003946304600F01CF83746284600F086F8A8
:10769000054606E0A54200D1E3E72046FEF74BFF92
:1076A0000446054800788442F4D100BFA542DCD1ED
:1076B00000BFD6E72103002023030020A4160020EA
:1076C00070B504460D460120FDF744F9002C5FD04B
:1076D00094ED150AF0EE402A94ED140AB4EE620A15
:1076E000F1EE10FA05D1002D51D0287800F00100FC
:1076F000E8B3207800F0020010B1B0EE620A2BE08F
:10770000D4ED161AB0EE611A15B1D5ED141A01E0D8
:10771000DFED211AF0EE610AD4ED171AB1EE610A1D
:10772000FEF71CFEB4EEE20AF1EE10FA02DDB0EE56
:10773000620A11E0D4ED161AB0EE611A15B1D5ED5A
:10774000141A01E0DFED141AF0EE610AD4ED171AF5
:10775000B1EE610AFEF702FEB0EE403A94ED140A73
:10776000B4EE430AF1EE10FA10D0207800E00EE0FB
:1077700040F001002070204601F0EEFA20B12078A0
:1077800020F00100207001E084ED143A00BF00BF3A
:107790000020FDF7DFF870BD0BD7233B0146481EE4
:1077A00000F07F007047000010B55F4800780028A7
:1077B0007ED000205C4908705C4800680028F7D043
:1077C0005A480068D0F88000594908605748006856
:1077D00090ED210A574880ED000A002053490860C7
:1077E0005548007855490978884205D053480078B3
:1077F000FEF7A1FE51490870002051490870401E53
:107800005049086000205049087050490880012004
:10781000FDF79DF84E4800684D49496808444010FE
:107820004C4908604A48006849494968401A401074
:10783000484948604648806888604548C068C860D4
:10784000434800690861084690ED000AB8EEC00A96
:107850004148D0ED010A80EE201A404880ED001A20
:10786000084690ED010AB8EEC00A3B48D0ED0D0A7B
:1078700080EE201A394880ED011A084690ED020A80
:10788000B8EEC00A3448D0ED190A80EE201A334809
:1078900080ED021A084690ED030AB8EEC00A2E48A1
:1078A000D0ED250A80EE201A2C4880ED031A00E066
:1078B00011E0084690ED040AB8EEC00A2648D0ED63
:1078C000310A80EE201A254880ED041A0020FDF7C9
:1078D0003EF8FEF73BFA1548006800B910BD1348A2
:1078E0000068D0F8800060B110480068D0F88000CF
:1078F0000F4908600D48006890ED210A0D4880EDA1
:10790000000A002409E0002000F0D8FF14480068B5
:10791000401C13490860601CC4B2124800788442BD
:10792000F1DB00BFDAE70000DD0200206402002086
:10793000180100201C010020210300202403002046
:10794000C6020020B4020020C4020020D40200209D
:10795000945D002068160020A45C0020AC0C002080
:1079600094020020A802002010B5002201214C48FA
:10797000FAF7D6FD4B48006890B14B48007878B9CB
:1079800001204949087047480068D0F880004749FD
:1079900008604448006890ED210A454880ED000ADF
:1079A00044480078444908704449087044490870C4
:1079B00001E0FFF7B5FB00BF3F4800783D4909787B
:1079C000884201D1002000E001200028F1D1354992
:1079D00008600120FCF7BBFF3A4800683949496854
:1079E00008444010384908603648006835494968FD
:1079F000401A4010344948603248806888603148F5
:107A0000C068C8602F4800690861084690ED000A08
:107A1000B8EEC00A2D48D0ED010A80EE201A2C489D
:107A200080ED001A084690ED010AB8EEC00A27481A
:107A3000D0ED0D0A80EE201A254880ED011A084687
:107A400090ED020AB8EEC00A2048D0ED190A80EE87
:107A5000201A1F4880ED021A084690ED030AB8EE7E
:107A6000C00A1A48D0ED250A80EE201A184880ED89
:107A7000031A084690ED040AB8EEC00A1348D0ED88
:107A8000310A80EE201A124880ED041A0020FCF71B
:107A90005EFF012211460248FAF742FD10BD0000C8
:107AA000000C004064020020250300201801002083
:107AB0001C010020240300202103002023030020B8
:107AC00022030020945D002068160020A45C0020A2
:107AD000AC0C002010B5FEF7BDF80F48007828B1B7
:107AE000FBF782F910B100200B4908700B480078B1
:107AF00001280FD1FEF718F90948FAF765F8094887
:107B0000FAF762F801200849087008490870002057
:107B10000249087010BD0000B9000020600200207A
:107B20000044004000540140B001002098000020B3
:107B300010B5C82202490348FEF786F810BD0000C0
:107B4000045E0020E45D002008B500200090694636
:107B50000248FEF76FF89DF8000008BDE45D0020C4
:107B600010B50248FEF75EF810BD0000E45D00208D
:107B7000704700000149087070470000630400204E
:107B80002DE9F0412DED108B86B00746F0EE408ACE
:107B9000002600243AE007EB840090ED000A04EB95
:107BA0004400FE4A02EB0010D0ED010A20EE200A4C
:107BB00010EE101A0846F8F70DFD41EC190BB0EE67
:107BC000490AF0EE690AFCF7C3FD01A941F8240057
:107BD0000120A040F2490978084050B1F14850F81E
:107BE000240001A951F824100844EF4941F8240069
:107BF0000AE001A850F82400EC49096851F8241063
:107C00000844E94941F82400601CC4B2052CC2DBD9
:107C10000020E7490870002450E0E34850F82400B1
:107C2000E04951F82410401AE24941F8240008467E
:107C300050F82400E04941F82400DE4951F82400BE
:107C4000002801DB014600E041428846B8F5004FBC
:107C500013DAD84850F8240000EE100AB8EEC00A33
:107C6000D64800EB8400D0ED000A20EE200AD4486C
:107C700000EB840080ED000A12E0CE4850F82400AA
:107C800000EE100AB8EEC00ACC4800EB8400D0ED3C
:107C9000000A20EE200ACA4800EB840080ED000AAA
:107CA000C44840F8248050F82400B04204DDC048A5
:107CB0000470C04850F82460601CC4B2052CACDBD2
:107CC0000026BD490968BC4A52688818002801DBB3
:107CD000014600E04142BB4A1160B7490968B64A13
:107CE0005268881A002801DB014600E04142B54A8B
:107CF0005160B1498868002801DB014600E041423B
:107D0000B04A9160AC49C868002801DB014600E038
:107D10004142AC4AD160A8490869002801DB01460C
:107D200000E04142A74A116100240BE0A54850F849
:107D30002400B04204DD9E480470A24850F824603C
:107D4000601CC4B2052CF1DB9F4806609C4890ED96
:107D5000000A20EE000AD0ED010A90ED011A00EEB3
:107D6000810AD0ED020A90ED021A00EE810A10EEAF
:107D7000101A0846F8F72EFC41EC1A0BB0EE4A0A2E
:107D8000F0EE6A0AFCF764FDB0EE409AF0EE609AFD
:107D900051EC190BF8F762FC08EE100AB5EEC08A38
:107DA000F1EE10FA59D1864890ED040A10EE101A3F
:107DB0000846F8F70FFC41EC1C0BB0EE4C0AF0EE55
:107DC0006C0AFCF783FCB0EE40AAF0EE60AA7C4897
:107DD00090ED030A10EE101A0846F8F7FBFB41EC91
:107DE0001C0BB0EE4C0AF0EE6C0AFCF76FFCB0EE28
:107DF00040BAF0EE60BA53EC1A2B51EC1B0BF8F7BB
:107E000015FC10D26E4890ED030A10EE101A0846C9
:107E1000F8F7E0FB41EC1A0BB0EE4A0AF0EE6A0A02
:107E2000FCF754FC0FE0664890ED040A10EE101ABF
:107E30000846F8F7CFFB41EC1A0BB0EE4A0AF0EE19
:107E40006A0AFCF743FCB0EE409AF0EE609A51ECFF
:107E5000190BF8F703FC08EE100A5B48006860B1E4
:107E600018EE100AF8F7B6FB41EC190B9FED570B13
:107E700053EC102BF8F7C2FB04D106B0BDEC108B0D
:107E8000BDE8F081534880ED008A534890ED000A28
:107E900028EE800A514880ED000A002472E04D4827
:107EA0000068F8F797FB41EC1A0B454800EB84009B
:107EB00090ED000A10EE101A0846F8F78BFB41EC23
:107EC0001E0BB0EE4E0AF0EE6E0AFCF7FFFBB0EEB2
:107ED00040CAF0EE60CA18EE900AF8F77BFB41EC5E
:107EE0001D0B53EC1C2BF8F74FFA41EC1B0B53EC1A
:107EF0001A2BF8F7BBFA41EC190BF8F7AFFB0FEEB2
:107F0000100A04EB4400254901EB001090ED020A31
:107F1000B4EECF0AF1EE10FA32D2294800EB840019
:107F200090ED000A10EE101A0846F8F753FB41ECEA
:107F30001C0BB0EE4C0AF0EE6C0AFCF7C7FBB0EE7F
:107F400040AAF0EE60AA04EB4400144A02EB0010D1
:107F500090ED020A1F48D0ED000A20EE200A10EE34
:107F6000101A0846F8F736FB41EC1B0B53EC1A2BA2
:107F7000F8F77CFA41EC190BF8F770FB1749086029
:107F8000601CC4B2052C8ADB0D48094A127800EB4C
:107F9000820090ED000A10EE101A21E0A45C00208F
:107FA00060040020681600207C1600206804002071
:107FB00014030020181600202C160020A85D0020B5
:107FC00004160020401600201003002000000000CE
:107FD000000000000C03002070000020700400204E
:107FE0000846F8F7F7FA41EC1A0BB0EE4A0AF0EE41
:107FF0006A0AFCF76BFBB0EE409AF0EE609A51EC27
:10800000190BF8F72BFB36490860364890ED000A4B
:108010000846D0ED000A20EE200A3348D0ED000AD1
:1080200080EE201A314880ED001A3148007800EBCC
:108030004000304A02EB001090ED010A2B48D0EDD1
:10804000000A20EE200A10EE101A0846F8F7C2FACD
:1080500041EC1A0BB0EE4A0AF0EE6A0AFCF774FA29
:10806000B0EE409AF0EE609A51EC190BF8F77AFAFC
:1080700005462148007800F08000B8B1194890ED1D
:10808000000A1E48D0ED000A20EE200A154880EDB7
:10809000000A00EE105AB8EEC00A1848D0ED000AE7
:1080A00020EE200ABDEEC00A10EE105A14480378E4
:1080B000012201782846DFF82CC09CED000AFEF76B
:1080C0003FFAFEF76FF90F490978884203DB012078
:1080D0000D49087002E000200B49087000BFCCE693
:1080E00078040020700400200C0300207404002099
:1080F00014030020A45C0020600400205804002029
:108100006C0400205F0400205C0400200146064A45
:108110001170002004E00122044B1A54421CD0B21A
:108120000228F8DB70470000AE020020AC020020FD
:108130000020014908707047AF0200202DE9F0418E
:108140000120FCF704FC4FF6FF712748F9F71CFCEF
:1081500000240A2700BF0020FCF7F9FB2348006831
:1081600008B9FFF721FB2148006848B9FDF79AF8E4
:108170001E4908601E48007810B100201D49087093
:108180001A4800681C490968884202D817480068E4
:1081900001E0194800688046B8F5803F01D24046AA
:1081A00001E04FF6FF70064610480068801B0F493B
:1081B000086034440120FCF7CAFB0B48FAF7C6F903
:1081C000851C781EC0B2071E00D12C46AC42C2D31B
:1081D00021460548F9F7D8FB0020FCF7B8FB044816
:1081E0000078BDE8F0810000000C0040E0020020B3
:1081F000DE0200205C040020B40200202DE9F041E2
:1082000004460D4616461F46DDF818800120FCF78F
:108210009EFB60190E490860601B48600846866036
:10822000C760C0F810800B48007840B90A48007851
:10823000012804D1084600680849086003E00448A2
:108240000068074908600020FCF781FBBDE8F08169
:10825000945D002018000020190000202404002054
:10826000200400202DE9F04F2DED048B81B007464E
:108270004FF0000BD94601210420F9F717FE012128
:108280000846F9F713FE0121A848F9F7BDF91FB117
:108290004FF0010B4FF09F0900242FE1002F7DD0FC
:1082A000C9F3C01ABAF1000F04D00120A04000EABF
:1082B000090008B1012000E0002004EB44019C4AC1
:1082C00002EB011108700120A04000EA0B0008B188
:1082D000012000E0002004EB4401954A02EB01116B
:1082E0004870944850F8240000EE100AB8EE400A96
:1082F00010EE101A0846F8F76DF941EC190B9FEDD6
:108300008E0B53EC102BF8F7B1F841EC180BF8F783
:10831000A5F904EB4401864A02EB01114860884844
:1083200050F8240000EE100AB8EE400A10EE101AC1
:108330000846F8F74FF941EC190B9FED820B53EC0F
:10834000102BF8F793F841EC180BF8F787F904EBCA
:108350004401774A02EB011188607C4850F8240000
:1083600000EE100AB8EE400A04EB4400114601EB9F
:108370000010D0ED010A20EE200ABDEEC00A10EE7A
:10838000105A04EB440001EB001000F1100804EB5C
:10839000440001EB001000F1140600E071E0052C30
:1083A0001AD2DFE804F003040E13140000BF2846BD
:1083B00005EBD0714910316030684042C8F80000C8
:1083C0000AE035600020C8F8000005E000BF356015
:1083D0006842C8F8000000BF00BF10208DF80300FD
:1083E00003208DF8020004EB8400594901EBC00022
:1083F0008088ADF8000004EB8401554A52F8310042
:108400006946F9F729FA04EB8400514901EBC000F1
:108410008089ADF8000004EB84014D4A02EBC101F4
:1084200088686946F9F718FA04EB8400484901EBBB
:10843000C000808AADF8000004EB8401444A02EBDE
:10844000C10108696946F9F707FA04EB8402404B59
:1084500003EBC202918A04EB840203EBC2021069AF
:10846000F9F790FA00203B4941F8240004EB44015D
:108470002F4A02EB0111087304EB440102EB0111D6
:10848000487300203449085534490855032C01DB52
:10849000012100E0002104EB4400254A02EB00101A
:1084A00080F82010002104EB440002EB0010416230
:1084B000012104EB440002EB001080F821100021A0
:1084C00004EB440002EB001080F82210002004EBC3
:1084D000440102EB01110876002104EB440002EB99
:1084E0000010C16104EB440002EB0010816204EB58
:1084F000440002EB0010C162601CC4B2052CFFF600
:10850000CDAE27B100201649087016490870002426
:1085100005E00020144921F81400601CC4B2022CAC
:10852000F7DB01B0BDEC048BBDE8F08F000230003A
:10853000A45C00202C0300200000000080842E4159
:10854000400300200000000000004E4040040020D6
:1085500058030020945D0020280400202D040020F2
:1085600036040020370400203204002070B5044691
:108570000D4644BB00BF04EB44003D4901EB001035
:10858000407808B1284601E085F0010068B104EBAD
:108590008402384B03EBC202918904EB840203EBA3
:1085A000C2029068F9F7EEF90CE004EB8402314B5B
:1085B00003EBC202918904EB840203EBC2029068D0
:1085C000F9F7DEF953E0012C28D100BF04EB440099
:1085D000274901EB0010407808B1284601E085F0FA
:1085E000010068B104EB8402224B03EBC2029189C3
:1085F00004EB840203EBC2029068F9F7C3F90CE0C4
:1086000004EB84021B4B03EBC202918904EB84024E
:1086100003EBC2029068F9F7B3F928E000BF04EB5E
:108620004400134901EB0010407808B1284601E0EE
:1086300085F0010068B104EB84020E4B03EBC2022B
:10864000918904EB840203EBC2029068F9F79AF96E
:108650000CE004EB8402074B03EBC202918904EBAC
:10866000840203EBC2029068F9F78AF900BF70BD7B
:10867000A45C00205803002039B101228240074B3E
:108680001B781A43054B1A7006E001228240034B07
:108690001B789343014A1370704700003604002092
:1086A00070B504460D463DB10120A040254909782A
:1086B00008432449087006E00120A04021490978B8
:1086C0008143204801700CB1012C1BD100BF2DB992
:1086D0001D4A918A1069F9F755F904E01A4A918AFE
:1086E0001069F9F74DF900BF00BF2DB9164A918FF7
:1086F000906BF9F747F904E0134A918F906BF9F703
:108700003FF91DE000BF6DB904EB84020E4B03EB93
:10871000C202918A04EB840203EBC2021069F9F7EA
:1087200031F90CE004EB8402074B03EBC202918A9F
:1087300004EB840203EBC2021069F9F721F900BFD0
:1087400070BD0000370400205803002070B50546B6
:1087500010480078854200D170BD002415E001204A
:10876000A040C6B205EA06000A49097831408842AD
:1087700009D005EA060008B1012000E0002001460A
:108780002046FFF78DFF601CC4B2052CE7DB00BF5D
:10879000E2E700003704002070B504460D4600BF34
:1087A00065B104EB84020C4B03EBC202918804EB2D
:1087B000840253F83200F9F7E5F80BE004EB840289
:1087C000054B03EBC202918804EB840253F832009C
:1087D000F9F7D6F800BF70BD5803002000EB400148
:1087E000024A02EB011191ED010A7047A45C0020DE
:1087F000F0B5059C00250CB1012700E0002700EB37
:108800004006DFF8B4C00CEB061686F8237000EBC8
:108810004006674607EB061696F8236006B9012561
:1088200000EB4006244F07EB061696F8236006B9C6
:10883000F0BD571000EB4006DFF87CC00CEB0616CD
:10884000776200EB4006674607EB0616766A7742CA
:1088500000EB40060CEB0616776200EB400667461D
:1088600007EB0616317600EB400607EB0616F261C1
:1088700000EB400607EB0616F46213B14FF0FF362B
:1088800000E00126F7B200EB4006DFF82CC00CEB4D
:10889000061686F8217083F0010700EB40060CEB0A
:1088A000061686F82270002700EB40060CEB061631
:1088B000B76200BFBCE70000A45C002010B504460E
:1088C00004EB4400FE4901EB001090F8230000B9CE
:1088D00010BD04EB4400FA4901EB0010416A04EBBF
:1088E0004400F74A02EB0010C06A014404EB440064
:1088F00002EB0010416204EB4400114601EB001052
:10890000406A002871DD04EB440001EB0010816A2D
:1089100004EB440002EB0010C06A814265DA04EB0C
:108920004400114601EB0010416A04EB440002EBE5
:108930000010C069091A04EB440002EB0010416208
:1089400004EB4400114601EB001090F82000C8B180
:1089500004EB440001EB001090F82100012808D13D
:10896000E01ED849085C401C41B2E01ED54A1154B3
:10897000DAE1E01ED349085C401E41B2E01ED14A54
:108980001154D1E104EB4400CD4A02EB001090F801
:1089900022102046FFF7EAFD002C7AD0022C79D174
:1089A00004EB4400C64901EB001090F8220050B3DC
:1089B000C548007808BB01212046FFF7EDFE00BF47
:1089C00000BF00BF00BF00BF00212046FFF7E4FE4C
:1089D000BE4850F8241004EB4400B94A02EB0010E2
:1089E00090F82100012801D102E0AAE14FF0FF3008
:1089F0000844B64941F8240096E10020B4490855DE
:108A0000B449085590E1B4480078012827D1B3480B
:108A10000078012802D1F9F723F985E101212046E8
:108A2000FFF7BAFE00BF00BF00BF00BF00BF0021BC
:108A30002046FFF7B1FEA54850F8241004EB44008F
:108A40009F4A02EB001090F82100012800D101E0BC
:108A50004FF0FF3008449D4941F8240064E10121B2
:108A60002046FFF799FE00BF00BF00BF00BF00BF58
:108A700000212046FFF790FE944850F8241004EBA4
:108A800044008F4A02EB001090F82100012802D127
:108A900003E043E006E04FF0FF3008448B4941F823
:108AA000240041E1012CA7D18D48007838B904EBAE
:108AB0004400834901EB001090F8220038B104EB28
:108AC00044007F4901EB001090F8220000B301211F
:108AD0002046FFF761FE00BF00BF00BF00BF00BF20
:108AE00000212046FFF758FE784850F8241004EB88
:108AF0004400734A02EB001090F82100012800D1D5
:108B000001E04FF0FF300844704941F824000BE1C8
:108B100000206F4908556F49085505E171480078F4
:108B2000012874D170480078012870D104EB44000A
:108B3000634901EB001090F8220028B16B480078DF
:108B400050B16B48007838B104EB44005C4901EB4C
:108B5000001090F82200C0BB6548007838B904EBDB
:108B60004400574901EB001090F8220040B904EB93
:108B70004400534901EB001090F82200002890D1E6
:108B80005C480078012811D104EB44004C4901EB0A
:108B9000001090F82100012801D1801E00E0012082
:108BA00055490968084454490860BDE053480078B5
:108BB000012811D104EB4400414901EB001090F869
:108BC0002100012802D1801E01E01CE001204A4959
:108BD000096808444849086048480078022810D1CC
:108BE00004EB4400364901EB001090F82100012805
:108BF00000D101E04FF0FF303F49096808443E4989
:108C0000086091E003E00020314908558CE03548C8
:108C1000007868BB34480078012829D134480078AE
:108C200038B904EB4400264901EB001090F822000B
:108C300038B104EB4400224901EB001090F8220007
:108C4000E0B304EB44001E4901EB001090F8210052
:108C5000012800D101E04FF0FF302749096808449E
:108C60002549086008460068184941F824005BE07F
:108C70001E48007838B904EB4400114901EB00109C
:108C800090F8220038B904EB44000D4901EB0010C4
:108C900090F8220098B901212046FFF77DFD00BF22
:108CA00000BF00BF00BF00BF00212046FFF774FDDA
:108CB000064850F8241004EB440021E034E02EE094
:108CC000A45C0020C4020020A0010020945D0020CC
:108CD000280400202D04002094000020AC01002076
:108CE0009F01002018000020190000209C01002096
:108CF0009D0100201A0000202404002036000020DE
:108D0000114A02EB001090F82100012800D101E087
:108D10004FF0FF3008440D4941F8240004E00020E2
:108D20000B4908550B49085504EB4400064901EB73
:108D30000010806A401C04EB4401034A02EB01115D
:108D4000886200BFC4E50000A45C0020945D0020A0
:108D5000280400202D0400200146044802689142A6
:108D600001D1012070470020FCE7000064020020D0
:108D700010B5FEF7F9FD0020064908700649087095
:108D8000FFF770FA05480078FEF7F4FE0120FCF7C3
:108D9000F9FE10BD5C0400205D0400205E0400208C
:108DA00010B5002003490870034908700120FFF73F
:108DB00059FA10BD5C0400205D04002070B52DED53
:108DC000068BFDF753F80020FCF76EFE0125754871
:108DD00005700078FEF7CEFE0120FCF7D3FE0024DC
:108DE0001AE02046FFF7FAFC10EE106A3046F7F75B
:108DF000F1FB41EC1A0B53EC1A2B9FED6B0B51EC72
:108E0000100BF7F733FB41EC190BF7F727FC684918
:108E100041F82400601CC4B2052CE2DB4FF4FA7068
:108E2000644908604860322088604FF4FA70C86076
:108E3000086100243CE02046FFF7D0FCDFED5E0A2D
:108E400080EE801ABCEEC10A10EE100A594951F8A2
:108E5000241088420DD22046FFF7C0FCDFED560AF1
:108E600080EE801ABCEEC10A10EE100A514941F89A
:108E700024002046FFF7B2FC4E4850F8240000EED4
:108E8000900AF8EE600A20EE200ABCEEC00A10EE4E
:108E9000100A4A4941F82400084650F824004FF0CF
:108EA000FF31B1FBF0F0464941F82400601CC4B228
:108EB000052CC0DB4FF4FA70424908600846006890
:108EC00042F21071884202D908463E4908604FF4C8
:108ED000FA703D4908600846006842F21071884205
:108EE00002D908463849086010203849088048806F
:108EF000B2EE040A364880ED000AB2EE040A80EDB4
:108F0000010AB2EE040A80ED020AB3EE0E0A80ED09
:108F1000030AB3EE0E0A80ED040A9FED2E8ADFED00
:108F20002E8A9FED2E0A2E4880ED000AB0EE000A30
:108F30002C4880ED000A04202B4908600846006890
:108F4000402801DD00200860012028490870487091
:108F5000274890ED260A274880ED000A244890ED26
:108F6000320A244880ED010A01202349087008468E
:108F7000007848707F20214908700020204908703F
:108F8000B7EE000A1F4880ED000A1F480078F0EE97
:108F9000680AB0EE480AFEF713F9FFF7C9F8BDEC0E
:108FA000068B70BD5E040020000000000000F03F52
:108FB000A85D0020C8150020F0FF7F49F0150020B3
:108FC00054160020EC020020F0020020680200206D
:108FD000DC15002096430B3CBC74133C0AD7A33C21
:108FE00018030020F8020020FC0200206C02002080
:108FF000A45C002070020020610400205F040020B7
:1090000054040020580400206404002010B5FA48DD
:109010000078842800D200E0F5E3810079444968B3
:109020008F440000100200001202000064020000E1
:10903000CC02000030030000000400000204000025
:1090400004040000820400008A040000920400006E
:10905000B6040000C40400004E05000056050000E0
:109060007A05000088050000B00B000094050000A0
:109070001806000020060000280600004C0600002C
:109080005A060000E4060000EC060000100700008D
:109090001E070000B00B00002A070000AE0700000A
:1090A000B6070000BE0700001C0800002A080000E8
:1090B000B4080000BC080000E0080000EE08000052
:1090C000B00B0000FA0800007E09000086090000CD
:1090D0008E090000B2090000C00900004A0A000021
:1090E000520A0000760A0000840A0000B00B00005B
:1090F000B00B0000B00B0000B00B0000B00B000084
:10910000B00B0000B00B0000B00B0000B00B000073
:10911000B00B0000B00B0000B00B0000B00B000063
:10912000B00B0000B00B0000B00B0000B00B000053
:10913000B00B0000B00B0000B00B0000B00B000043
:10914000B00B0000B00B0000B00B0000B00B000033
:10915000B00B0000B00B0000B00B0000B00B000023
:10916000B00B0000B00B0000B00B0000B00B000013
:10917000B00B0000B00B0000B00B0000B00B000003
:10918000B00B0000B00B0000B00B0000B00B0000F3
:10919000B00B0000B00B0000B00B0000B00B0000E3
:1091A000B00B0000B00B0000B00B0000B00B0000D3
:1091B000B00B0000B00B0000900A0000980A0000FD
:1091C000A00A0000A80A0000B00A0000B80A0000C7
:1091D000C00A0000C80A0000D00A0000D20A00003D
:1091E000D40A0000D60A0000D80A0000E00A0000F5
:1091F000E80A0000F00A0000F80A0000000B000076
:10920000080B0000100B0000180B00001A0B0000E8
:109210001C0B00001E0B0000200B0000BA03000016
:10922000F8030000220B0000320B0000AC0B000022
:10923000AE0B000001E24FF400717048F8F797FBA5
:1092400080B940216E48F8F79BFB00206D490870FB
:109250006D49086002206849087002216748F8F7E4
:109260008FFB10E040216648F8F78CFB0120654930
:10927000087000206449086003205F4908700221DB
:109280005E48F8F77DFBD5E76048007818BB802181
:109290005B48F8F775FB01205C4908705A48006884
:1092A000B0F5805F23DB0020574908604FF4007160
:1092B0005248F8F75CFB18B97E204F49087016E059
:1092C00040214F48F8F75EFB01204E49087003200B
:1092D000494908700BE080214948F8F753FB00200A
:1092E0004A49087048480068401C47490860A1E79F
:1092F0004648007808BB80214148F8F741FB01202F
:109300004249087040480068B0F5804F05DA4FF4D4
:1093100000713A48F8F72BFBD8B93B480068B0F524
:10932000804F03DB7E203449087002E0042032497C
:1093300008700020344908600BE080213048F8F7BD
:1093400021FB0020314908702F480068401C2E493D
:1093500008606FE700202E49086002212748F8F7CF
:1093600011FB0020284908602A48007801280AD10A
:1093700002212248F8F706FB7F201F4908700020D1
:10938000244908702AE024480078052824D2DFE820
:1093900000F003070E151C000C20174908701CE094
:1093A00000201D49087007201349087015E00020AF
:1093B000194908701220104908700EE00020164963
:1093C00008701D200C49087007E000201249087041
:1093D00028200949087000E000BF00BFFBE302211C
:1093E0000648F8F7CFFA40210448F8F7CBFA2021D5
:1093F0000248F8F7C5FAEEE3B0010020000C014086
:10940000000801401A020020E0010020E4010020D1
:10941000E8010020980000201B0200200020FA49EB
:109420000870D8E3D7E3D6E30221F848F8F7A8FAA2
:10943000F748006838B90221F448F8F7A3FA082081
:10944000F44908702EE0F448007838B98021F348D8
:10945000F8F796FA0120F049087023E08021EF48E0
:10946000F8F790FA0020EC490870E94800680028F5
:109470000CDA4021E948F8F785FA0120E84908703C
:10948000E3480068401CE24908600BE04021E348E3
:10949000F8F776FA0020E2490870DD480068401EBF
:1094A000DB49086097E30920DA49087093E3052057
:1094B000D84908708FE30020DA490860DA48D0ED17
:1094C000000ADA4890ED000AFCF778FF0020D8493E
:1094D00008700B20CF4908707DE3FCF74BFF10B9F3
:1094E0000D20CC49087076E30221C848F8F748FA05
:1094F000C7480068B0F5006F0AD10221C348F8F7E9
:1095000041FA0020CB4908600D20C24908702FE0C5
:10951000C148007838B98021C048F8F731FA0120F5
:10952000BD49087024E08021BC48F8F72BFA0020E0
:10953000B9490870B6480068B0F5006F0CDA4021F0
:10954000B648F8F71FFA0120B5490870B04800681E
:10955000401CAF4908600BE04021B048F8F710FA12
:109560000020AF490870AA480068401EA84908605A
:1095700031E30520A74908702DE30020A9490860C0
:10958000AD48D0ED000AAD4890ED000AFCF716FF9B
:109590000020A84908600F209E4908701BE3FCF7D3
:1095A000E9FE10B910209B49087014E3FCF7BCFBDE
:1095B0000520984908700EE302219448F8F7E0F975
:1095C00093480068B0F5805F07D102218F48F8F713
:1095D000D9F913208F4908702FE08F48007838B9E7
:1095E00080218E48F8F7CCF901208B49087024E0DF
:1095F00080218A48F8F7C6F9002087490870844816
:109600000068B0F5805F0CDA40218448F8F7BAF9B9
:109610000120834908707E480068401C7C4908602E
:109620000BE040217D48F8F7ABF900207C49087039
:1096300077480068401E76490860CCE214207549DE
:109640000870C8E2052073490870C4E2002075491B
:1096500048607548D0ED000A744890ED000AFCF7A8
:10966000ADFE00207249087016206A490870B2E207
:10967000FCF780FE10B9182066490870ABE20221A1
:109680006248F8F77DF962480068B0F5C05F0AD11A
:1096900002215E48F8F776F9002066490860182034
:1096A0005C4908702FE05C48007838B980215B483D
:1096B000F8F766F901205849087024E080215748DE
:1096C000F8F760F900205449087051480068B0F577
:1096D000C05F0CDA40215148F8F754F90120504995
:1096E00008704B480068401C494908600BE0402165
:1096F0004A48F8F745F9002049490870444800688D
:10970000401E4349086066E205204249087062E253
:109710000020444948604848D0ED000A474890ED91
:10972000000AFCF74BFE0020424908601A20394924
:10973000087050E2FCF71EFE10B91B203549087076
:1097400049E2FCF7F1FA05203249087043E20221B0
:109750002E48F8F715F92E480068B0F5005F07D1DC
:1097600002212A48F8F70EF91E202A4908702FE036
:109770002948007838B980212848F8F701F90120F4
:109780002549087024E080212448F8F7FBF80020E0
:10979000214908701E480068B0F5005F0CDA4021CE
:1097A0001E48F8F7EFF801201D49087018480068B6
:1097B000401C174908600BE040211848F8F7E0F812
:1097C00000201749087012480068401E10490860C0
:1097D00001E21F200F490870FDE105200D490870C6
:1097E000F9E100200F4988600F48D0ED000A0F48CA
:1097F00090ED000AFCF7E2FD00200D4908702120E1
:1098000004490870E7E1E5E198000020000C014000
:10981000E0010020B0010020E40100200008014028
:109820001A0200202C150020EC000020E40000208B
:1098300058010020E8010020E8000020E00000209E
:10984000FCF798FD10B92320E4490870C3E1022118
:10985000E348F8F795F8E3480068B0F5205F0AD1CF
:109860000221DF48F8F78EF80020DF490860232046
:10987000DA4908702FE0DD48007838B98021DC48EB
:10988000F8F77EF80120D949087024E08021D848F3
:10989000F8F778F80020D5490870D2480068B0F58C
:1098A000205F0CDA4021D248F8F76CF80120D1494A
:1098B0000870CC480068401CCA4908600BE0402191
:1098C000CB48F8F75DF80020CA490870C548006821
:1098D000401EC44908607EE10520C04908707AE155
:1098E0000020C5498860C548D0ED000AC44890ED05
:1098F000000AFCF763FD0020BB4908602520B7493A
:10990000087068E1FCF736FD10B92620B3490870ED
:1099100061E1FCF709FA0520B04908705BE102211A
:10992000AF48F8F72DF8AF480068B0F5405F07D1B1
:109930000221AB48F8F726F82920A84908702FE043
:10994000AA48007838B98021A948F8F719F8012009
:10995000A649087024E08021A548F8F713F80020F4
:10996000A24908709F480068B0F5405F0CDA4021BA
:109970009F48F8F707F801209E4908709948006849
:10998000401C984908600BE040219948F7F7F8FF20
:1099900000209849087093480068401E914908606B
:1099A00019E12A208D49087015E105208B490870BE
:1099B00011E100209049C8609248D0ED000A924819
:1099C00090ED000AFCF7FAFC0020904908702C206A
:1099D00082490870FFE0FCF7CDFC10B92E207F49CA
:1099E0000870F8E002217E48F7F7CAFF7D4800685A
:1099F000B0F5605F0AD102217948F7F7C3FF002074
:109A0000794908602E20754908702FE07748007862
:109A100038B980217648F7F7B3FF01207349087001
:109A200024E080217248F7F7ADFF00206F490870ED
:109A30006C480068B0F5605F0CDA40216C48F7F7BD
:109A4000A1FF01206B49087066480068401C654909
:109A500008600BE040216648F7F792FF0020654957
:109A6000087060480068401E5E490860B3E0052049
:109A70005A490870AFE000205F49C8605F48D0EDE8
:109A8000000A5F4890ED000AFCF798FC0020564958
:109A900008603020514908709DE0FCF76BFC10B95C
:109AA00031204E49087096E0FCF73EF905204B49FD
:109AB000087090E00120564908708CE0012054495C
:109AC000487088E001205249887084E001205049A4
:109AD000C87080E001204E4908707CE001204C49AC
:109AE000487078E001204A49887074E001204849B4
:109AF000C87070E06FE06EE06DE06CE001204449FA
:109B0000087068E001204249487064E00120404943
:109B1000887060E001203E49C8705CE001203C494B
:109B2000087058E001203A49487054E00120384953
:109B3000887050E001203649C8704CE04BE04AE0A4
:109B400049E048E047E002212548F7F719FF812066
:109B5000224908703FE0234800682E49096888427E
:109B600004D102211E48F7F70DFF30E01F480078AE
:109B700038B980211E48F7F703FF01201B49087000
:109B800025E080211A48F7F7FDFE002017490870EC
:109B9000144800681F49096888420CDA40211448BB
:109BA000F7F7F0FE0120134908700E480068401CCA
:109BB0000C4908600BE040210D48F7F7E1FE00205A
:109BC0000C49087007480068401E0649086002E01A
:109BD00001E000E000BF00BF10BD0000B0010020A8
:109BE000000C0140E0010020E8010020E401002019
:109BF000000801401A0200202C150020E800002077
:109C0000E0000020EC000020E400002058010020CB
:109C1000D5010020DC00002038B504460D46174869
:109C2000844211D101210420F8F740F90420ADF855
:109C3000000018208DF8030003208DF8020069460B
:109C40000F48F7F709FE13E00E48844210D10121B6
:109C50001020F8F72BF91020ADF8000018208DF82F
:109C6000030003208DF8020069460748F7F7F4FD6A
:109C70002946204600F00AF838BD000000440040A4
:109C800000080140005401400010014070B5064634
:109C90000C460025072205212846FCF723FC054633
:109CA000072200212846FCF71DFC054604F07F0131
:109CB00007222846FCF716FC054640213046F8F7F7
:109CC000B3FE05213046F8F788FF00BF402130463B
:109CD000F8F7EDFE0028F9D000213046F8F77DFFB7
:109CE00000BF40213046F8F7E2FE0028F9D004F02A
:109CF0007F013046F8F771FF00BF40213046F8F78A
:109D0000D6FE0028F9D029463046F8F766FF00BF96
:109D100040213046F8F7CBFE0028F9D070BD2DE980
:109D2000F04107460D46144600260722052130461D
:109D3000FCF7D8FB0646072200213046FCF7D2FB91
:109D4000064645F0800107223046FCF7CBFB06466D
:109D5000210E07223046FCF7C5FB06460722C4F356
:109D600007413046FCF7BEFB06460722C4F3072135
:109D70003046FCF7B7FB0646E1B207223046FCF757
:109D8000B1FB064640213846F8F74EFE052138461D
:109D9000F8F723FF00BF40213846F8F788FE002877
:109DA000F9D000213846F8F718FF00BF40213846A7
:109DB000F8F77DFE0028F9D045F080013846F8F725
:109DC0000CFF00BF40213846F8F771FE0028F9D09B
:109DD0004FF6FF7000EA24613846F8F7FEFE00BF38
:109DE00040213846F8F763FE0028F9D04FF6FF709F
:109DF00000EA24413846F8F7F0FE00BF402138461B
:109E0000F8F755FE0028F9D0C4F30F213846F8F7CB
:109E1000E4FE00BF40213846F8F749FE0028F9D09B
:109E2000E1B23846F8F7D9FE00BF40213846F8F7CE
:109E30003EFE0028F9D031463846F8F7CEFE00BF86
:109E400040213846F8F733FE0028F9D0BDE8F0810C
:109E500010B504460E48007800B110BD4FF4006103
:109E60000C48F7F78FFD22460BA10C48FAF756FB7A
:109E70000A48F6F7DBF90A49086008460068C1B2EB
:109E80000648FBF793FE00200549086000BFE4E7A1
:109E9000060100200008014025730000C8110020C1
:109EA0002401002000000000010203040102030459
:109EB0000607080901020406080A0C1020202020C9
:109EC00020202020010002000400060008000A00F3
:109ED0000C00100020004000800000010001000183
:109EE00000010001004040404040404040404141AE
:109EF000414141404040404040404040404040405F
:109F000040404040400502020202020202020202F8
:109F100002020202022020202020202020202002F5
:109F20000202020202029090909090901010101085
:109F30001010101010101010101010101010101021
:109F400002020202020288888888888808080808B5
:109F50000808080808080808080808080808080881
:109F60000202020240000000E59E01084631332053
:109F70006F6B2E204646535F73746174653A2025DB
:109F8000642073696C6B5F73746174653A20256437
:109F9000206368616E3A202564206666735F63689B
:109FA000616E6E656C735F696E736572743A2025BD
:109FB00064207374616C6C5F73746174653A2025FE
:109FC00064206A696E73695F47434F4E463A2025A5
:109FD000303278253032782530327825303278208A
:109FE0007169656875616E5F47434F4E463A20253B
:109FF0003032782530327825303278253032780D7D
:10A000000A00000024A001080000002090040000C5
:10A01000440F0108D0A0010890040020087000003F
:10A020004049010841230F2F23781B031620CB0240
:10A03000440212656201A3803F03207A44023CFF80
:10A04000C2081A166C290481598F910253031A0110
:10A0500001011A8ECDCC4C3E55EA3901C93F091792
:10A060000D09116112590C198F011E6E0162C9BDD3
:10A07000011E0A1563040923685901012002230106
:10A0800009222481ED75637C14042330752904238F
:10A0900058024B800C04513C0801405C1908191B04
:10A0A0003908021420099E28011F1ABC3D1A5E4976
:10A0B0001A58083CA08601046123803F12012A1F20
:10A0C0000501176DFFFFFF3F041144449508000090
:040000050801019954
:00000001FF
